model_year,origin,fuel_type,drivetrain,num_doors,engine_displacement,num_cylinders,horsepower,vehicle_weight,acceleration,fuel_efficiency_mpg
2006,Europe,Gasoline,Front-wheel drive,4,2180,6,243,3870,,31.9
2008,Europe,Diesel,Front-wheel drive,4,2390,6,272,4210,,31.3
1996,Asia,Gasoline,Front-wheel drive,5,2320,6,267,4240,17.3,27.5
1989,Europe,Gasoline,Front-wheel drive,4,2130,6,258,4490,18.7,28.5
1994,USA,Diesel,Front-wheel drive,3,2580,7,304,4510,17.5,31.0
2007,USA,Hybrid,Front-wheel drive,2,2290,6,266,4260,18.8,31.2
1992,Asia,Gasoline,Front-wheel drive,2,2270,6,250,4310,21.7,26.8
2005,USA,Gasoline,Front-wheel drive,4,2370,6,279,4090,17.4,30.2
1997,Asia,Gasoline,Rear-wheel drive,3,2330,6,251,4230,19.5,30.9
2004,USA,Diesel,All-wheel drive,5,2330,6,280,4620,17.7,31.2
1978,Asia,Gasoline,All-wheel drive,3,2410,6,,4420,19.5,26.8
1996,Europe,Diesel,Front-wheel drive,4,2240,6,250,3980,16.7,31.4
1983,USA,Diesel,Front-wheel drive,3,2370,7,,4390,20.7,30.4
2024,USA,Gasoline,Rear-wheel drive,4,2440,6,277,4790,20.2,30.2
2015,USA,Gasoline,Front-wheel drive,5,1900,6,202,4070,18.7,32.8
2007,Asia,Diesel,Front-wheel drive,4,2170,5,226,3950,18.0,35.4
2021,Asia,Gasoline,All-wheel drive,5,2280,6,234,4750,20.1,29.7
2021,USA,Gasoline,Rear-wheel drive,5,2540,7,299,4690,17.9,30.2
1995,USA,Gasoline,Front-wheel drive,2,2490,6,264,4230,17.7,28.5
2006,USA,Gasoline,All-wheel drive,4,2320,6,251,4410,15.8,31.4
2020,USA,Gasoline,Rear-wheel drive,4,2300,6,260,4600,19.6,30.1
2016,USA,Gasoline,Front-wheel drive,2,2410,7,291,4510,19.4,28.0
2019,Asia,Gasoline,Front-wheel drive,5,2350,6,246,4450,18.7,32.7
1994,Asia,Gasoline,Rear-wheel drive,4,2610,8,302,4440,17.1,26.6
2021,Europe,Gasoline,Front-wheel drive,3,2160,6,258,4180,20.4,31.5
2012,Asia,Diesel,Rear-wheel drive,2,2240,6,249,4210,18.0,33.8
1990,Europe,Gasoline,Front-wheel drive,3,2330,7,254,4040,18.8,28.6
2021,Europe,Gasoline,Rear-wheel drive,3,2440,6,265,4500,20.6,31.0
2006,USA,Gasoline,Front-wheel drive,2,2260,6,249,4130,18.6,30.7
2020,Europe,Hybrid,Front-wheel drive,2,2010,6,216,3820,18.2,36.9
2021,USA,Diesel,Rear-wheel drive,3,2460,7,294,4630,18.6,30.7
1993,Asia,Gasoline,Front-wheel drive,5,2290,6,240,4230,18.7,28.0
1978,USA,Gasoline,Rear-wheel drive,3,2080,6,,4350,16.8,24.1
2017,USA,Diesel,Front-wheel drive,4,2070,5,255,4200,20.2,35.4
1976,Asia,Gasoline,Rear-wheel drive,3,2620,7,273,4910,20.5,25.3
1977,Asia,Gasoline,Rear-wheel drive,5,2560,7,277,4570,21.3,26.8
2005,USA,Gasoline,Front-wheel drive,5,2390,7,264,4540,21.1,29.5
1983,Europe,Gasoline,Rear-wheel drive,2,2420,6,254,4360,19.5,28.2
1994,Asia,Hybrid,Rear-wheel drive,3,2330,6,258,4540,19.0,30.2
1994,Asia,Gasoline,Front-wheel drive,3,2390,6,,4300,18.2,33.5
2002,USA,Gasoline,Rear-wheel drive,2,2330,6,270,4580,18.1,27.6
1994,USA,Gasoline,Front-wheel drive,5,2200,6,262,4520,17.9,27.5
2007,USA,Gasoline,Rear-wheel drive,3,2530,6,296,4440,18.8,26.4
2023,Asia,Diesel,Rear-wheel drive,2,2290,6,239,4250,19.5,35.2
1975,Asia,Gasoline,Front-wheel drive,2,2370,6,248,4310,18.3,28.4
2015,Asia,Gasoline,Rear-wheel drive,3,2530,6,282,4430,17.1,29.2
1983,Europe,Gasoline,Rear-wheel drive,4,2130,6,,4360,20.9,29.7
1977,USA,Gasoline,Front-wheel drive,4,2360,6,,4190,20.1,23.8
2020,Europe,Diesel,Front-wheel drive,2,2270,7,238,4060,17.5,37.1
1982,USA,Gasoline,Rear-wheel drive,3,2340,6,,4490,18.8,24.4
2021,Europe,Gasoline,Rear-wheel drive,4,2260,6,239,4190,16.7,33.2
2006,Europe,Hybrid,Rear-wheel drive,5,2150,6,231,4150,19.4,36.6
1996,Asia,Diesel,Rear-wheel drive,3,2500,7,289,4640,20.7,30.9
1979,USA,Gasoline,Rear-wheel drive,2,2330,6,264,4400,20.4,24.5
2003,Asia,Gasoline,Front-wheel drive,4,2400,6,232,4320,20.6,29.6
2004,USA,Hybrid,All-wheel drive,3,2740,7,321,5010,20.6,29.7
2014,USA,Gasoline,Rear-wheel drive,2,2140,6,235,3990,19.1,26.8
1985,USA,Gasoline,Front-wheel drive,4,2240,6,257,4280,18.3,30.1
1990,USA,Hybrid,Front-wheel drive,5,2190,6,284,4170,19.5,33.6
1984,Europe,Diesel,Front-wheel drive,4,1980,6,233,4190,19.3,31.3
1986,Asia,Diesel,Front-wheel drive,3,2180,5,235,3840,16.1,27.1
1978,Asia,Hybrid,Front-wheel drive,3,1960,6,198,3770,19.4,35.8
1995,Asia,Diesel,Front-wheel drive,4,2080,6,250,3950,19.8,31.0
1999,Asia,Gasoline,Rear-wheel drive,4,2100,6,221,4370,18.2,29.7
1997,Europe,Diesel,Front-wheel drive,3,2070,6,234,3790,19.4,36.7
2018,Asia,Gasoline,Front-wheel drive,2,2180,6,254,3970,18.3,35.6
1978,USA,Gasoline,Front-wheel drive,4,2560,6,290,4330,19.2,23.5
1998,Asia,Gasoline,Front-wheel drive,3,1890,5,219,3940,17.8,31.6
1988,Asia,Gasoline,Front-wheel drive,2,2420,6,263,4220,19.3,27.3
2001,USA,Gasoline,Front-wheel drive,4,2270,6,256,4000,17.2,33.0
1997,Asia,Diesel,Front-wheel drive,5,2310,6,267,4100,20.0,33.9
2015,USA,Gasoline,Rear-wheel drive,4,2160,6,254,4350,18.1,28.9
2019,Asia,Gasoline,Front-wheel drive,2,2150,6,264,3860,19.7,31.7
1981,Asia,Gasoline,Front-wheel drive,2,1910,5,210,3580,18.9,33.1
1978,Europe,Gasoline,Front-wheel drive,3,2240,6,252,4190,21.2,30.4
1990,USA,Gasoline,Front-wheel drive,4,2100,6,,4020,19.7,28.7
1984,USA,Gasoline,All-wheel drive,4,2300,6,261,4590,19.4,24.3
2008,Asia,Gasoline,Front-wheel drive,3,2280,6,,4200,17.1,31.5
2016,Asia,Diesel,All-wheel drive,3,2110,6,249,4240,16.1,33.0
1995,USA,Gasoline,Rear-wheel drive,4,2350,7,296,4540,19.2,23.2
1998,Asia,Diesel,Front-wheel drive,4,2310,6,270,4270,18.5,29.7
2024,Europe,Hybrid,Rear-wheel drive,4,2450,6,268,4420,,34.3
2000,USA,Diesel,Rear-wheel drive,4,2650,7,283,4980,20.9,24.4
2019,Asia,Gasoline,All-wheel drive,3,2220,6,237,4370,17.7,30.8
1999,Asia,Gasoline,Front-wheel drive,3,2020,6,226,3810,17.2,31.3
1992,Europe,Diesel,All-wheel drive,4,2610,7,298,4760,18.9,26.5
2001,Europe,Gasoline,All-wheel drive,4,2550,6,258,4610,18.6,28.7
1979,Asia,Diesel,Rear-wheel drive,4,2330,6,278,4290,19.5,31.4
1998,Europe,Gasoline,Rear-wheel drive,4,2430,7,272,4470,17.9,26.9
1981,Europe,Diesel,Rear-wheel drive,3,2500,6,,4360,17.6,28.8
2015,USA,Gasoline,Rear-wheel drive,4,2100,5,216,4200,18.5,30.6
1984,Asia,Gasoline,Rear-wheel drive,4,2470,7,,4600,21.5,26.2
1988,USA,Gasoline,Front-wheel drive,3,2290,6,237,4080,17.2,30.8
1999,USA,Gasoline,Front-wheel drive,3,2170,6,249,4190,19.1,29.5
2013,USA,Hybrid,Front-wheel drive,4,2250,6,246,4140,19.9,35.7
1997,Asia,Gasoline,Front-wheel drive,3,2450,6,280,4540,18.7,28.6
1982,Europe,Gasoline,All-wheel drive,2,2370,6,237,4560,19.8,28.8
2003,USA,Gasoline,All-wheel drive,3,2140,5,229,4190,17.0,26.5
2018,Asia,Gasoline,Front-wheel drive,3,2290,6,250,4140,19.4,31.1
1976,Europe,Gasoline,Front-wheel drive,3,2290,6,,4230,18.4,26.6
2020,Asia,Gasoline,Front-wheel drive,3,1960,6,241,3850,18.2,34.3
2010,USA,Gasoline,Front-wheel drive,3,2450,7,280,4460,18.5,29.3
1993,Europe,Gasoline,Rear-wheel drive,4,2290,6,251,4220,18.9,29.8
2011,USA,Gasoline,Rear-wheel drive,5,2090,6,244,4380,18.2,29.6
2023,USA,Hybrid,Rear-wheel drive,4,2010,6,232,4070,20.4,34.6
1978,Europe,Gasoline,Rear-wheel drive,2,2190,6,245,4180,17.6,27.3
1983,Europe,Gasoline,Rear-wheel drive,2,2430,7,261,4080,17.2,26.6
2023,Europe,Gasoline,Front-wheel drive,4,2200,6,228,4060,18.1,31.5
1989,USA,Diesel,Front-wheel drive,3,2070,6,255,4200,19.5,30.7
2014,USA,Gasoline,Rear-wheel drive,2,2310,6,269,4220,17.5,30.7
1987,USA,Gasoline,Front-wheel drive,2,2380,6,266,4140,19.0,28.8
1976,USA,Gasoline,Front-wheel drive,3,2230,6,,4280,19.9,25.0
1979,USA,Gasoline,Front-wheel drive,3,2320,6,,4180,18.3,26.3
1997,Asia,Gasoline,Front-wheel drive,2,1820,5,219,3620,18.9,30.5
2009,USA,Gasoline,Front-wheel drive,4,2290,6,250,4320,17.6,28.8
1998,Asia,Gasoline,Rear-wheel drive,3,2180,6,237,4260,17.2,26.1
1987,USA,Gasoline,Front-wheel drive,2,2260,6,247,4310,20.5,29.4
1984,USA,Hybrid,Front-wheel drive,5,2510,6,,4160,17.2,31.1
2018,USA,Gasoline,Front-wheel drive,4,2330,7,261,4290,17.9,30.2
1991,Asia,Hybrid,Rear-wheel drive,3,2180,5,254,4090,19.6,32.7
1987,Asia,Diesel,All-wheel drive,4,2370,6,278,4710,21.2,25.8
2010,USA,Gasoline,Rear-wheel drive,2,2510,7,298,4560,19.0,26.5
1977,Asia,Gasoline,Rear-wheel drive,2,2230,6,236,4380,19.8,28.2
1998,Asia,Gasoline,Front-wheel drive,3,2200,6,236,4050,18.7,30.5
2024,Asia,Gasoline,Front-wheel drive,4,2370,6,244,4360,17.0,34.0
1983,Asia,Gasoline,Front-wheel drive,4,2380,6,249,4310,18.8,29.2
2000,Europe,Diesel,All-wheel drive,5,1960,6,259,4300,19.6,31.3
1983,Asia,Hybrid,All-wheel drive,3,2310,6,,4380,18.7,31.4
2016,USA,Diesel,Rear-wheel drive,4,2440,6,267,4480,18.2,29.9
1984,USA,Hybrid,Front-wheel drive,4,2210,6,,4490,18.0,32.3
1999,USA,Gasoline,Front-wheel drive,3,2140,6,247,3990,20.0,30.8
2021,USA,Gasoline,All-wheel drive,4,2310,6,256,4640,18.4,28.5
2024,Europe,Gasoline,Front-wheel drive,4,1920,5,200,3970,19.3,35.3
2012,Europe,Gasoline,Front-wheel drive,3,2020,5,210,3700,18.7,34.2
1986,Asia,Gasoline,Front-wheel drive,4,2310,6,224,4140,21.0,30.1
1982,Asia,Gasoline,Front-wheel drive,2,2290,6,,3960,17.8,26.4
1990,Europe,Gasoline,All-wheel drive,5,2370,6,245,4740,19.7,25.9
2010,Asia,Gasoline,Rear-wheel drive,5,2330,6,250,4530,20.0,27.7
1975,USA,Gasoline,Front-wheel drive,5,2500,7,275,4330,18.9,29.2
1981,Europe,Diesel,All-wheel drive,5,2280,6,267,4540,18.4,28.4
2022,USA,Gasoline,All-wheel drive,5,2390,7,289,4610,18.1,31.6
2019,Europe,Gasoline,Front-wheel drive,4,2270,6,237,4140,16.5,30.1
2019,Europe,Gasoline,Front-wheel drive,5,2620,7,282,4730,,31.5
2001,USA,Diesel,All-wheel drive,5,2270,6,279,4330,18.7,26.7
2001,Europe,Diesel,Rear-wheel drive,2,2200,6,260,4340,16.0,30.9
2012,Asia,Gasoline,Rear-wheel drive,4,2370,6,249,4740,20.0,30.0
2023,Europe,Gasoline,Rear-wheel drive,5,2340,6,263,4480,20.4,30.6
1977,USA,Hybrid,Front-wheel drive,2,2100,6,,4020,19.8,34.4
2019,Asia,Diesel,Front-wheel drive,2,2100,6,239,3800,17.6,36.6
2023,USA,Gasoline,All-wheel drive,3,2430,6,271,4260,16.7,30.4
1983,USA,Hybrid,Front-wheel drive,4,2580,6,,4580,18.7,30.7
1994,USA,Diesel,Front-wheel drive,3,2140,7,285,4330,17.3,29.8
2023,Europe,Gasoline,Front-wheel drive,4,2270,6,242,4070,18.0,31.7
2005,Asia,Diesel,Rear-wheel drive,5,2470,7,295,4760,19.2,30.0
2010,USA,Gasoline,Front-wheel drive,3,2360,6,246,4240,19.7,31.7
2024,Europe,Gasoline,Front-wheel drive,4,2120,5,229,4100,18.4,33.7
1990,Europe,Hybrid,Rear-wheel drive,5,2190,6,256,4350,20.3,35.0
2008,Europe,Gasoline,Front-wheel drive,4,2200,6,243,4000,19.0,34.5
2008,Asia,Hybrid,Front-wheel drive,3,2040,5,213,3830,19.7,34.8
1987,USA,Gasoline,All-wheel drive,2,2230,6,258,4520,19.6,25.6
1992,Asia,Gasoline,Front-wheel drive,3,2010,5,216,3750,20.1,32.8
2000,Europe,Diesel,Front-wheel drive,4,2400,6,253,4480,19.3,32.5
1993,USA,Gasoline,All-wheel drive,4,2160,6,248,4680,20.2,26.0
1989,Europe,Gasoline,Front-wheel drive,3,2380,6,260,4130,20.2,31.3
1978,Europe,Gasoline,Front-wheel drive,3,2130,6,,4150,19.7,29.8
1990,USA,Diesel,Front-wheel drive,3,2280,6,279,4350,18.4,31.2
1984,Europe,Hybrid,Front-wheel drive,3,2250,6,,4330,,31.8
1982,Asia,Gasoline,All-wheel drive,2,2290,6,260,4380,16.7,26.7
2005,USA,Gasoline,Front-wheel drive,4,2120,6,241,4030,18.4,31.4
2023,Europe,Gasoline,Front-wheel drive,3,2360,6,244,4090,18.3,31.6
2000,USA,Hybrid,All-wheel drive,4,2610,7,297,4890,18.7,27.8
1975,Asia,Gasoline,Front-wheel drive,3,2420,6,,4600,20.7,29.9
2018,Asia,Gasoline,All-wheel drive,3,2160,5,237,4360,17.4,31.4
1982,Europe,Gasoline,Rear-wheel drive,3,2150,6,,3840,18.1,29.4
1978,USA,Gasoline,Rear-wheel drive,2,2420,6,,4470,18.9,26.0
1989,Europe,Diesel,Front-wheel drive,4,2020,5,251,3940,17.2,32.0
2002,Asia,Hybrid,Front-wheel drive,4,2320,6,247,4330,20.8,31.6
1993,Asia,Gasoline,All-wheel drive,5,2170,6,232,4330,18.6,29.8
2010,USA,Diesel,Front-wheel drive,4,2360,6,279,4410,19.2,30.2
2008,USA,Hybrid,Front-wheel drive,2,2260,7,264,4180,16.5,33.3
1993,USA,Gasoline,Rear-wheel drive,5,2390,6,266,4810,17.8,27.9
2000,Europe,Diesel,All-wheel drive,2,2250,6,237,4430,18.7,29.8
2000,USA,Gasoline,All-wheel drive,3,2090,6,257,4270,19.4,31.9
1978,USA,Gasoline,Front-wheel drive,3,2150,6,255,4060,18.4,27.7
2011,Asia,Gasoline,Rear-wheel drive,3,2090,6,252,4410,17.9,30.9
1990,USA,Gasoline,Rear-wheel drive,4,2100,6,219,4090,19.1,29.4
1990,Asia,Diesel,Front-wheel drive,4,2150,6,259,4010,19.8,32.0
1999,USA,Gasoline,Front-wheel drive,5,2210,6,259,4390,20.7,31.0
1989,USA,Gasoline,Rear-wheel drive,3,2150,6,246,4280,18.1,28.8
2020,Asia,Gasoline,Rear-wheel drive,5,2290,6,251,4450,19.0,33.8
1987,Europe,Gasoline,Front-wheel drive,5,2290,6,,4190,19.3,28.8
1986,USA,Diesel,Front-wheel drive,5,1910,5,220,3930,19.2,30.4
1998,Europe,Gasoline,Rear-wheel drive,5,1930,6,219,3960,18.4,33.7
2009,USA,Gasoline,Rear-wheel drive,4,2160,6,247,4220,19.1,30.5
2008,Europe,Gasoline,All-wheel drive,3,2330,6,258,4420,20.2,25.3
1986,USA,Gasoline,Rear-wheel drive,4,2430,6,269,4600,20.4,25.0
1994,USA,Gasoline,Front-wheel drive,2,2280,6,250,3960,17.9,30.0
1986,Europe,Gasoline,All-wheel drive,5,2250,6,230,4520,20.0,27.4
1998,USA,Gasoline,Rear-wheel drive,4,2290,6,261,4340,17.8,26.2
1979,USA,Hybrid,Front-wheel drive,3,2400,7,284,4520,18.1,30.6
2003,Asia,Diesel,All-wheel drive,3,2190,6,268,4440,17.4,30.2
1983,Europe,Gasoline,Front-wheel drive,3,1880,5,210,3800,20.0,27.4
2007,Asia,Hybrid,Front-wheel drive,4,2210,6,251,4170,18.4,35.6
1999,Asia,Gasoline,All-wheel drive,3,2310,6,245,4280,20.0,28.3
1991,Asia,Hybrid,Front-wheel drive,4,2410,6,262,4520,19.4,34.2
2014,Europe,Hybrid,Rear-wheel drive,5,2560,7,280,4980,21.2,32.2
2007,USA,Gasoline,Front-wheel drive,3,2500,7,287,4280,20.1,28.9
2020,Europe,Hybrid,Front-wheel drive,4,2250,6,247,4050,19.8,37.2
2019,USA,Gasoline,All-wheel drive,5,2310,6,258,4480,16.7,30.9
1991,USA,Diesel,Front-wheel drive,2,2290,7,278,4210,18.1,30.3
2017,USA,Gasoline,All-wheel drive,3,2450,6,268,4600,19.5,27.7
1980,USA,Gasoline,All-wheel drive,4,2230,6,,4690,22.2,22.3
2004,USA,Gasoline,Front-wheel drive,3,1960,6,238,3720,19.5,31.5
1990,Asia,Gasoline,Front-wheel drive,4,2480,7,277,4510,19.6,28.3
1984,USA,Gasoline,Front-wheel drive,4,2380,6,259,4620,19.6,26.9
2019,USA,Gasoline,Front-wheel drive,3,1780,5,230,3850,17.9,32.5
2008,Asia,Gasoline,Front-wheel drive,3,2160,5,230,4060,19.6,31.7
2011,USA,Gasoline,Front-wheel drive,2,2240,6,275,4180,19.4,28.7
2007,USA,Gasoline,Front-wheel drive,3,2360,7,270,4550,17.6,29.3
2018,Asia,Gasoline,Front-wheel drive,2,2220,6,233,3780,17.6,35.0
2018,Asia,Diesel,Front-wheel drive,4,2010,5,240,3720,18.8,35.9
2012,Asia,Gasoline,Front-wheel drive,4,2090,6,216,4040,18.8,34.0
1975,Europe,Gasoline,Front-wheel drive,4,2210,6,,4130,17.1,28.3
2023,USA,Gasoline,Front-wheel drive,4,2310,7,274,4320,17.6,29.7
2016,Asia,Gasoline,Rear-wheel drive,2,1930,5,226,3880,19.4,34.0
1983,USA,Diesel,Front-wheel drive,3,2340,6,,4710,20.7,28.1
2003,Europe,Gasoline,Rear-wheel drive,2,2500,7,273,4610,18.0,26.4
2011,Europe,Gasoline,Rear-wheel drive,3,2400,7,263,4390,17.7,29.4
2021,Asia,Diesel,Rear-wheel drive,5,1670,4,210,3730,18.7,39.1
2021,Europe,Gasoline,Front-wheel drive,3,2410,6,243,3950,19.0,31.0
1988,Europe,Diesel,Front-wheel drive,2,1950,5,220,3690,18.2,30.1
1980,Asia,Gasoline,Front-wheel drive,2,2110,6,252,3800,20.9,28.3
2020,Asia,Gasoline,All-wheel drive,4,2090,6,216,4490,19.1,30.0
1995,Asia,Diesel,Rear-wheel drive,2,2040,6,247,4140,19.7,33.0
1992,Europe,Gasoline,All-wheel drive,4,1940,5,214,3890,18.7,29.4
1984,USA,Gasoline,Front-wheel drive,3,2150,5,231,4050,17.7,26.6
1994,USA,Hybrid,All-wheel drive,3,1980,5,233,4310,19.4,33.8
2023,Europe,Gasoline,All-wheel drive,2,2390,7,239,4450,19.4,30.7
1996,Asia,Gasoline,All-wheel drive,4,2020,5,226,3930,19.4,29.3
1984,Asia,Gasoline,All-wheel drive,3,2090,5,,3990,20.5,29.5
2008,Europe,Gasoline,Front-wheel drive,5,2270,6,255,4280,18.0,31.1
2013,Asia,Gasoline,Front-wheel drive,4,2310,6,238,4140,17.3,32.8
1995,Europe,Gasoline,All-wheel drive,3,2210,6,242,4240,20.0,29.3
1981,USA,Gasoline,Rear-wheel drive,3,2370,6,251,4140,19.4,25.2
2013,USA,Diesel,Rear-wheel drive,3,2500,7,313,4490,18.5,28.8
1977,Asia,Gasoline,Rear-wheel drive,4,2140,6,250,4300,20.3,27.2
1994,Asia,Gasoline,Front-wheel drive,4,2430,6,250,4520,17.7,27.5
2012,Europe,Gasoline,Rear-wheel drive,3,2640,7,288,4630,18.5,25.9
1997,Europe,Diesel,Front-wheel drive,4,2450,7,297,4410,18.3,30.1
1984,USA,Gasoline,Front-wheel drive,2,2150,6,,4140,19.3,27.5
2023,USA,Gasoline,Front-wheel drive,5,1920,5,225,4110,19.8,33.2
2012,USA,Diesel,Front-wheel drive,2,2060,6,249,3910,17.1,31.3
2018,Asia,Diesel,Front-wheel drive,2,2130,6,262,4050,16.1,38.4
1983,USA,Gasoline,All-wheel drive,2,2190,6,224,4340,20.0,24.8
2007,Asia,Diesel,Rear-wheel drive,2,2070,6,235,3950,20.2,35.4
2012,Asia,Gasoline,All-wheel drive,3,2430,7,260,4470,18.9,31.4
2008,USA,Gasoline,All-wheel drive,4,2110,5,243,4380,19.1,30.8
2000,Europe,Gasoline,Front-wheel drive,4,2310,6,262,4350,16.5,31.0
2003,Europe,Gasoline,All-wheel drive,3,2250,6,253,4300,16.7,30.2
2024,Asia,Gasoline,Front-wheel drive,3,2370,6,261,4130,18.0,32.2
2024,Asia,Diesel,Rear-wheel drive,4,2450,6,250,4190,18.9,31.1
1980,Europe,Gasoline,Rear-wheel drive,3,2060,5,,4040,17.7,29.0
2008,Europe,Gasoline,Front-wheel drive,2,2230,6,243,3900,17.9,32.3
2014,Europe,Gasoline,Front-wheel drive,4,2150,5,234,4310,20.2,32.2
1988,Europe,Gasoline,All-wheel drive,3,2000,6,235,4110,18.7,27.1
1985,USA,Gasoline,Front-wheel drive,3,2260,6,282,3930,17.8,27.7
1998,Asia,Gasoline,All-wheel drive,4,2300,6,287,4650,18.4,30.4
2014,USA,Gasoline,All-wheel drive,4,2420,6,267,4380,21.0,33.1
2001,USA,Gasoline,Rear-wheel drive,4,2400,6,268,4580,19.1,27.9
2012,USA,Gasoline,Front-wheel drive,3,2150,6,246,4100,20.4,32.0
1994,Europe,Gasoline,All-wheel drive,2,2570,7,289,4600,18.6,25.7
2020,Europe,Gasoline,Front-wheel drive,3,2710,7,305,4680,17.1,29.0
2021,USA,Diesel,Front-wheel drive,4,2550,6,269,4390,18.8,32.2
2017,USA,Gasoline,Rear-wheel drive,5,2680,7,299,4710,18.3,28.6
1984,Asia,Diesel,Rear-wheel drive,2,1790,5,186,3880,20.0,31.2
2007,Asia,Gasoline,All-wheel drive,2,2270,6,268,4130,18.8,30.6
2017,USA,Hybrid,Front-wheel drive,3,2060,6,260,4070,18.4,36.8
2005,USA,Diesel,All-wheel drive,2,2160,6,262,4130,17.5,28.9
2020,Europe,Gasoline,Rear-wheel drive,5,2430,6,254,4280,18.4,31.6
2014,Europe,Gasoline,Front-wheel drive,4,2250,6,244,4110,18.5,32.4
2021,USA,Gasoline,Rear-wheel drive,4,2410,7,277,4570,19.6,27.3
1994,USA,Gasoline,Front-wheel drive,2,2230,6,258,4280,18.0,28.8
2014,Europe,Gasoline,Front-wheel drive,3,1960,5,212,4000,,31.9
2015,USA,Gasoline,Front-wheel drive,2,2280,6,280,4160,17.1,28.3
1990,USA,Diesel,All-wheel drive,5,2600,7,318,4850,17.1,26.7
1996,Asia,Gasoline,Front-wheel drive,3,2100,6,218,3990,21.5,29.2
2012,Asia,Gasoline,Rear-wheel drive,4,2430,6,250,4550,17.1,32.2
1996,Europe,Gasoline,All-wheel drive,4,2390,6,248,4520,20.0,25.4
1995,USA,Gasoline,Front-wheel drive,3,2570,6,275,4520,21.1,29.5
2019,Asia,Gasoline,All-wheel drive,5,2390,6,259,4770,18.7,32.8
1984,Europe,Gasoline,All-wheel drive,3,2420,7,259,4770,20.2,25.2
2018,Europe,Gasoline,Front-wheel drive,3,1970,5,212,3610,17.3,33.7
2009,Asia,Gasoline,All-wheel drive,4,2330,6,263,4300,19.2,28.6
1990,Asia,Gasoline,Front-wheel drive,2,2300,6,261,4280,18.4,26.9
1984,Asia,Gasoline,Front-wheel drive,4,2150,6,,4320,20.1,27.6
2016,USA,Hybrid,Front-wheel drive,4,2470,6,286,4560,17.2,35.7
1985,Europe,Gasoline,All-wheel drive,3,2700,8,,4800,20.8,24.7
1990,Asia,Gasoline,Rear-wheel drive,4,2310,6,260,4480,19.6,29.0
2000,USA,Gasoline,Front-wheel drive,4,1970,5,234,4070,19.8,31.7
2010,USA,Gasoline,Front-wheel drive,2,2250,6,270,4090,19.2,33.0
1984,Europe,Gasoline,Front-wheel drive,4,1810,5,210,3690,16.4,31.3
2015,USA,Diesel,Front-wheel drive,3,2410,7,297,4260,18.2,32.0
1998,USA,Gasoline,Rear-wheel drive,3,2120,6,246,4030,18.0,31.2
2022,Europe,Gasoline,Front-wheel drive,2,2390,6,239,4240,19.2,32.7
2000,Europe,Hybrid,Rear-wheel drive,4,2430,6,248,4410,18.5,33.4
1978,USA,Gasoline,Front-wheel drive,2,2460,7,262,4400,19.1,25.8
1990,Asia,Diesel,Rear-wheel drive,4,2130,5,259,4050,17.6,29.0
1986,USA,Gasoline,Front-wheel drive,2,2030,6,254,4000,19.1,28.6
2016,Asia,Gasoline,All-wheel drive,5,2370,6,254,4500,18.7,28.4
2013,Europe,Gasoline,Rear-wheel drive,3,2200,5,233,4200,18.9,30.4
2022,USA,Diesel,Front-wheel drive,4,2310,6,288,4050,17.4,33.2
1996,USA,Gasoline,Rear-wheel drive,3,2400,6,264,4370,18.4,25.9
2005,Europe,Diesel,Front-wheel drive,2,2430,6,275,4360,19.8,31.9
2021,Europe,Gasoline,Front-wheel drive,4,2230,6,241,3970,16.6,32.8
2020,USA,Gasoline,Rear-wheel drive,3,2130,6,275,4380,18.9,30.0
2014,USA,Diesel,Front-wheel drive,5,2530,7,294,4770,18.0,34.2
1982,USA,Gasoline,Front-wheel drive,3,2280,6,266,4550,20.9,27.4
1975,Asia,Gasoline,All-wheel drive,4,2150,6,258,4200,20.3,26.1
1997,USA,Diesel,Rear-wheel drive,4,2140,6,269,4450,18.2,30.5
2005,USA,Gasoline,Front-wheel drive,5,2220,6,273,4420,20.6,29.1
1981,Asia,Gasoline,Front-wheel drive,3,2100,6,247,3850,18.0,30.0
1984,USA,Gasoline,All-wheel drive,5,2380,6,266,4680,18.0,24.2
2004,USA,Diesel,Front-wheel drive,3,2410,6,285,4330,18.0,30.9
2013,USA,Diesel,Front-wheel drive,5,2570,7,287,4440,19.7,31.0
1990,USA,Gasoline,Rear-wheel drive,2,2630,7,285,4670,19.6,25.2
1984,USA,Gasoline,All-wheel drive,4,2390,6,,4800,21.6,22.1
2007,Asia,Diesel,Front-wheel drive,5,2000,5,233,3820,17.9,33.8
1997,USA,Hybrid,Front-wheel drive,4,2170,6,268,4010,17.4,32.8
1992,Europe,Diesel,All-wheel drive,2,2090,5,265,4040,17.3,28.1
2023,USA,Diesel,All-wheel drive,2,2340,6,285,4460,17.2,30.8
1992,Europe,Gasoline,All-wheel drive,3,2470,7,,4410,19.6,27.8
2002,Europe,Diesel,Front-wheel drive,3,2630,7,284,4690,18.3,30.8
1995,Europe,Diesel,Front-wheel drive,3,2400,7,283,4530,19.7,29.6
2008,Europe,Gasoline,All-wheel drive,2,2430,6,267,4260,17.4,31.8
2022,Asia,Hybrid,Rear-wheel drive,5,2240,6,263,4480,18.5,36.2
2021,Europe,Diesel,All-wheel drive,2,2280,6,246,4250,17.3,33.3
1979,USA,Diesel,All-wheel drive,3,2080,6,,4180,20.9,29.1
1977,USA,Gasoline,Rear-wheel drive,4,2520,7,258,4670,19.0,23.3
1987,Europe,Gasoline,Front-wheel drive,2,2140,5,218,4030,19.1,29.1
2005,Europe,Gasoline,Front-wheel drive,4,2190,6,243,4060,19.0,32.1
1999,USA,Gasoline,All-wheel drive,4,2530,7,288,4620,17.4,23.4
1978,Europe,Hybrid,Front-wheel drive,2,2330,6,249,4360,21.4,31.2
1982,Europe,Gasoline,All-wheel drive,2,2440,7,276,4520,18.7,26.6
1982,USA,Gasoline,Rear-wheel drive,5,2340,7,,4540,19.2,25.5
2016,USA,Gasoline,Front-wheel drive,3,2010,6,224,4100,18.7,32.9
2016,USA,Gasoline,Rear-wheel drive,5,2340,6,281,4660,18.6,26.7
1982,Europe,Hybrid,Front-wheel drive,3,2040,5,,4040,19.3,35.9
2004,Europe,Gasoline,All-wheel drive,3,2330,6,247,4420,,29.2
1991,Europe,Gasoline,Front-wheel drive,2,2020,6,236,3710,18.0,34.5
2002,Asia,Gasoline,Front-wheel drive,3,2220,6,244,4180,19.9,30.1
2014,USA,Hybrid,All-wheel drive,4,2190,5,235,4440,18.6,33.8
1980,USA,Gasoline,Rear-wheel drive,3,2140,6,,4190,19.3,25.8
1995,Asia,Gasoline,Front-wheel drive,3,2370,6,272,4150,17.5,27.6
2001,Europe,Gasoline,Front-wheel drive,3,2200,5,244,4170,,30.7
1994,Asia,Diesel,Rear-wheel drive,4,2100,6,235,4470,19.4,31.1
2002,Asia,Gasoline,Front-wheel drive,2,2280,6,221,4150,20.5,32.5
1975,USA,Gasoline,Front-wheel drive,5,2090,6,246,3970,16.8,28.3
2016,USA,Gasoline,Rear-wheel drive,4,2090,6,247,4070,18.0,29.2
2003,Asia,Diesel,All-wheel drive,3,1970,5,214,4400,21.1,31.8
1977,Europe,Diesel,Rear-wheel drive,5,2510,6,276,4660,18.4,26.7
1997,USA,Gasoline,Rear-wheel drive,2,2360,6,271,4350,18.6,27.1
2023,Asia,Gasoline,All-wheel drive,2,2020,5,211,3970,17.5,30.6
1976,Asia,Diesel,Front-wheel drive,2,2610,6,275,4310,20.2,28.6
2007,USA,Gasoline,Front-wheel drive,3,2680,7,304,4330,15.5,29.3
1976,Asia,Gasoline,Front-wheel drive,3,2070,6,242,4090,21.3,27.2
2015,USA,Gasoline,Rear-wheel drive,3,2160,6,249,4270,20.4,26.6
1998,Asia,Gasoline,Front-wheel drive,3,2350,6,241,4430,19.7,29.7
1982,USA,Hybrid,Front-wheel drive,2,2440,6,283,4210,19.3,29.0
1999,Europe,Gasoline,Front-wheel drive,4,2350,6,254,4350,,31.1
2014,USA,Diesel,All-wheel drive,3,2130,6,232,4340,20.7,31.4
2003,Asia,Diesel,Rear-wheel drive,3,2210,6,240,4340,18.0,32.1
2019,USA,Diesel,All-wheel drive,3,2100,6,248,4300,18.7,33.2
1979,USA,Gasoline,Rear-wheel drive,4,2480,7,306,4350,19.5,23.7
1989,Asia,Gasoline,Front-wheel drive,3,2390,6,268,4200,17.6,29.1
1997,Asia,Gasoline,All-wheel drive,4,2430,6,260,4600,18.7,29.8
1978,USA,Hybrid,All-wheel drive,4,1870,5,212,3980,18.7,32.8
2007,Europe,Gasoline,Front-wheel drive,4,2100,6,235,4070,18.8,29.5
2020,Asia,Diesel,Front-wheel drive,4,2320,7,246,4170,18.9,34.8
2014,USA,Gasoline,Front-wheel drive,4,2160,6,245,4410,17.5,30.8
1978,Europe,Gasoline,Front-wheel drive,5,2190,6,,4140,18.7,27.6
2013,Asia,Gasoline,Front-wheel drive,2,2560,7,269,4360,19.8,30.2
2009,USA,Gasoline,Front-wheel drive,4,2130,6,249,4180,17.1,33.9
2005,Europe,Gasoline,Front-wheel drive,5,2240,6,241,4140,16.8,30.9
1976,Asia,Gasoline,All-wheel drive,5,2280,5,231,4170,21.5,27.1
2009,Europe,Gasoline,Front-wheel drive,4,2260,6,238,4140,19.0,30.6
2004,Asia,Gasoline,Rear-wheel drive,5,2130,6,224,4200,19.1,32.0
1994,USA,Gasoline,Front-wheel drive,4,2380,6,240,4040,18.7,27.5
2021,Asia,Gasoline,Rear-wheel drive,4,2410,7,243,4440,19.3,28.1
1988,Europe,Diesel,Rear-wheel drive,2,2070,6,251,4060,18.2,32.2
1986,USA,Gasoline,Front-wheel drive,5,2400,6,274,4500,17.7,27.9
2010,Asia,Gasoline,All-wheel drive,4,2110,6,238,4040,17.7,30.2
1981,Asia,Diesel,Rear-wheel drive,3,2070,6,,4280,18.0,28.4
1978,Europe,Gasoline,Front-wheel drive,5,2320,7,259,4470,20.5,29.4
1997,Asia,Gasoline,Front-wheel drive,5,2130,5,214,4070,19.6,29.9
1982,Europe,Gasoline,Rear-wheel drive,3,2570,6,270,4690,19.3,27.7
2020,USA,Diesel,Front-wheel drive,3,2300,6,256,4280,18.9,32.1
2015,USA,Gasoline,Front-wheel drive,2,2280,6,262,4260,18.5,32.8
1996,Europe,Gasoline,All-wheel drive,2,2460,7,259,4540,17.3,26.4
2002,USA,Gasoline,Front-wheel drive,4,2400,6,283,4380,18.1,29.1
1981,Europe,Gasoline,Front-wheel drive,5,2370,7,268,4410,18.6,27.8
1990,Asia,Gasoline,All-wheel drive,3,2280,6,256,4230,22.6,28.6
1988,USA,Gasoline,All-wheel drive,3,2480,7,295,4650,19.5,24.5
2002,USA,Gasoline,Rear-wheel drive,2,2480,7,277,4620,18.5,26.2
2004,USA,Gasoline,All-wheel drive,3,2400,6,250,4570,18.9,25.1
2019,USA,Hybrid,Rear-wheel drive,3,2170,6,241,4580,16.6,34.4
1978,USA,Diesel,Front-wheel drive,3,2360,6,,4220,18.3,30.8
2016,USA,Diesel,All-wheel drive,3,2200,6,269,4270,18.8,30.7
2020,USA,Gasoline,Front-wheel drive,4,2100,5,212,4210,18.0,31.0
2023,USA,Gasoline,Front-wheel drive,2,2610,6,270,4600,19.2,28.4
1998,Europe,Gasoline,Front-wheel drive,2,2180,7,244,3850,16.3,28.5
1991,USA,Gasoline,All-wheel drive,3,2600,6,269,4760,20.5,23.8
1976,USA,Hybrid,Front-wheel drive,2,2420,6,,4320,19.7,30.0
1979,USA,Diesel,Rear-wheel drive,3,2350,6,,4600,19.0,27.3
1998,USA,Hybrid,All-wheel drive,4,2170,6,251,4540,20.4,32.5
1976,Europe,Gasoline,Front-wheel drive,2,1890,5,,3770,19.6,29.6
2007,USA,Gasoline,Rear-wheel drive,3,2370,6,256,4600,19.1,27.2
2019,Europe,Gasoline,Rear-wheel drive,3,2420,7,266,4550,18.8,29.5
1976,USA,Gasoline,Rear-wheel drive,3,2330,6,,4330,20.0,24.6
1980,USA,Gasoline,Rear-wheel drive,5,2500,7,,4660,20.0,26.1
2016,Asia,Diesel,Front-wheel drive,5,2220,7,259,4150,20.2,32.8
2012,Europe,Gasoline,Rear-wheel drive,2,2290,6,226,4170,17.1,32.0
2017,USA,Gasoline,All-wheel drive,3,2440,6,263,4820,18.3,28.1
1985,Asia,Diesel,All-wheel drive,4,2130,5,214,4180,20.9,29.9
2002,Europe,Gasoline,Front-wheel drive,4,2620,7,267,4550,,31.7
2000,Asia,Gasoline,Front-wheel drive,3,2340,6,250,3880,18.2,31.3
1991,USA,Gasoline,Front-wheel drive,4,2300,6,257,4410,20.3,27.5
2008,Europe,Gasoline,Front-wheel drive,4,2670,7,291,4530,18.0,28.2
1985,Europe,Gasoline,All-wheel drive,4,2450,6,264,4620,20.2,24.3
1979,USA,Gasoline,Rear-wheel drive,4,2460,7,276,4760,19.4,26.1
2022,Asia,Hybrid,Front-wheel drive,4,2480,7,278,4450,19.6,33.9
1989,USA,Diesel,Front-wheel drive,3,2470,6,296,4360,16.8,29.0
1986,Asia,Gasoline,Front-wheel drive,4,2300,6,232,4370,20.3,27.2
2014,Europe,Diesel,Rear-wheel drive,3,2320,6,265,4170,18.4,34.5
1985,USA,Hybrid,All-wheel drive,3,2050,6,251,4300,19.2,29.8
1981,Europe,Gasoline,Rear-wheel drive,5,2700,7,278,4610,17.8,26.0
1976,Asia,Gasoline,Front-wheel drive,2,2260,6,257,4350,17.7,32.5
2023,USA,Diesel,All-wheel drive,3,2040,6,237,4250,19.6,33.5
1979,USA,Gasoline,Front-wheel drive,4,2340,7,,4370,17.8,27.3
1989,Asia,Gasoline,Front-wheel drive,4,2530,7,267,4490,17.7,30.1
2015,Europe,Gasoline,Front-wheel drive,3,2380,7,271,4530,20.0,32.5
2000,USA,Gasoline,All-wheel drive,2,2190,6,257,4190,16.9,26.5
2005,Europe,Diesel,Front-wheel drive,3,2280,6,266,4080,18.6,30.8
1978,Asia,Gasoline,All-wheel drive,2,1990,5,,4120,18.4,27.9
1990,Europe,Gasoline,Front-wheel drive,5,2150,6,222,4230,19.6,32.6
1984,Europe,Gasoline,Rear-wheel drive,2,2470,6,,4300,18.5,28.8
1991,Asia,Gasoline,Front-wheel drive,4,2530,6,272,4570,19.1,30.3
1990,Asia,Gasoline,Rear-wheel drive,5,2470,6,261,4780,20.1,28.8
1988,Asia,Gasoline,Front-wheel drive,4,2160,6,225,4360,17.4,29.5
2013,USA,Hybrid,Front-wheel drive,5,2230,6,266,4300,18.0,32.7
2015,USA,Gasoline,Front-wheel drive,4,2110,5,246,4130,20.3,34.2
1977,Asia,Diesel,Rear-wheel drive,4,2060,6,253,4150,18.3,29.2
2003,Europe,Hybrid,Front-wheel drive,2,2170,6,218,4010,17.9,37.4
1982,Europe,Diesel,Front-wheel drive,4,2370,6,263,3970,18.7,32.8
2003,USA,Gasoline,Rear-wheel drive,5,2000,6,222,4440,21.2,27.7
1981,USA,Diesel,Front-wheel drive,2,2200,6,265,3980,15.4,29.3
1982,Europe,Diesel,Front-wheel drive,4,2550,6,263,4640,,26.7
1978,Asia,Gasoline,All-wheel drive,4,2200,5,231,4580,18.4,26.9
1979,Asia,Gasoline,Front-wheel drive,4,2250,6,263,4300,20.3,27.3
1981,Asia,Gasoline,Rear-wheel drive,3,2450,6,275,4480,19.0,28.0
1998,Asia,Gasoline,Rear-wheel drive,4,2170,6,240,4240,19.5,29.1
2011,Asia,Gasoline,Front-wheel drive,5,2370,6,,4080,20.2,32.0
2006,Europe,Hybrid,All-wheel drive,5,2400,6,249,4510,19.0,32.7
1975,USA,Hybrid,Front-wheel drive,3,2240,6,256,4180,19.7,31.3
1998,Europe,Hybrid,Rear-wheel drive,3,2250,7,275,4320,19.4,30.0
2013,Asia,Gasoline,All-wheel drive,5,2270,6,263,4490,20.0,29.4
1993,Asia,Gasoline,Front-wheel drive,4,2520,7,274,4310,19.6,29.7
1985,Europe,Diesel,Front-wheel drive,3,2140,6,282,4030,18.3,31.4
1978,Europe,Gasoline,All-wheel drive,4,2450,6,,4820,20.9,26.1
1979,Asia,Gasoline,Front-wheel drive,4,2320,6,246,4170,20.8,24.7
2021,Asia,Gasoline,Front-wheel drive,2,1880,5,214,3660,16.8,35.8
2000,Asia,Gasoline,Rear-wheel drive,3,2310,6,246,4290,17.6,32.2
1990,USA,Gasoline,Front-wheel drive,5,2420,6,282,4200,16.6,28.6
1977,USA,Gasoline,Front-wheel drive,3,2380,6,276,4240,17.2,26.9
1993,USA,Gasoline,All-wheel drive,3,2190,6,246,4470,18.0,27.8
2019,USA,Gasoline,All-wheel drive,3,2370,7,272,4650,20.7,31.8
2004,USA,Gasoline,Rear-wheel drive,4,2020,5,213,4200,19.5,28.4
2022,USA,Gasoline,Front-wheel drive,3,2120,6,255,4050,18.5,32.4
1986,Europe,Diesel,Front-wheel drive,5,2070,5,246,4020,20.3,32.2
2014,USA,Gasoline,Front-wheel drive,4,2240,6,251,4120,18.6,32.6
1985,Europe,Gasoline,All-wheel drive,5,2240,6,255,4290,17.2,26.2
2010,Europe,Gasoline,Front-wheel drive,2,2010,6,216,4140,19.2,32.6
2012,USA,Gasoline,Front-wheel drive,3,2490,6,267,4460,17.4,28.2
2012,Europe,Gasoline,Front-wheel drive,2,2270,6,250,4250,17.9,31.4
1980,USA,Diesel,Front-wheel drive,3,2500,7,306,4460,17.8,27.0
1984,USA,Diesel,Front-wheel drive,4,2050,5,,3890,19.8,29.9
1994,USA,Gasoline,Rear-wheel drive,3,2210,6,254,4260,19.8,25.0
2003,Europe,Hybrid,Front-wheel drive,4,2520,7,259,4340,,34.0
1979,USA,Diesel,Front-wheel drive,5,2410,7,294,4640,20.1,28.3
1984,USA,Gasoline,All-wheel drive,4,2480,6,,4820,22.8,25.1
1990,Europe,Gasoline,All-wheel drive,5,2440,6,276,4800,20.6,26.4
1996,Asia,Hybrid,Front-wheel drive,5,2050,5,217,4350,21.5,30.9
1981,USA,Diesel,All-wheel drive,4,2340,6,256,4740,19.1,28.1
2008,Asia,Gasoline,Front-wheel drive,5,2410,6,255,4380,18.7,30.1
1984,Asia,Gasoline,All-wheel drive,2,2100,6,242,4140,19.9,28.7
2003,USA,Gasoline,Front-wheel drive,3,1930,6,227,4190,16.1,30.4
1979,Asia,Gasoline,Rear-wheel drive,3,2690,7,289,4910,20.1,24.1
1981,Asia,Diesel,Front-wheel drive,4,2300,6,258,4100,20.1,27.1
1993,USA,Diesel,All-wheel drive,3,2260,6,283,4410,18.1,30.4
2003,Asia,Diesel,Front-wheel drive,5,2180,6,246,4200,19.7,35.0
1994,Europe,Gasoline,Front-wheel drive,5,2160,5,238,4140,18.5,30.8
2019,Asia,Diesel,All-wheel drive,3,2350,7,269,4620,19.7,31.4
2015,Asia,Gasoline,Rear-wheel drive,4,2300,6,249,4360,17.4,29.9
1994,USA,Gasoline,Rear-wheel drive,4,2320,6,239,4750,19.9,24.1
1997,USA,Gasoline,Front-wheel drive,2,1910,5,216,3590,17.2,32.4
2010,Asia,Gasoline,Rear-wheel drive,3,2310,6,242,4270,16.1,28.3
1989,USA,Gasoline,Rear-wheel drive,3,2330,6,264,4440,20.3,26.4
2015,Europe,Gasoline,Rear-wheel drive,3,2040,6,227,4230,17.2,32.6
1986,USA,Gasoline,All-wheel drive,4,2350,7,260,4550,20.9,26.6
1998,Europe,Gasoline,Rear-wheel drive,3,2250,6,230,4220,20.7,29.8
2023,USA,Diesel,Front-wheel drive,2,2320,6,278,4360,19.1,32.1
2015,Europe,Diesel,Front-wheel drive,4,2500,6,277,4250,19.8,29.9
2012,USA,Diesel,Front-wheel drive,4,2220,6,283,4270,18.2,33.1
1984,Europe,Gasoline,Front-wheel drive,2,2330,6,277,4270,17.1,29.3
1981,USA,Diesel,Front-wheel drive,5,2100,6,,3920,21.7,30.5
2023,USA,Gasoline,Front-wheel drive,3,2440,6,284,4410,18.2,27.7
1989,USA,Gasoline,All-wheel drive,5,2180,6,241,4380,19.6,25.3
1988,Europe,Hybrid,Front-wheel drive,2,2190,6,207,3950,,34.1
2013,Europe,Gasoline,Rear-wheel drive,3,2160,6,,4190,19.7,31.0
2006,USA,Gasoline,All-wheel drive,3,2440,6,264,4460,18.7,26.8
1979,Asia,Gasoline,Front-wheel drive,3,2230,6,217,3920,19.5,29.6
2008,Europe,Gasoline,Front-wheel drive,3,2700,6,276,4490,17.8,32.4
1978,Europe,Gasoline,Front-wheel drive,5,2440,7,,4390,18.3,28.8
2012,Europe,Diesel,Front-wheel drive,3,2220,7,253,4040,18.7,34.0
2003,Europe,Gasoline,Rear-wheel drive,3,2180,5,219,4200,18.5,29.2
1982,Asia,Gasoline,Front-wheel drive,2,2230,6,,4230,17.6,25.3
1991,USA,Gasoline,Rear-wheel drive,2,2040,6,242,4160,19.4,27.9
1984,Europe,Diesel,All-wheel drive,4,2620,7,,4780,19.8,29.1
2015,Europe,Gasoline,Rear-wheel drive,3,2240,6,257,4320,19.4,28.8
1995,Europe,Diesel,Front-wheel drive,3,2510,7,286,4540,17.2,30.2
2012,Asia,Gasoline,All-wheel drive,4,2090,6,234,4190,19.4,29.8
1996,Europe,Gasoline,Front-wheel drive,4,2160,6,243,4030,18.3,29.8
1999,Asia,Gasoline,Rear-wheel drive,3,2430,6,266,4360,19.7,27.8
2019,USA,Gasoline,Front-wheel drive,3,2140,6,240,4190,18.6,32.0
1997,Asia,Gasoline,Front-wheel drive,2,2670,7,308,4850,18.9,29.9
1994,Asia,Gasoline,Front-wheel drive,2,2410,6,269,4400,18.0,26.4
2000,USA,Hybrid,Front-wheel drive,4,2380,6,242,4240,16.6,35.5
1993,Asia,Gasoline,Front-wheel drive,3,2160,6,209,3900,17.7,33.3
1991,Asia,Gasoline,Rear-wheel drive,3,2080,6,228,4210,18.8,28.3
2008,Asia,Gasoline,All-wheel drive,4,2430,7,259,4410,19.0,27.7
1988,Europe,Gasoline,Front-wheel drive,5,1940,5,181,3880,19.5,29.0
2006,Asia,Gasoline,Front-wheel drive,2,1970,5,220,3640,19.9,31.9
1978,Asia,Gasoline,Rear-wheel drive,3,2370,6,,4450,19.7,27.5
1985,USA,Gasoline,All-wheel drive,3,2630,6,,4700,17.8,24.7
1978,USA,Gasoline,Front-wheel drive,4,2290,5,269,4200,17.7,26.7
2020,Europe,Gasoline,Front-wheel drive,5,1870,5,197,3620,18.1,34.4
2013,Europe,Gasoline,Front-wheel drive,3,2260,6,262,4070,15.6,31.4
1990,Asia,Gasoline,Front-wheel drive,4,2480,7,259,4200,17.6,27.8
2004,Europe,Gasoline,Rear-wheel drive,4,2130,5,248,4220,21.2,32.1
1992,USA,Hybrid,Rear-wheel drive,4,2380,7,266,4770,19.2,29.2
1994,Asia,Gasoline,Front-wheel drive,5,2000,6,225,4030,18.7,28.6
1989,USA,Gasoline,All-wheel drive,3,2000,6,244,4550,18.9,26.7
2007,Asia,Hybrid,Rear-wheel drive,4,2250,6,255,4340,18.2,33.1
2003,Asia,Gasoline,Front-wheel drive,2,2590,7,281,4210,18.5,31.7
1984,Asia,Diesel,All-wheel drive,3,2100,6,,4240,18.7,31.1
1983,Europe,Diesel,Front-wheel drive,3,2430,6,,4110,18.7,30.4
2006,Asia,Diesel,Rear-wheel drive,4,2290,6,253,4230,18.4,30.3
2000,USA,Hybrid,Rear-wheel drive,5,2530,6,279,4650,19.8,28.7
2001,Asia,Hybrid,Front-wheel drive,3,2270,6,247,3830,17.6,32.6
1996,Europe,Diesel,Front-wheel drive,2,2380,7,276,4260,19.9,33.8
1987,USA,Diesel,Rear-wheel drive,2,1850,5,247,3750,17.3,29.9
1982,Asia,Gasoline,Rear-wheel drive,3,1890,5,205,3910,19.5,29.9
1983,Europe,Gasoline,Rear-wheel drive,5,2210,6,,4070,,25.6
2013,Europe,Gasoline,Rear-wheel drive,4,2480,7,284,4530,17.1,27.4
2024,Europe,Diesel,All-wheel drive,3,2520,7,309,4610,18.7,29.7
1992,Asia,Gasoline,Front-wheel drive,2,2250,6,,4130,18.6,28.5
2023,Asia,Diesel,All-wheel drive,5,2230,6,253,4460,19.7,34.3
1984,Asia,Hybrid,Rear-wheel drive,4,2100,6,,4070,18.9,32.8
2018,Europe,Gasoline,Front-wheel drive,4,2410,6,261,4260,16.8,29.9
2009,USA,Gasoline,Front-wheel drive,5,2450,6,274,4260,18.3,28.7
2018,Asia,Gasoline,Front-wheel drive,4,2050,6,240,4000,18.7,32.1
1986,USA,Gasoline,Front-wheel drive,4,2510,7,280,4680,20.6,25.6
1981,Asia,Gasoline,Front-wheel drive,3,2310,7,260,4140,17.2,27.7
1991,Europe,Gasoline,Rear-wheel drive,3,2050,5,221,3990,,30.7
1993,USA,Gasoline,All-wheel drive,4,2350,6,267,4440,18.3,28.7
2020,Asia,Diesel,All-wheel drive,4,2510,6,282,4690,19.0,31.6
2022,Europe,Gasoline,All-wheel drive,2,2140,6,226,4240,18.9,31.9
1995,Asia,Gasoline,Front-wheel drive,3,2280,6,259,4090,18.3,27.4
1993,USA,Gasoline,Front-wheel drive,5,2240,6,259,4240,18.7,28.3
1982,USA,Gasoline,All-wheel drive,4,1810,6,,4400,20.2,25.9
1990,USA,Gasoline,Front-wheel drive,3,2520,6,282,4490,18.3,26.1
1995,Europe,Diesel,All-wheel drive,2,2570,7,285,4680,19.5,27.9
2015,USA,Gasoline,All-wheel drive,5,2490,6,285,4800,21.0,26.4
2005,Europe,Diesel,Rear-wheel drive,4,1820,5,226,3840,15.0,35.8
2022,USA,Gasoline,Front-wheel drive,4,1820,6,225,3930,16.1,28.6
1987,Asia,Gasoline,Front-wheel drive,3,2160,6,251,4050,21.1,28.1
1996,USA,Gasoline,Front-wheel drive,5,2360,6,268,4370,19.2,25.4
2009,Europe,Gasoline,Front-wheel drive,5,2170,6,236,4120,20.3,31.7
2008,USA,Gasoline,Rear-wheel drive,4,2220,5,235,4030,17.5,27.5
2008,Asia,Gasoline,Front-wheel drive,3,2060,6,220,3950,20.8,31.4
1997,USA,Gasoline,All-wheel drive,4,2060,6,248,4390,20.3,28.5
2020,Asia,Gasoline,All-wheel drive,3,2520,7,279,4500,17.9,29.9
1978,USA,Gasoline,All-wheel drive,3,2200,6,245,4150,17.7,26.4
1993,USA,Diesel,All-wheel drive,5,1870,5,238,4340,20.2,29.0
1984,Asia,Gasoline,All-wheel drive,4,2520,7,,4730,19.2,27.2
2021,USA,Diesel,Front-wheel drive,4,2430,6,281,4320,17.8,31.5
1979,Europe,Gasoline,Rear-wheel drive,2,2070,5,235,4250,18.3,28.2
2021,Asia,Gasoline,Rear-wheel drive,2,2150,6,243,4350,16.6,32.4
1984,USA,Gasoline,All-wheel drive,3,2180,6,252,4500,20.4,25.6
1981,Europe,Gasoline,Front-wheel drive,2,2070,6,227,4230,21.9,29.7
1995,Europe,Gasoline,Front-wheel drive,3,2290,6,244,4160,19.5,29.8
2002,USA,Gasoline,Front-wheel drive,4,2310,6,269,4330,17.5,30.5
2019,USA,Gasoline,All-wheel drive,2,2270,6,282,4330,18.8,29.7
2023,Europe,Gasoline,Front-wheel drive,3,2240,6,247,4150,20.0,36.8
2001,Asia,Gasoline,All-wheel drive,2,2380,6,256,4480,21.0,28.5
1986,Europe,Diesel,Front-wheel drive,5,2310,6,263,4210,,28.1
2017,Asia,Gasoline,Front-wheel drive,5,2410,6,273,4460,18.4,30.6
1986,USA,Diesel,Front-wheel drive,2,2350,6,278,4160,19.2,30.2
2015,Asia,Gasoline,Rear-wheel drive,3,2050,6,233,4110,18.9,33.8
2014,USA,Gasoline,Front-wheel drive,2,2330,6,244,4440,19.9,31.0
2022,Asia,Gasoline,Rear-wheel drive,3,2460,7,266,4690,17.4,29.8
1987,USA,Hybrid,Rear-wheel drive,2,2380,6,268,4280,18.4,31.9
2013,Europe,Gasoline,Front-wheel drive,5,2280,6,259,4170,16.3,31.0
1999,Asia,Gasoline,Front-wheel drive,5,2190,6,245,4140,19.4,30.1
1996,USA,Gasoline,All-wheel drive,2,2520,7,288,4740,18.8,25.5
1994,Asia,Diesel,Front-wheel drive,4,1750,5,206,3540,17.6,33.9
2023,Asia,Diesel,Front-wheel drive,5,2360,7,268,4730,18.7,31.6
2010,USA,Gasoline,Front-wheel drive,5,2460,6,279,4670,18.1,27.1
2020,Asia,Gasoline,Rear-wheel drive,5,2340,6,250,4720,21.8,30.6
1999,Europe,Gasoline,Front-wheel drive,3,2250,6,235,4140,19.0,30.8
1997,Asia,Hybrid,Front-wheel drive,2,2080,5,208,3820,16.8,36.3
2023,Europe,Diesel,Rear-wheel drive,2,2440,6,259,4450,18.7,34.4
1988,Asia,Gasoline,Front-wheel drive,3,2360,6,263,4370,20.3,27.5
1981,Asia,Gasoline,Front-wheel drive,2,2080,5,,4040,19.4,32.9
1976,Asia,Gasoline,Rear-wheel drive,3,2120,6,,3940,18.8,27.6
2013,Europe,Gasoline,Rear-wheel drive,4,2400,7,,4520,20.8,30.8
1983,Europe,Hybrid,All-wheel drive,2,1860,5,216,3870,19.9,34.0
2012,Europe,Gasoline,All-wheel drive,5,2230,5,233,4410,19.0,29.7
1994,USA,Gasoline,Rear-wheel drive,5,2240,6,245,4660,18.6,27.0
1994,Europe,Gasoline,Front-wheel drive,5,2180,6,254,4390,18.9,30.8
1992,Asia,Gasoline,All-wheel drive,2,2280,7,242,4400,18.9,26.1
1983,USA,Hybrid,Front-wheel drive,4,2090,5,236,3970,17.4,29.7
1979,Asia,Gasoline,Rear-wheel drive,4,2290,6,247,4280,20.2,27.1
1998,Asia,Hybrid,Front-wheel drive,4,2460,6,,4490,18.8,35.6
2005,Europe,Gasoline,All-wheel drive,4,2510,7,281,4560,18.6,30.4
2018,Asia,Gasoline,All-wheel drive,3,2140,6,237,4320,19.6,30.7
1998,Europe,Gasoline,Front-wheel drive,3,2290,5,228,4230,20.7,33.2
2020,Europe,Diesel,Rear-wheel drive,2,2400,6,262,4080,19.4,34.2
1998,USA,Gasoline,All-wheel drive,4,2460,6,273,4840,20.2,25.6
1996,Europe,Hybrid,Rear-wheel drive,2,2010,6,225,4040,19.6,32.3
1994,USA,Hybrid,All-wheel drive,4,2440,6,280,4630,18.2,31.0
2007,USA,Gasoline,All-wheel drive,5,2420,6,270,4740,18.9,27.5
1988,USA,Gasoline,All-wheel drive,3,2430,7,274,4870,21.0,23.6
1979,USA,Gasoline,Rear-wheel drive,5,2210,6,,4350,19.7,28.3
1982,Europe,Gasoline,Front-wheel drive,3,2040,6,,3720,18.0,29.5
2000,Asia,Gasoline,Rear-wheel drive,4,1880,5,201,4060,19.3,30.8
2008,Europe,Diesel,Rear-wheel drive,4,1980,6,236,4190,18.1,33.1
2004,USA,Diesel,All-wheel drive,5,1840,5,241,3870,18.8,31.3
1977,Asia,Diesel,Rear-wheel drive,5,2060,6,257,4030,18.9,32.6
1990,Asia,Gasoline,All-wheel drive,4,2650,7,276,4630,20.5,24.9
1990,Europe,Hybrid,Front-wheel drive,4,2190,6,222,3830,20.1,33.8
1976,Asia,Gasoline,Rear-wheel drive,4,2220,6,235,4340,17.9,27.5
2005,Asia,Gasoline,Front-wheel drive,4,2240,6,240,4170,18.6,30.5
1998,USA,Hybrid,Front-wheel drive,4,2220,6,238,4300,19.2,31.5
2001,USA,Gasoline,Rear-wheel drive,3,2250,6,260,4360,18.7,23.3
2006,USA,Diesel,Rear-wheel drive,4,2250,6,259,4490,19.9,32.4
1979,USA,Gasoline,Front-wheel drive,2,1980,5,247,3910,18.2,28.9
1987,Europe,Hybrid,Rear-wheel drive,4,2430,6,227,4500,18.4,34.6
1994,USA,Diesel,All-wheel drive,3,2460,7,302,4710,18.7,29.6
1998,Asia,Diesel,Front-wheel drive,4,2300,6,258,4360,20.2,31.5
2011,Asia,Gasoline,Rear-wheel drive,3,2210,6,249,4240,19.3,28.6
2020,USA,Gasoline,Front-wheel drive,5,2050,6,248,4180,21.2,33.3
2023,USA,Gasoline,All-wheel drive,4,1900,6,243,4210,17.9,30.4
2021,USA,Diesel,Rear-wheel drive,4,2310,6,260,4320,17.6,31.5
1995,Asia,Diesel,Rear-wheel drive,5,2150,6,248,4540,20.1,30.7
1990,USA,Hybrid,All-wheel drive,3,2500,6,272,4820,20.7,30.8
2012,Europe,Gasoline,Rear-wheel drive,3,1960,5,236,3690,18.1,30.3
1976,USA,Gasoline,Rear-wheel drive,3,2170,6,,4450,21.5,22.7
1992,Europe,Gasoline,Rear-wheel drive,4,2590,7,255,4710,19.4,26.9
2014,Asia,Gasoline,Front-wheel drive,2,2140,6,266,3880,19.1,34.1
1997,Europe,Diesel,Front-wheel drive,4,2210,6,277,4480,18.9,27.8
1999,USA,Gasoline,All-wheel drive,5,2360,6,272,4660,18.6,26.9
1981,Europe,Gasoline,Rear-wheel drive,2,2350,7,256,4510,19.0,26.8
1995,USA,Gasoline,Front-wheel drive,3,2180,6,252,4260,20.2,26.2
2010,Europe,Hybrid,Front-wheel drive,4,2230,6,235,4400,18.5,33.4
1995,Asia,Gasoline,Front-wheel drive,5,1960,5,204,3920,20.3,32.1
1981,Europe,Gasoline,Front-wheel drive,3,2230,6,238,3970,18.4,30.4
2000,USA,Gasoline,Front-wheel drive,5,2240,6,258,4150,17.2,28.4
1981,Europe,Diesel,Front-wheel drive,5,2240,6,,3990,16.4,31.3
2016,Asia,Diesel,Front-wheel drive,4,2090,6,260,3690,16.9,33.7
2021,Europe,Diesel,Front-wheel drive,4,2150,6,241,4070,18.6,33.2
2024,Europe,Gasoline,All-wheel drive,4,2030,6,208,4420,20.0,32.2
2013,Europe,Hybrid,Rear-wheel drive,4,2180,6,248,4160,19.1,35.0
1979,Europe,Gasoline,Front-wheel drive,4,2280,6,,4280,19.2,26.1
1985,USA,Diesel,Rear-wheel drive,4,2200,6,271,4210,20.7,29.0
1988,USA,Gasoline,Front-wheel drive,4,2120,6,244,3990,20.0,29.9
2011,USA,Gasoline,Front-wheel drive,2,2020,6,210,3990,18.3,34.1
2001,Asia,Gasoline,All-wheel drive,3,2350,6,257,4500,18.9,29.3
1977,USA,Hybrid,Rear-wheel drive,4,2180,5,224,4330,20.5,29.0
2020,Europe,Hybrid,Front-wheel drive,3,2220,5,223,4110,20.4,37.9
1984,USA,Gasoline,Front-wheel drive,5,2430,7,267,4540,20.0,27.4
1994,Europe,Gasoline,All-wheel drive,3,2100,6,210,4320,18.4,27.8
1993,Europe,Gasoline,Front-wheel drive,2,2010,5,205,3690,,32.5
2002,USA,Diesel,Front-wheel drive,2,2570,7,310,4290,17.9,29.6
1994,Asia,Gasoline,Front-wheel drive,2,2290,6,242,4200,19.5,28.5
1984,Europe,Gasoline,Rear-wheel drive,4,2490,7,,4350,19.8,28.2
1999,Europe,Gasoline,Front-wheel drive,3,2230,5,235,4130,,31.4
2008,Asia,Gasoline,Front-wheel drive,2,2210,6,248,4090,17.4,33.3
2023,Europe,Gasoline,All-wheel drive,3,1980,6,215,4210,,29.9
1981,USA,Gasoline,All-wheel drive,2,2480,7,,4550,18.3,24.6
1990,Europe,Gasoline,Front-wheel drive,3,2240,6,238,4130,19.6,30.0
1991,Asia,Diesel,Front-wheel drive,2,2310,6,251,4030,18.1,33.3
2000,USA,Gasoline,Rear-wheel drive,5,2620,7,300,4750,17.4,26.7
1976,USA,Hybrid,Front-wheel drive,2,2220,5,231,4200,18.6,32.2
2024,USA,Gasoline,Front-wheel drive,4,2150,6,248,3960,16.1,36.9
2022,USA,Gasoline,All-wheel drive,3,2150,6,256,4300,19.3,30.1
2003,USA,Gasoline,Front-wheel drive,3,2130,7,257,4000,18.7,30.2
1987,Europe,Gasoline,Rear-wheel drive,3,2230,6,240,4230,18.0,27.3
2000,USA,Diesel,Rear-wheel drive,4,2260,6,268,4580,20.1,31.4
2018,USA,Gasoline,Front-wheel drive,3,2140,6,257,4120,17.9,31.5
2007,Asia,Gasoline,All-wheel drive,5,2150,6,242,4420,20.1,27.0
1991,Asia,Gasoline,Front-wheel drive,5,2240,6,251,4090,17.5,30.8
1991,USA,Hybrid,Front-wheel drive,2,2140,6,238,4140,18.0,29.7
2023,Asia,Gasoline,Front-wheel drive,4,2060,6,231,4060,19.7,36.3
2004,USA,Diesel,Front-wheel drive,3,2470,7,305,4340,15.1,30.9
1991,Europe,Hybrid,Front-wheel drive,2,2060,6,227,4130,19.0,34.1
1977,USA,Gasoline,Front-wheel drive,3,2380,6,,4150,17.9,25.9
2014,Europe,Gasoline,Front-wheel drive,5,2360,7,256,4520,19.2,33.3
1976,Europe,Diesel,Front-wheel drive,3,2220,6,267,4280,20.1,28.2
1990,Europe,Diesel,Rear-wheel drive,5,2250,6,256,4080,17.5,30.1
2001,Asia,Hybrid,Front-wheel drive,4,2790,7,283,4750,19.6,30.8
2000,Asia,Gasoline,Front-wheel drive,3,2020,6,246,3840,16.7,33.9
2002,Europe,Diesel,Front-wheel drive,3,2220,6,273,4160,19.1,33.0
2021,Asia,Gasoline,Front-wheel drive,3,1990,5,234,3850,16.7,30.6
1976,Europe,Gasoline,Front-wheel drive,5,2270,6,254,4180,18.1,27.3
2024,Asia,Gasoline,Front-wheel drive,2,2260,6,251,3970,18.6,34.1
1986,USA,Gasoline,Front-wheel drive,5,2460,7,284,4450,19.4,25.4
2024,Europe,Gasoline,All-wheel drive,4,2440,6,247,4440,19.5,29.3
2022,USA,Hybrid,Rear-wheel drive,4,2360,7,272,4390,18.2,30.9
1985,Europe,Diesel,Front-wheel drive,5,2650,7,291,4830,17.2,28.8
1986,Asia,Hybrid,Front-wheel drive,3,2160,6,252,4110,16.6,31.5
1976,Europe,Gasoline,Front-wheel drive,3,2410,6,272,4310,,23.9
2000,USA,Gasoline,Rear-wheel drive,3,2590,7,276,4530,20.2,25.0
1990,Asia,Gasoline,Rear-wheel drive,4,2130,6,226,4310,19.2,28.8
1989,Europe,Hybrid,Front-wheel drive,2,2160,6,213,4130,17.9,33.2
2020,Asia,Gasoline,Rear-wheel drive,4,2340,6,266,4290,18.0,31.5
2016,USA,Gasoline,Front-wheel drive,3,2040,6,251,3940,19.5,29.6
1980,Asia,Gasoline,Front-wheel drive,2,2220,6,,4150,18.9,30.5
1998,Europe,Diesel,All-wheel drive,4,2250,7,271,4220,16.8,30.7
2016,USA,Gasoline,All-wheel drive,4,2300,7,279,4410,17.3,29.0
1981,Asia,Gasoline,Front-wheel drive,5,2300,6,240,4250,18.2,29.1
2011,USA,Diesel,Front-wheel drive,3,2070,6,262,3980,16.8,31.7
2012,Asia,Gasoline,Rear-wheel drive,3,2630,7,296,4790,16.4,28.1
1992,USA,Gasoline,Front-wheel drive,5,2100,6,252,4150,20.5,29.4
2009,Europe,Diesel,Front-wheel drive,4,2360,7,253,4320,18.8,31.8
1988,USA,Diesel,Front-wheel drive,2,2230,6,261,4290,18.6,32.1
2015,Europe,Gasoline,Front-wheel drive,2,2320,6,243,4080,18.8,27.9
1981,USA,Gasoline,Rear-wheel drive,2,2590,6,294,4710,18.8,23.5
1975,Europe,Gasoline,All-wheel drive,2,2300,6,,4350,17.8,25.7
2003,USA,Gasoline,Rear-wheel drive,2,2320,6,254,4080,18.5,29.4
1987,Europe,Gasoline,Front-wheel drive,3,2120,6,234,4120,,28.9
1975,Asia,Gasoline,Rear-wheel drive,3,2340,6,246,4240,18.9,29.4
2011,Europe,Gasoline,Front-wheel drive,3,2220,6,254,4080,17.2,31.0
1980,Europe,Diesel,Front-wheel drive,3,2110,5,236,3860,17.3,31.9
2016,Asia,Gasoline,Front-wheel drive,5,2230,6,250,4480,21.5,34.9
1999,Asia,Gasoline,Front-wheel drive,3,2540,6,256,4280,20.1,29.5
2007,USA,Gasoline,Front-wheel drive,4,2040,6,220,4090,19.6,30.0
1991,USA,Gasoline,Front-wheel drive,2,2110,6,249,4040,17.1,30.1
1985,Asia,Diesel,Front-wheel drive,3,2120,6,248,3910,19.1,30.6
2005,Europe,Diesel,Front-wheel drive,3,2310,6,258,4220,17.1,33.8
1986,Asia,Diesel,Front-wheel drive,3,2420,7,293,4370,17.5,28.6
1978,USA,Diesel,Front-wheel drive,3,2030,6,254,4180,18.2,28.7
1981,Asia,Gasoline,Rear-wheel drive,4,2190,6,232,4350,22.6,25.3
1986,Asia,Gasoline,Front-wheel drive,2,2320,7,250,4170,19.3,27.9
2011,Europe,Diesel,All-wheel drive,2,2230,6,272,4080,17.6,33.0
1999,USA,Hybrid,All-wheel drive,3,2230,6,234,4090,19.4,32.9
2007,Asia,Gasoline,Front-wheel drive,4,2710,7,273,4580,19.9,31.6
1999,USA,Gasoline,Rear-wheel drive,5,2260,6,263,4540,18.4,27.6
2013,Asia,Gasoline,Rear-wheel drive,2,1700,5,208,3680,17.4,35.5
1993,USA,Diesel,Front-wheel drive,4,2350,6,287,4240,20.2,28.1
1992,Europe,Hybrid,Front-wheel drive,3,2100,6,229,4180,20.1,32.9
1977,USA,Gasoline,Front-wheel drive,4,2470,7,,4600,20.9,24.8
1979,USA,Hybrid,Front-wheel drive,3,2280,6,228,4170,18.1,33.3
2007,USA,Gasoline,Front-wheel drive,3,2180,6,252,4050,18.4,31.7
2021,Europe,Gasoline,All-wheel drive,3,2720,7,292,4980,19.2,27.9
2011,Asia,Gasoline,Front-wheel drive,4,2140,6,265,4080,18.0,33.5
1994,USA,Hybrid,Rear-wheel drive,4,2480,7,296,4550,18.8,27.8
1988,Asia,Gasoline,Front-wheel drive,3,2570,7,266,4520,19.2,28.9
2009,USA,Gasoline,Rear-wheel drive,4,2120,6,242,4310,18.8,29.4
1990,Asia,Diesel,Front-wheel drive,4,2090,6,229,3900,18.6,31.2
2002,Europe,Diesel,Front-wheel drive,5,2090,6,253,3850,19.0,34.1
1975,Asia,Diesel,Rear-wheel drive,5,2260,6,,4680,21.6,27.6
2010,USA,Hybrid,Front-wheel drive,2,2460,6,280,4400,20.3,31.2
1993,USA,Gasoline,Rear-wheel drive,5,2370,6,263,4760,19.0,27.8
2014,USA,Diesel,Front-wheel drive,5,2270,6,274,4110,17.7,33.2
2003,USA,Diesel,Front-wheel drive,3,2300,6,281,4180,16.7,30.4
1997,USA,Gasoline,Front-wheel drive,2,2180,6,257,3870,17.8,28.6
2012,Asia,Gasoline,Front-wheel drive,3,2370,6,235,4330,18.8,33.4
1988,Europe,Diesel,Front-wheel drive,2,2230,6,281,3980,16.9,28.8
2012,USA,Diesel,Front-wheel drive,3,2350,6,274,4590,20.3,31.6
1982,Asia,Gasoline,All-wheel drive,5,2350,6,245,4560,20.5,29.3
1994,USA,Gasoline,All-wheel drive,3,2230,5,262,4430,18.6,26.0
1997,Asia,Diesel,Rear-wheel drive,3,2370,6,275,4450,20.4,30.0
1978,Asia,Hybrid,All-wheel drive,4,2280,6,256,4510,20.2,31.5
2002,Europe,Gasoline,Front-wheel drive,3,2240,6,243,4070,18.4,33.2
1979,USA,Gasoline,Rear-wheel drive,2,2610,7,266,4910,21.0,26.4
1979,USA,Gasoline,Front-wheel drive,3,2120,6,234,4060,18.9,28.6
1979,Europe,Gasoline,All-wheel drive,4,2520,6,282,4690,,25.1
1982,USA,Gasoline,Rear-wheel drive,3,2340,7,276,4690,19.2,25.2
2011,USA,Gasoline,Front-wheel drive,5,2020,6,250,4200,17.1,30.4
1987,USA,Gasoline,Front-wheel drive,3,2360,6,243,4380,19.0,23.9
2006,USA,Diesel,Front-wheel drive,4,2410,6,282,4110,17.1,32.8
1979,USA,Diesel,Front-wheel drive,3,2250,6,281,4220,18.8,28.5
2003,Europe,Gasoline,Rear-wheel drive,4,2260,6,246,4360,,29.7
1978,USA,Gasoline,Front-wheel drive,3,1990,5,,3910,18.8,30.1
1978,Asia,Gasoline,Front-wheel drive,4,2590,7,,4790,21.3,24.6
1987,USA,Gasoline,All-wheel drive,3,2210,6,243,4290,20.5,27.0
1977,Asia,Diesel,Front-wheel drive,4,2170,6,259,3980,19.0,29.2
2015,Asia,Gasoline,Front-wheel drive,4,2510,7,288,4670,19.5,30.2
2003,USA,Hybrid,Rear-wheel drive,2,2260,6,286,4430,19.4,34.2
2019,Asia,Gasoline,Front-wheel drive,5,2420,7,257,4330,17.8,31.1
1982,USA,Gasoline,Rear-wheel drive,4,1930,6,,4110,19.4,29.0
2002,USA,Gasoline,Front-wheel drive,4,1960,6,217,3990,20.4,30.7
2021,USA,Diesel,Front-wheel drive,3,2080,5,243,3980,15.7,36.0
2003,Asia,Diesel,Front-wheel drive,4,2220,6,256,4010,19.4,33.9
2002,Europe,Hybrid,Rear-wheel drive,5,2440,7,285,4560,,32.3
2004,USA,Gasoline,Front-wheel drive,4,2390,7,264,4390,20.7,28.4
1989,USA,Diesel,Front-wheel drive,4,2250,6,275,4280,18.8,30.3
2015,Europe,Gasoline,Front-wheel drive,3,2380,6,264,4260,18.1,33.3
2017,USA,Gasoline,Front-wheel drive,3,2500,7,272,4450,17.9,27.8
2008,Europe,Gasoline,Rear-wheel drive,2,2040,5,240,4260,18.6,30.2
1980,Europe,Diesel,Rear-wheel drive,4,2340,6,,4300,19.2,30.5
2016,USA,Diesel,All-wheel drive,4,2400,6,293,4500,18.1,30.8
1985,USA,Gasoline,Front-wheel drive,2,2340,6,266,4050,19.9,26.5
1998,Europe,Gasoline,All-wheel drive,4,2170,6,231,4370,18.3,30.1
1982,Asia,Diesel,Front-wheel drive,5,2220,6,252,4070,19.0,32.8
1986,Asia,Gasoline,Front-wheel drive,2,2100,6,221,3890,17.7,32.0
2001,USA,Diesel,All-wheel drive,5,2440,7,285,4630,20.5,31.1
1985,Asia,Gasoline,All-wheel drive,3,2330,6,246,4460,21.3,27.3
2019,Europe,Diesel,All-wheel drive,2,2390,7,261,4430,20.6,32.5
1982,Europe,Gasoline,Rear-wheel drive,2,2250,6,231,4140,18.8,27.5
2007,USA,Gasoline,All-wheel drive,5,2440,6,264,4540,18.8,30.7
2022,USA,Gasoline,Front-wheel drive,3,1910,6,218,3780,18.0,32.7
2016,USA,Diesel,Front-wheel drive,5,2010,6,254,4510,19.2,32.3
2005,Asia,Gasoline,All-wheel drive,4,2360,6,263,4540,19.7,29.3
2014,Asia,Gasoline,All-wheel drive,4,2350,6,287,4450,17.6,28.0
1998,USA,Diesel,Front-wheel drive,3,2070,6,239,3990,19.0,31.4
2002,Europe,Diesel,Front-wheel drive,3,2330,6,266,4090,16.3,34.8
2002,Asia,Gasoline,Rear-wheel drive,3,2450,7,282,4500,20.2,27.7
2013,USA,Gasoline,All-wheel drive,5,2290,6,246,4470,20.1,31.0
2009,USA,Gasoline,Front-wheel drive,4,1870,6,195,3740,20.3,32.6
2005,USA,Hybrid,Front-wheel drive,2,2170,6,259,4180,18.5,33.7
2000,USA,Gasoline,Front-wheel drive,5,2260,7,252,4220,18.8,27.6
2023,Europe,Diesel,Rear-wheel drive,3,2390,6,268,4450,20.0,36.0
1986,Europe,Hybrid,Front-wheel drive,4,2090,6,251,3990,18.3,33.2
1985,USA,Gasoline,Front-wheel drive,4,2350,6,265,4300,18.8,26.3
1996,Europe,Diesel,Front-wheel drive,2,2050,5,231,3590,19.0,33.3
2020,Asia,Gasoline,Front-wheel drive,3,2110,5,215,4090,19.0,32.5
1980,USA,Gasoline,Rear-wheel drive,5,2300,6,255,4390,20.8,25.4
1975,USA,Gasoline,All-wheel drive,3,2230,6,,4170,19.2,27.5
2013,Europe,Gasoline,Rear-wheel drive,2,2170,6,249,4160,18.3,32.8
2007,Asia,Gasoline,Rear-wheel drive,4,2220,5,213,4350,20.9,29.2
2001,Asia,Hybrid,Front-wheel drive,4,2130,6,223,4150,18.0,34.8
1977,USA,Gasoline,Front-wheel drive,3,1890,5,210,3730,17.2,28.4
1999,Europe,Gasoline,Front-wheel drive,2,2160,6,241,4040,18.9,29.4
1983,Asia,Diesel,All-wheel drive,2,2340,6,269,4340,18.5,30.3
1996,USA,Gasoline,Rear-wheel drive,3,2330,6,264,4440,18.5,27.3
1988,Europe,Gasoline,Front-wheel drive,3,2280,6,230,4180,18.2,30.3
2019,Europe,Gasoline,Rear-wheel drive,4,2260,7,220,4380,19.2,31.0
1992,Europe,Gasoline,All-wheel drive,5,2160,6,234,4520,20.0,29.3
1981,USA,Gasoline,Rear-wheel drive,3,2480,6,287,4510,20.5,25.3
2014,Europe,Diesel,Rear-wheel drive,4,2450,7,307,4500,19.1,30.5
2010,Europe,Hybrid,Front-wheel drive,5,2400,6,280,4600,18.6,31.6
2021,USA,Gasoline,All-wheel drive,3,2460,7,275,4710,19.2,25.6
2018,Asia,Diesel,Front-wheel drive,4,2380,6,279,4290,19.1,33.7
1984,USA,Gasoline,Front-wheel drive,2,2080,6,253,3890,16.8,29.2
1986,Asia,Gasoline,All-wheel drive,3,2540,6,267,4520,20.4,28.5
1995,USA,Gasoline,All-wheel drive,2,2300,7,265,4520,20.2,26.8
1993,Europe,Gasoline,Front-wheel drive,4,2090,6,255,4070,21.0,32.0
1983,USA,Gasoline,All-wheel drive,4,2380,6,269,4480,21.1,24.8
2010,Asia,Diesel,Front-wheel drive,3,1920,5,213,3780,17.8,36.9
2009,USA,Diesel,Front-wheel drive,2,2530,6,272,4300,18.5,34.5
1989,Asia,Gasoline,Front-wheel drive,2,2380,6,269,3870,21.4,29.0
1975,Europe,Hybrid,Front-wheel drive,3,2300,6,226,4000,17.2,28.1
1994,USA,Diesel,All-wheel drive,5,2520,7,298,4710,18.8,24.6
2016,Europe,Diesel,Rear-wheel drive,4,2350,6,279,4210,17.9,33.1
2014,Europe,Diesel,All-wheel drive,2,1780,5,201,3880,20.2,33.2
1994,Europe,Gasoline,All-wheel drive,3,2090,6,229,4190,17.8,29.5
2011,USA,Gasoline,Front-wheel drive,3,2580,6,308,4440,15.9,29.1
1999,USA,Gasoline,Front-wheel drive,4,2140,6,269,4200,19.1,27.9
1993,Europe,Gasoline,All-wheel drive,3,2370,6,235,4300,19.4,29.8
1984,Europe,Gasoline,Front-wheel drive,3,2260,6,,4140,22.0,27.7
1996,Europe,Gasoline,Front-wheel drive,4,2130,6,233,3880,19.2,29.6
2021,USA,Gasoline,Rear-wheel drive,3,2280,6,251,4420,19.2,31.3
1976,Asia,Diesel,Rear-wheel drive,2,2290,6,,4070,19.0,27.8
2017,USA,Diesel,Rear-wheel drive,3,2010,6,254,4060,19.2,35.4
2010,USA,Diesel,Rear-wheel drive,5,2210,7,285,4390,19.0,31.9
1994,USA,Gasoline,Front-wheel drive,4,2470,7,292,4710,21.5,29.2
1993,Europe,Gasoline,Front-wheel drive,3,2460,7,290,4280,19.4,30.0
2015,Asia,Diesel,All-wheel drive,4,2480,7,269,4630,18.4,32.4
1999,Europe,Gasoline,Front-wheel drive,4,2540,6,270,4290,18.0,29.3
2012,USA,Hybrid,Front-wheel drive,4,2120,5,235,4000,16.4,34.0
2021,USA,Gasoline,Front-wheel drive,3,2500,7,279,4430,18.0,30.9
1976,Asia,Diesel,Rear-wheel drive,4,2480,7,,4550,20.6,28.3
2003,Europe,Diesel,Front-wheel drive,5,2270,6,255,4110,18.6,34.1
1985,Europe,Gasoline,Front-wheel drive,4,2410,6,241,4040,19.6,29.7
1988,USA,Gasoline,Front-wheel drive,4,2400,7,283,4440,18.1,25.8
2007,Europe,Gasoline,All-wheel drive,2,2210,6,246,3970,19.8,29.3
1976,USA,Gasoline,Front-wheel drive,4,2120,6,,3980,19.8,28.6
1986,Asia,Diesel,Front-wheel drive,3,2190,6,244,3980,19.5,31.9
1980,Europe,Diesel,All-wheel drive,4,2040,5,,4120,,29.8
1975,Asia,Gasoline,All-wheel drive,4,2310,6,259,4440,19.2,24.8
2013,Asia,Gasoline,Front-wheel drive,5,2060,5,243,4090,20.0,33.0
2004,USA,Diesel,Front-wheel drive,3,2500,7,296,4580,16.6,27.7
2021,Europe,Diesel,Front-wheel drive,5,2210,6,278,4280,16.6,32.3
2008,Asia,Gasoline,Front-wheel drive,3,2320,6,239,4340,19.0,32.5
1999,USA,Gasoline,Front-wheel drive,3,2160,6,249,4300,17.5,27.8
1985,Europe,Gasoline,Front-wheel drive,3,2030,5,226,3850,18.7,32.1
2005,USA,Gasoline,Rear-wheel drive,5,2440,6,262,4360,17.6,27.1
2006,Asia,Diesel,All-wheel drive,2,2150,6,258,4210,18.0,34.3
1979,USA,Hybrid,Front-wheel drive,3,2220,6,,4280,19.0,32.3
2012,USA,Diesel,Rear-wheel drive,3,2150,6,254,4180,17.8,34.1
1981,USA,Hybrid,All-wheel drive,3,2570,7,274,4990,21.0,25.5
2013,USA,Gasoline,Front-wheel drive,4,2340,7,254,4520,19.3,30.9
2012,USA,Diesel,Rear-wheel drive,4,2230,6,251,4490,17.8,31.2
2013,USA,Diesel,All-wheel drive,4,2370,6,289,4750,18.9,28.2
2023,USA,Gasoline,Front-wheel drive,4,2240,6,243,4400,17.6,29.7
1985,USA,Gasoline,Front-wheel drive,4,2250,7,271,4190,18.8,29.7
2004,Europe,Gasoline,All-wheel drive,3,2320,6,243,4310,18.8,32.2
1996,Asia,Hybrid,Rear-wheel drive,5,2230,5,244,4540,20.3,34.2
1995,Europe,Gasoline,Front-wheel drive,2,2370,6,254,4210,18.6,31.9
2018,Europe,Gasoline,Front-wheel drive,4,2320,6,,4380,20.4,32.3
2007,Asia,Gasoline,Front-wheel drive,5,2010,5,217,3930,17.3,31.7
2014,Asia,Diesel,Front-wheel drive,4,2200,6,248,3960,18.5,33.9
2019,USA,Gasoline,Front-wheel drive,3,2410,7,281,4520,19.2,28.5
1994,Asia,Gasoline,Front-wheel drive,4,2150,6,,3930,16.8,32.3
1998,Europe,Gasoline,Rear-wheel drive,5,2000,6,229,4210,19.7,29.5
2006,Asia,Diesel,Rear-wheel drive,3,2330,6,276,4550,18.0,33.2
2012,USA,Hybrid,Front-wheel drive,4,2040,5,243,3990,16.5,34.2
1994,USA,Gasoline,All-wheel drive,3,2090,6,245,4490,20.4,28.7
1998,Europe,Diesel,Front-wheel drive,4,2410,7,260,4250,20.2,33.7
2012,Asia,Gasoline,Front-wheel drive,4,2360,6,251,4110,19.1,35.4
1985,USA,Gasoline,Front-wheel drive,3,2320,7,270,4280,20.3,26.8
1980,Asia,Gasoline,Front-wheel drive,4,2370,6,236,4090,20.5,26.5
2020,Europe,Diesel,Front-wheel drive,3,1920,5,221,3460,20.0,36.8
1986,Europe,Gasoline,Rear-wheel drive,4,2280,6,238,4550,19.8,26.7
2004,USA,Gasoline,Rear-wheel drive,2,2330,6,253,4300,19.8,27.1
1997,USA,Hybrid,Rear-wheel drive,5,2160,6,259,4380,21.0,32.4
2021,Europe,Gasoline,All-wheel drive,4,2480,6,260,4680,19.6,32.4
1986,Europe,Gasoline,Front-wheel drive,5,2030,6,230,4050,19.1,30.2
1988,USA,Gasoline,Front-wheel drive,5,2200,6,249,4420,19.7,25.6
1978,Europe,Gasoline,Front-wheel drive,2,2250,6,,4370,17.8,25.9
2000,USA,Gasoline,Rear-wheel drive,2,2610,7,299,4740,19.1,27.1
1982,USA,Diesel,Front-wheel drive,3,2090,6,251,3820,18.0,29.2
2012,USA,Gasoline,All-wheel drive,2,2420,6,272,4800,20.6,26.1
1993,Asia,Gasoline,Front-wheel drive,4,2110,6,241,4090,18.8,26.7
1996,Europe,Gasoline,Front-wheel drive,3,2460,7,272,4410,20.2,26.9
2013,USA,Hybrid,Front-wheel drive,3,2510,7,280,4510,18.6,34.2
2015,USA,Gasoline,Front-wheel drive,4,2190,6,226,4220,18.7,31.4
1983,Asia,Hybrid,Front-wheel drive,4,2380,6,,4250,20.3,35.0
1990,Europe,Hybrid,All-wheel drive,2,2320,5,230,3990,17.4,35.0
1996,Europe,Gasoline,Front-wheel drive,4,1930,5,216,3890,17.8,32.8
2011,Europe,Diesel,Front-wheel drive,5,2250,6,264,4060,18.6,36.7
2016,USA,Diesel,All-wheel drive,3,2250,6,271,4320,19.5,30.8
2008,Europe,Diesel,Rear-wheel drive,4,2440,7,284,4260,19.2,30.9
1981,Europe,Diesel,Rear-wheel drive,2,2350,6,,4540,20.9,28.9
2014,Asia,Hybrid,Front-wheel drive,5,2190,6,216,4120,20.0,36.7
1985,Europe,Gasoline,Rear-wheel drive,4,2180,6,229,4070,18.7,30.5
2016,USA,Gasoline,All-wheel drive,4,2220,6,250,4520,19.3,29.6
2022,USA,Gasoline,All-wheel drive,4,2120,6,243,4250,18.4,31.5
2018,Europe,Diesel,Rear-wheel drive,4,2250,6,257,4300,17.9,33.4
2000,Europe,Gasoline,Front-wheel drive,3,2690,7,294,4370,17.7,27.5
1989,Europe,Gasoline,All-wheel drive,5,2300,6,233,4660,19.5,29.1
2006,Europe,Gasoline,All-wheel drive,4,2250,6,233,4140,19.1,29.9
1997,Europe,Gasoline,Rear-wheel drive,3,2480,6,277,4680,19.2,27.5
2008,USA,Gasoline,Front-wheel drive,3,2560,7,304,4650,17.1,28.5
1995,USA,Gasoline,All-wheel drive,4,2360,6,268,4750,20.6,25.1
1989,Asia,Diesel,Rear-wheel drive,3,2370,6,268,4480,21.2,33.3
2009,Asia,Gasoline,Rear-wheel drive,4,2130,6,,4360,21.0,31.0
1997,Europe,Diesel,Front-wheel drive,2,2320,7,252,4480,,28.4
1988,USA,Gasoline,All-wheel drive,4,2150,6,261,4460,20.4,29.2
1998,Asia,Gasoline,All-wheel drive,3,2290,6,257,4390,19.6,25.2
2001,Europe,Hybrid,All-wheel drive,3,2460,7,269,4450,19.9,29.2
2007,Asia,Gasoline,Front-wheel drive,3,2250,6,236,4220,18.4,30.3
2018,Europe,Gasoline,Rear-wheel drive,3,2330,6,263,4380,17.4,31.2
2020,Asia,Gasoline,Front-wheel drive,3,2250,6,245,3990,17.3,31.6
1997,USA,Gasoline,Rear-wheel drive,3,2030,6,241,4150,17.8,26.7
1979,USA,Gasoline,Rear-wheel drive,3,2430,6,260,4600,18.8,25.5
2002,Europe,Gasoline,Rear-wheel drive,3,2340,6,236,4310,19.4,28.0
1996,USA,Gasoline,Front-wheel drive,2,2110,6,247,4100,19.3,30.5
2012,Asia,Gasoline,Front-wheel drive,4,2180,6,251,4250,17.0,29.7
1981,Asia,Gasoline,Front-wheel drive,2,2070,6,241,4180,18.3,27.7
2002,USA,Gasoline,Rear-wheel drive,3,1870,5,215,3930,19.6,31.7
1997,USA,Gasoline,Front-wheel drive,4,2020,5,218,4000,19.9,31.1
2002,Europe,Diesel,Front-wheel drive,5,2270,6,258,4530,20.8,32.6
1982,USA,Gasoline,Front-wheel drive,3,2110,5,,4270,19.8,26.4
2024,Asia,Gasoline,Front-wheel drive,3,2500,7,261,4550,17.3,31.9
2018,Europe,Diesel,Front-wheel drive,5,2240,6,260,4410,18.1,36.6
2003,Europe,Gasoline,Front-wheel drive,4,2530,7,270,4140,17.0,30.7
2017,Europe,Diesel,Rear-wheel drive,3,2490,7,268,4670,18.3,29.4
1998,USA,Gasoline,Front-wheel drive,4,2360,6,241,4370,19.1,31.8
1999,USA,Diesel,Front-wheel drive,3,2150,6,252,4060,19.4,33.8
2020,Europe,Gasoline,Rear-wheel drive,4,2130,5,231,4290,18.5,33.8
1993,USA,Diesel,Rear-wheel drive,3,2070,6,259,4030,18.0,28.7
1986,USA,Hybrid,Front-wheel drive,5,2400,6,257,4650,18.2,28.8
1997,Europe,Gasoline,All-wheel drive,4,2480,6,238,4530,18.9,28.8
2002,Europe,Diesel,All-wheel drive,4,2120,6,246,4360,21.2,33.9
1985,USA,Gasoline,Rear-wheel drive,5,2660,6,308,5200,19.6,25.1
1989,Europe,Gasoline,Rear-wheel drive,2,2150,6,219,4030,19.9,29.5
1996,USA,Diesel,Front-wheel drive,3,2220,6,273,4320,20.5,29.9
2006,USA,Gasoline,Front-wheel drive,4,2190,6,238,4170,19.4,29.8
2023,USA,Gasoline,Rear-wheel drive,5,2350,7,273,4680,20.7,29.6
2006,USA,Gasoline,All-wheel drive,2,2320,6,265,4690,18.8,25.3
1981,Europe,Gasoline,All-wheel drive,4,2410,6,,4730,21.2,26.6
2018,USA,Gasoline,Front-wheel drive,3,2180,6,242,4280,18.5,30.3
1987,Asia,Hybrid,Rear-wheel drive,4,1970,5,240,3940,18.8,32.7
2014,Europe,Gasoline,Rear-wheel drive,3,2100,6,226,4160,20.1,31.1
2012,USA,Gasoline,All-wheel drive,4,2360,6,236,4650,20.8,31.0
2005,USA,Gasoline,Front-wheel drive,2,2250,6,245,4070,17.8,29.9
2022,Europe,Gasoline,Rear-wheel drive,5,2280,6,247,4230,18.0,31.9
2009,USA,Diesel,Front-wheel drive,4,2230,6,271,4100,20.2,31.2
2014,Europe,Gasoline,All-wheel drive,3,2160,6,241,4130,19.2,31.4
2006,Europe,Gasoline,Rear-wheel drive,3,2110,6,221,3940,17.9,33.0
1990,Europe,Gasoline,Rear-wheel drive,2,2300,6,264,4110,18.9,28.4
1996,Asia,Gasoline,All-wheel drive,2,2180,6,,4470,18.9,26.8
2012,Europe,Gasoline,All-wheel drive,4,2460,6,252,4670,20.7,29.8
2011,Asia,Gasoline,Front-wheel drive,3,1700,5,212,3510,18.3,31.7
1981,USA,Hybrid,Front-wheel drive,2,2370,6,,4510,18.5,27.8
1994,Europe,Gasoline,Rear-wheel drive,4,2110,6,259,4160,18.8,27.2
2002,USA,Gasoline,Front-wheel drive,3,2300,6,280,4180,19.5,30.4
2019,Asia,Gasoline,Front-wheel drive,3,2480,6,251,4350,19.9,30.9
2023,USA,Diesel,Front-wheel drive,5,1980,5,259,4150,19.2,35.5
1986,Europe,Gasoline,Front-wheel drive,4,2200,6,256,4260,,28.9
2022,Asia,Gasoline,Front-wheel drive,3,2470,6,260,4220,17.4,31.0
2020,Europe,Gasoline,Front-wheel drive,2,2330,6,256,4170,16.4,31.3
1994,Asia,Gasoline,All-wheel drive,5,2040,5,210,4220,21.7,31.8
1994,USA,Gasoline,Front-wheel drive,4,2020,6,220,4190,18.2,28.1
2014,USA,Gasoline,All-wheel drive,3,2410,7,265,4480,17.3,29.0
1981,Asia,Diesel,Rear-wheel drive,3,1820,5,203,4070,20.8,31.5
1983,Asia,Gasoline,Front-wheel drive,3,2080,6,230,3940,19.9,28.3
2000,USA,Gasoline,Front-wheel drive,5,2300,6,241,4490,19.0,30.7
1983,Asia,Diesel,Front-wheel drive,3,2540,6,251,4390,19.8,30.0
2006,Asia,Gasoline,Front-wheel drive,5,2150,6,245,4350,19.3,32.3
1979,USA,Gasoline,Front-wheel drive,4,2100,6,,4160,19.4,28.6
1986,Europe,Gasoline,All-wheel drive,2,2220,5,219,4270,20.6,27.6
1985,USA,Gasoline,Front-wheel drive,3,2450,6,249,4290,18.1,23.2
2024,Europe,Gasoline,Front-wheel drive,5,2300,6,260,4370,17.8,31.3
1992,Asia,Gasoline,Rear-wheel drive,2,2340,7,267,4320,17.7,28.6
2009,Asia,Gasoline,Front-wheel drive,3,2480,7,294,4290,17.1,32.5
2004,Europe,Gasoline,Rear-wheel drive,5,2340,6,265,4210,17.7,27.0
2012,Asia,Gasoline,Front-wheel drive,5,2130,6,265,4110,17.1,35.8
2020,Europe,Hybrid,Front-wheel drive,5,2420,6,281,4430,20.2,35.9
2011,Asia,Gasoline,Front-wheel drive,4,2790,7,297,4610,18.8,31.9
1989,USA,Gasoline,Front-wheel drive,4,2110,6,240,4180,19.3,24.8
1977,Asia,Diesel,Front-wheel drive,4,2420,7,276,4330,18.2,29.6
2007,USA,Gasoline,Front-wheel drive,2,1870,5,218,3780,19.9,32.2
1979,Europe,Diesel,All-wheel drive,5,2260,6,247,4370,18.8,30.9
1993,Europe,Hybrid,Front-wheel drive,3,1930,5,235,3670,,35.3
2004,USA,Diesel,Front-wheel drive,3,2070,5,250,4290,18.3,29.5
1992,Asia,Gasoline,Front-wheel drive,3,2350,6,245,4260,18.5,28.3
2017,USA,Hybrid,Front-wheel drive,5,2000,5,242,4030,18.0,34.5
2017,Asia,Gasoline,All-wheel drive,3,2290,6,250,4550,19.8,30.4
2001,USA,Gasoline,Front-wheel drive,5,2410,6,283,4570,19.5,28.4
2012,USA,Gasoline,All-wheel drive,3,2310,6,269,4170,19.5,30.5
2004,USA,Gasoline,Rear-wheel drive,4,2210,6,254,4480,18.4,27.4
2021,Asia,Diesel,All-wheel drive,2,2140,6,231,3970,19.7,34.9
2011,Asia,Gasoline,Rear-wheel drive,4,2370,6,244,4440,17.9,29.1
1980,USA,Gasoline,Rear-wheel drive,3,2430,6,286,4500,19.8,23.6
1997,USA,Gasoline,All-wheel drive,3,2230,6,264,4640,19.7,29.2
2017,USA,Hybrid,Front-wheel drive,3,1960,6,225,4010,17.3,34.5
2008,Asia,Diesel,All-wheel drive,4,2420,6,,4340,20.1,28.4
1983,Europe,Gasoline,All-wheel drive,4,2380,6,262,4670,19.8,28.3
1979,USA,Gasoline,Rear-wheel drive,5,2110,6,,4180,20.3,26.5
2006,Asia,Hybrid,Front-wheel drive,4,2160,5,226,4300,19.3,36.0
1994,USA,Gasoline,Front-wheel drive,3,2410,6,256,4430,19.1,27.9
1993,USA,Gasoline,Front-wheel drive,4,2270,6,284,4230,16.5,29.6
2005,Europe,Gasoline,Front-wheel drive,3,2150,6,233,3880,17.8,32.8
2014,USA,Gasoline,All-wheel drive,2,2440,6,276,4550,19.6,30.4
2016,Asia,Diesel,All-wheel drive,4,2120,6,241,4180,19.1,32.6
1987,Asia,Diesel,Front-wheel drive,4,2040,6,224,3740,19.0,32.9
1982,USA,Gasoline,All-wheel drive,3,2440,7,,4530,20.0,22.4
1977,USA,Gasoline,Rear-wheel drive,4,1800,5,187,4120,20.3,24.5
1987,Asia,Diesel,Front-wheel drive,3,2110,6,249,3660,19.5,31.8
2007,USA,Hybrid,All-wheel drive,4,2160,6,255,4420,19.7,32.6
1979,USA,Gasoline,All-wheel drive,2,2430,6,265,4410,19.6,21.9
2003,Europe,Gasoline,Front-wheel drive,3,2270,6,,4000,17.0,30.7
1981,Asia,Gasoline,Front-wheel drive,3,2300,6,253,4370,20.3,31.9
1992,Europe,Gasoline,Front-wheel drive,3,2020,6,218,3830,19.0,32.0
1991,USA,Gasoline,Rear-wheel drive,3,2050,6,227,3880,18.2,31.2
2013,USA,Diesel,All-wheel drive,4,2070,6,233,4240,18.1,30.2
2011,Asia,Gasoline,Rear-wheel drive,4,2130,6,,4000,17.9,30.9
2004,Europe,Gasoline,All-wheel drive,4,2280,6,235,4590,19.6,30.1
1976,USA,Gasoline,Front-wheel drive,5,2350,6,272,4140,19.9,27.6
2009,Europe,Gasoline,All-wheel drive,3,2170,5,224,4370,19.1,29.3
1997,USA,Gasoline,Rear-wheel drive,4,2210,6,,4500,18.3,28.1
1984,USA,Diesel,Front-wheel drive,3,2190,6,254,4040,16.4,29.0
2013,USA,Gasoline,All-wheel drive,4,2690,6,300,4900,17.9,25.4
1995,Europe,Diesel,Front-wheel drive,2,2330,6,254,3860,17.9,31.9
1980,Asia,Gasoline,Front-wheel drive,3,2610,7,,4610,17.6,28.4
2012,USA,Hybrid,Front-wheel drive,3,2600,7,313,4460,17.5,32.9
2022,USA,Hybrid,Front-wheel drive,4,2450,6,279,4510,19.4,35.9
1982,Asia,Gasoline,All-wheel drive,4,2560,7,276,4670,18.9,26.5
2020,Europe,Gasoline,All-wheel drive,4,2380,6,255,4260,20.8,30.4
1999,Europe,Gasoline,All-wheel drive,3,2210,6,254,4060,16.8,27.9
1985,USA,Gasoline,Rear-wheel drive,5,2660,7,298,5080,20.6,23.1
2017,Asia,Diesel,Rear-wheel drive,4,2330,6,266,4240,19.3,32.1
2023,Asia,Gasoline,Front-wheel drive,5,2520,6,257,4270,19.5,31.5
2011,Europe,Diesel,Front-wheel drive,5,2090,6,245,3850,17.9,33.4
2012,Europe,Hybrid,All-wheel drive,3,2260,6,252,4460,19.0,31.5
2008,Asia,Gasoline,All-wheel drive,2,2960,7,298,5140,20.4,28.2
1981,Europe,Gasoline,Front-wheel drive,4,2330,6,,4260,,28.0
1998,Asia,Diesel,Front-wheel drive,5,2070,5,238,4040,18.3,34.6
2007,Europe,Gasoline,Front-wheel drive,4,2150,6,233,4070,17.3,28.9
2009,Europe,Gasoline,Front-wheel drive,2,1970,5,232,3560,15.3,32.2
2019,USA,Hybrid,Front-wheel drive,4,2300,6,244,4200,20.2,36.2
2017,Europe,Gasoline,Rear-wheel drive,3,2290,6,265,4210,18.3,33.3
1979,USA,Gasoline,Front-wheel drive,4,2340,6,276,4320,21.2,25.1
2023,USA,Diesel,Front-wheel drive,4,2430,7,278,4620,21.9,33.5
1994,USA,Gasoline,Front-wheel drive,4,2750,7,295,4560,16.4,27.5
2016,Europe,Gasoline,Front-wheel drive,3,2070,5,228,4000,17.8,34.8
1977,Asia,Gasoline,All-wheel drive,4,2140,6,227,4540,20.9,23.7
2006,Asia,Gasoline,All-wheel drive,3,2430,6,293,4640,19.3,31.6
2004,USA,Diesel,Front-wheel drive,2,2380,7,317,4270,20.1,30.5
1992,USA,Gasoline,Rear-wheel drive,2,2470,7,297,4430,20.5,22.1
2010,USA,Gasoline,All-wheel drive,4,2460,6,276,4930,18.9,23.4
1983,Europe,Hybrid,Front-wheel drive,3,2420,6,,4130,17.9,32.0
2014,Asia,Gasoline,All-wheel drive,2,2350,6,264,4290,18.4,32.4
1976,Asia,Gasoline,All-wheel drive,3,2540,7,,4730,19.9,25.6
2004,Europe,Hybrid,All-wheel drive,2,1980,5,246,3820,15.9,35.4
2000,USA,Gasoline,Front-wheel drive,3,2410,6,275,4450,18.4,27.4
2021,Asia,Gasoline,Front-wheel drive,2,2360,6,264,4200,18.7,31.7
2015,Asia,Gasoline,Rear-wheel drive,3,2180,5,233,4000,18.3,33.3
1982,USA,Gasoline,Front-wheel drive,2,2460,7,,4120,18.1,27.3
2018,Asia,Gasoline,Front-wheel drive,4,2140,5,215,4260,17.2,32.1
1995,USA,Hybrid,All-wheel drive,3,2540,7,281,4650,19.5,30.4
2007,USA,Gasoline,Front-wheel drive,3,2140,6,246,4090,16.5,30.3
1989,USA,Gasoline,Front-wheel drive,2,2260,6,267,4180,19.4,27.9
1986,Asia,Gasoline,Front-wheel drive,5,2320,7,266,4320,17.9,27.1
2015,USA,Diesel,Front-wheel drive,4,2460,7,297,4530,17.7,35.4
2017,USA,Hybrid,Rear-wheel drive,3,2380,6,254,4550,19.7,31.8
2000,USA,Hybrid,Front-wheel drive,5,1980,6,241,4050,18.3,34.6
2021,Europe,Gasoline,Front-wheel drive,3,2280,6,266,4340,18.2,33.1
2022,Asia,Gasoline,Rear-wheel drive,4,2110,6,233,4150,20.5,32.8
2004,USA,Gasoline,Rear-wheel drive,2,1950,5,222,3860,16.6,30.5
2018,USA,Gasoline,Rear-wheel drive,3,2320,6,262,4340,19.7,29.5
2013,Asia,Hybrid,All-wheel drive,3,2250,6,252,4450,18.1,33.0
1984,Europe,Gasoline,Front-wheel drive,3,2090,6,,3790,19.1,30.7
1998,USA,Gasoline,Front-wheel drive,3,2290,6,266,4390,18.3,30.2
1993,Asia,Gasoline,Front-wheel drive,3,2500,7,274,4210,19.4,30.3
2005,USA,Diesel,Front-wheel drive,4,2110,6,264,4310,17.7,34.7
2013,USA,Gasoline,Front-wheel drive,3,2510,7,287,4340,18.0,31.6
2004,USA,Diesel,Front-wheel drive,4,2190,6,257,4190,18.8,29.3
1995,USA,Diesel,All-wheel drive,3,2360,6,294,4550,19.9,28.1
1999,Europe,Gasoline,Front-wheel drive,3,2250,6,257,4180,,32.0
2008,USA,Diesel,All-wheel drive,3,2330,6,258,4440,18.6,29.3
1999,Asia,Gasoline,Rear-wheel drive,2,2080,6,226,4070,20.9,30.7
2008,USA,Gasoline,Front-wheel drive,4,2220,6,255,4360,18.2,26.2
2017,Europe,Diesel,Rear-wheel drive,3,2440,6,256,4370,18.4,31.2
1985,USA,Gasoline,All-wheel drive,2,2450,6,280,4710,20.6,22.8
2011,Asia,Hybrid,Front-wheel drive,5,2450,6,259,4510,19.5,35.4
2015,Asia,Gasoline,Rear-wheel drive,4,2220,6,267,4390,17.2,28.2
2017,Europe,Diesel,All-wheel drive,3,2320,6,250,4280,16.9,36.2
1992,Asia,Diesel,Front-wheel drive,4,2120,6,252,3950,18.8,30.5
1979,Asia,Diesel,Front-wheel drive,4,2150,6,,4040,18.9,32.2
1990,USA,Gasoline,All-wheel drive,2,2460,6,274,4640,20.2,22.3
1996,Europe,Diesel,All-wheel drive,5,2620,7,292,4840,20.3,28.5
2002,Europe,Gasoline,All-wheel drive,3,2220,5,227,4420,17.2,28.0
2007,USA,Gasoline,Rear-wheel drive,3,2150,7,249,4380,17.4,28.5
2015,Europe,Gasoline,All-wheel drive,3,2240,6,234,4220,18.8,31.2
1992,Asia,Gasoline,All-wheel drive,3,2320,7,259,4480,18.1,27.6
1991,USA,Gasoline,Front-wheel drive,3,2180,6,228,4120,16.7,31.3
1984,Europe,Gasoline,Rear-wheel drive,5,2470,6,,4710,21.2,27.3
2003,USA,Gasoline,All-wheel drive,5,2380,6,276,4640,18.1,25.6
1982,USA,Gasoline,Front-wheel drive,5,2030,5,244,3860,16.1,27.0
1984,Asia,Gasoline,All-wheel drive,3,2200,6,237,4520,21.0,27.0
1994,USA,Diesel,Rear-wheel drive,4,2400,6,289,4620,20.5,27.2
2024,Asia,Diesel,All-wheel drive,4,2480,6,272,4700,17.3,28.1
2003,USA,Gasoline,Front-wheel drive,3,2330,6,273,4420,18.8,28.2
2023,Asia,Gasoline,Rear-wheel drive,3,2270,7,276,4350,17.3,30.3
1986,USA,Diesel,All-wheel drive,2,2400,7,284,4620,18.9,27.2
1981,USA,Gasoline,Rear-wheel drive,4,2130,5,219,4270,18.0,27.4
2019,USA,Hybrid,Rear-wheel drive,5,2270,6,269,4280,15.8,33.6
1989,Europe,Gasoline,Front-wheel drive,4,1780,5,194,3760,18.8,32.2
2005,Asia,Gasoline,Front-wheel drive,5,2250,6,231,4500,21.5,31.9
2001,USA,Diesel,Front-wheel drive,5,2340,6,270,4110,17.9,30.3
2017,USA,Gasoline,All-wheel drive,4,2090,5,248,4260,19.7,29.7
1983,USA,Gasoline,All-wheel drive,5,2040,6,,4490,20.7,25.5
1994,Europe,Hybrid,Rear-wheel drive,3,2140,6,229,4310,19.8,33.9
1990,USA,Gasoline,Front-wheel drive,5,2450,6,267,4390,18.7,26.0
1986,Europe,Gasoline,Front-wheel drive,4,2180,6,251,4210,21.4,28.7
2000,USA,Gasoline,Rear-wheel drive,3,2550,7,286,4520,20.4,26.7
2014,USA,Diesel,All-wheel drive,3,2280,6,276,4610,19.6,32.7
2010,Asia,Gasoline,Rear-wheel drive,3,2330,6,231,4380,20.5,29.2
2001,USA,Diesel,Rear-wheel drive,4,2490,7,304,4330,19.0,27.6
1985,USA,Hybrid,Front-wheel drive,3,2510,7,285,4260,20.4,30.0
1993,Asia,Gasoline,Rear-wheel drive,5,2120,6,246,4010,19.4,30.2
2020,USA,Gasoline,All-wheel drive,2,2410,6,267,4690,18.7,27.1
2016,USA,Gasoline,Front-wheel drive,5,2110,6,249,4040,17.8,33.1
1992,Asia,Diesel,Rear-wheel drive,4,2370,6,282,4620,22.5,30.8
1992,USA,Diesel,Rear-wheel drive,3,2220,6,269,4350,17.9,33.2
2017,Europe,Gasoline,Front-wheel drive,4,2220,6,251,4320,18.4,31.9
2011,Asia,Diesel,Front-wheel drive,5,2490,7,304,4320,18.1,31.1
2021,USA,Hybrid,Rear-wheel drive,3,2190,5,257,4250,19.7,34.4
1976,Asia,Gasoline,All-wheel drive,4,2270,6,265,4430,18.6,28.0
2012,USA,Diesel,Rear-wheel drive,4,2290,6,254,4460,18.8,33.1
2001,Europe,Gasoline,Front-wheel drive,4,2430,7,264,4420,,33.2
1995,Asia,Gasoline,Front-wheel drive,4,2310,6,276,4120,19.4,30.9
2005,Asia,Diesel,Front-wheel drive,5,2370,6,277,4310,18.7,32.6
1977,Europe,Gasoline,Front-wheel drive,2,2370,6,245,4320,16.7,27.3
1982,USA,Diesel,Front-wheel drive,3,2010,6,,3950,18.8,28.6
2017,Asia,Gasoline,All-wheel drive,5,2550,7,,4700,17.2,29.9
1997,Asia,Gasoline,Front-wheel drive,3,2210,6,229,4130,18.7,33.5
1976,Europe,Gasoline,Front-wheel drive,4,1980,6,,3980,18.1,27.4
2013,Europe,Gasoline,Front-wheel drive,4,2410,7,268,4510,,30.7
1981,USA,Gasoline,Front-wheel drive,2,2450,6,,4080,18.6,24.5
2008,Europe,Gasoline,Front-wheel drive,2,1930,5,209,3700,19.5,29.1
2002,USA,Gasoline,All-wheel drive,2,2260,6,,4390,18.5,26.0
1979,USA,Gasoline,Front-wheel drive,4,1960,5,226,3910,19.8,28.6
1992,Asia,Gasoline,Front-wheel drive,4,2050,6,236,4500,19.9,30.2
1985,Asia,Diesel,Front-wheel drive,3,2260,6,267,4120,18.3,32.1
2024,USA,Gasoline,Front-wheel drive,5,2030,6,240,4020,16.1,31.9
2021,USA,Gasoline,Front-wheel drive,3,2470,6,277,4150,18.6,30.9
1976,USA,Gasoline,Rear-wheel drive,3,2140,6,,4190,20.1,23.6
1993,Asia,Gasoline,Front-wheel drive,4,2250,6,240,4380,19.8,29.6
2010,Europe,Gasoline,Rear-wheel drive,2,2600,7,291,4770,15.9,27.7
2001,Europe,Gasoline,All-wheel drive,2,2150,6,,4060,19.5,27.9
2023,USA,Gasoline,Front-wheel drive,4,2320,6,270,4230,18.8,30.5
1975,Asia,Hybrid,Front-wheel drive,4,2130,6,,3800,17.4,31.7
2000,Asia,Gasoline,Front-wheel drive,3,2130,5,230,3790,17.7,31.9
2003,Europe,Gasoline,Front-wheel drive,4,2370,7,254,4180,16.4,31.3
2009,Europe,Gasoline,Rear-wheel drive,4,2100,5,244,4020,18.4,32.1
1995,Europe,Gasoline,Front-wheel drive,2,2240,6,236,4230,20.2,31.4
1995,Europe,Diesel,Front-wheel drive,2,2360,7,256,4550,18.3,31.0
2000,USA,Diesel,Rear-wheel drive,4,2400,6,285,4600,17.5,24.5
2021,Europe,Gasoline,Front-wheel drive,4,2330,6,283,4260,19.4,31.1
1984,Asia,Gasoline,All-wheel drive,5,2250,6,282,4380,19.6,25.8
1984,Europe,Gasoline,Front-wheel drive,3,2230,6,248,3990,18.5,29.2
2009,USA,Gasoline,Front-wheel drive,5,2310,6,254,4250,18.6,26.9
2015,USA,Gasoline,Front-wheel drive,4,2090,5,252,4100,19.5,29.9
2007,Asia,Gasoline,Front-wheel drive,3,2340,6,232,4350,18.3,32.5
2013,Europe,Diesel,Front-wheel drive,2,2170,5,254,4100,19.4,32.3
2016,Europe,Diesel,Front-wheel drive,3,2130,6,255,3940,17.4,33.0
2016,USA,Gasoline,Rear-wheel drive,3,2440,6,252,4620,18.8,27.0
2005,USA,Gasoline,All-wheel drive,3,2300,6,262,4200,18.9,28.7
1986,USA,Gasoline,Front-wheel drive,4,2440,6,290,4060,18.8,29.4
2006,Asia,Hybrid,Front-wheel drive,3,1900,6,216,3840,18.8,37.3
1987,USA,Diesel,Front-wheel drive,4,2540,6,287,4440,18.8,27.5
2007,Europe,Gasoline,Front-wheel drive,5,2560,7,268,4540,19.3,31.3
1990,Europe,Gasoline,Rear-wheel drive,3,2140,6,238,4140,17.6,31.2
1998,USA,Gasoline,Front-wheel drive,4,1880,5,235,3720,18.0,35.1
1976,USA,Gasoline,Front-wheel drive,4,2070,5,243,4020,18.4,28.0
2015,USA,Gasoline,Front-wheel drive,4,2700,7,291,4350,17.7,28.7
2000,Europe,Hybrid,Front-wheel drive,3,2000,5,215,4060,19.2,33.3
2017,USA,Gasoline,Front-wheel drive,5,2090,6,238,4100,18.3,33.6
2014,Europe,Diesel,Front-wheel drive,4,2120,5,246,4040,18.1,34.9
1995,Asia,Gasoline,Front-wheel drive,2,2340,6,247,3970,19.2,32.5
2004,Europe,Gasoline,All-wheel drive,5,2110,6,244,4460,19.4,31.7
1995,Europe,Gasoline,Front-wheel drive,4,2090,5,217,3850,19.4,31.3
2014,Europe,Hybrid,Front-wheel drive,5,2110,6,244,4160,18.1,35.3
1989,USA,Gasoline,Front-wheel drive,5,2260,6,237,4600,17.9,28.6
1978,Europe,Gasoline,Front-wheel drive,3,2670,7,278,4550,18.2,25.7
1989,Europe,Gasoline,Front-wheel drive,4,1760,5,200,3700,19.5,31.2
2019,Asia,Gasoline,Front-wheel drive,2,2330,6,249,4110,19.4,34.0
1981,USA,Diesel,Front-wheel drive,3,2230,6,261,4060,18.2,29.5
2023,Europe,Gasoline,Front-wheel drive,4,2830,8,307,4760,17.5,29.7
1984,Europe,Gasoline,Front-wheel drive,4,2610,6,,4650,,27.0
1991,Asia,Gasoline,Front-wheel drive,5,1990,5,208,4230,19.2,30.5
2019,Europe,Diesel,All-wheel drive,3,2220,6,245,4140,16.3,31.5
1992,USA,Diesel,Front-wheel drive,4,2200,6,240,4450,21.1,28.7
2000,USA,Gasoline,Front-wheel drive,4,2270,6,252,4330,18.0,29.0
1977,USA,Hybrid,Front-wheel drive,4,2110,5,,4120,20.4,32.6
2014,Europe,Gasoline,All-wheel drive,3,2440,6,259,4570,20.0,28.7
2016,Asia,Gasoline,Front-wheel drive,5,2090,5,200,3960,18.9,31.8
2020,USA,Diesel,Front-wheel drive,4,2480,6,301,4250,18.2,30.5
1997,Europe,Gasoline,Front-wheel drive,5,2160,6,231,4000,19.9,31.2
1988,USA,Gasoline,Rear-wheel drive,2,2090,5,242,4300,19.1,28.3
2018,USA,Diesel,All-wheel drive,4,2380,6,263,4640,20.0,30.4
2007,USA,Diesel,Front-wheel drive,3,1930,5,232,3930,17.8,35.2
1995,USA,Gasoline,Front-wheel drive,5,2100,6,257,4140,17.8,30.8
1994,USA,Gasoline,All-wheel drive,5,2310,6,245,4320,18.8,26.5
1976,USA,Diesel,All-wheel drive,2,2300,6,300,4230,19.2,29.0
2001,USA,Gasoline,Front-wheel drive,5,2120,6,233,4140,19.6,30.7
2018,USA,Diesel,All-wheel drive,4,2220,6,285,4390,17.7,28.1
2003,Europe,Gasoline,Rear-wheel drive,4,2130,5,227,4090,19.4,30.1
1998,Europe,Gasoline,Front-wheel drive,3,2310,6,266,4270,19.5,26.7
2014,USA,Diesel,Rear-wheel drive,2,2540,7,301,4670,18.1,32.2
2022,Europe,Gasoline,Front-wheel drive,3,2030,6,224,4050,19.3,33.6
1980,Asia,Diesel,All-wheel drive,4,2100,6,239,4130,18.5,26.7
2021,USA,Diesel,All-wheel drive,3,2030,6,261,3990,17.5,32.7
2018,Europe,Gasoline,All-wheel drive,3,2460,7,261,4550,20.8,28.9
2016,USA,Gasoline,Front-wheel drive,3,1970,6,223,3960,20.0,27.2
2010,Asia,Gasoline,Front-wheel drive,5,2270,6,234,4310,19.9,30.7
2022,Asia,Diesel,Rear-wheel drive,2,2200,5,245,4080,20.7,33.4
2014,USA,Diesel,Rear-wheel drive,2,2820,7,328,4640,20.2,32.4
1984,USA,Gasoline,Rear-wheel drive,3,1930,5,,4030,16.9,25.1
1999,Europe,Diesel,Front-wheel drive,3,2090,6,238,3950,19.8,33.7
1982,Asia,Diesel,All-wheel drive,3,2290,6,,4160,19.7,27.1
2014,Asia,Hybrid,Front-wheel drive,5,2230,6,231,4120,18.3,37.9
2011,USA,Gasoline,Front-wheel drive,2,2240,6,254,4190,18.9,32.4
2018,USA,Gasoline,Rear-wheel drive,4,2420,7,292,4670,16.5,28.7
1979,Europe,Hybrid,Front-wheel drive,3,2200,6,239,4020,19.5,33.8
2021,Europe,Gasoline,Rear-wheel drive,4,2180,6,248,4230,19.7,30.7
1976,Asia,Gasoline,All-wheel drive,2,2420,7,,4550,19.2,25.1
1999,Asia,Gasoline,Front-wheel drive,4,2260,6,258,3840,19.6,30.4
2014,Asia,Diesel,Front-wheel drive,4,2410,7,286,4260,20.1,30.8
1994,Europe,Gasoline,All-wheel drive,3,2760,8,318,4950,20.9,24.2
1983,Europe,Gasoline,All-wheel drive,4,2380,6,246,4810,20.1,23.4
2003,Europe,Gasoline,All-wheel drive,4,2430,6,257,4540,19.6,27.3
1979,Europe,Gasoline,All-wheel drive,4,2480,6,,4650,18.5,25.7
1995,Asia,Gasoline,Rear-wheel drive,2,2360,6,267,4450,19.1,28.2
1995,Europe,Diesel,All-wheel drive,4,2210,5,235,4390,21.4,32.2
2003,USA,Hybrid,Front-wheel drive,4,2170,5,244,4240,19.6,34.7
1997,Europe,Hybrid,Front-wheel drive,4,1940,5,215,3840,,34.3
1983,USA,Gasoline,Front-wheel drive,3,2330,6,273,4380,19.5,27.9
1976,USA,Gasoline,Front-wheel drive,3,2780,7,,4700,18.5,25.9
1998,Asia,Diesel,Front-wheel drive,3,2110,6,242,3980,21.2,34.2
2010,Europe,Gasoline,Front-wheel drive,3,2200,6,240,4090,17.6,31.3
1983,USA,Gasoline,Rear-wheel drive,4,2190,6,259,4290,19.8,25.2
2020,Europe,Hybrid,All-wheel drive,5,2190,6,246,4610,20.1,33.0
2016,USA,Gasoline,Front-wheel drive,3,2280,6,286,4300,18.8,30.4
1996,Asia,Gasoline,Front-wheel drive,5,2080,6,243,4100,19.3,28.5
1985,Europe,Gasoline,All-wheel drive,3,2310,6,269,4510,18.4,26.3
2015,USA,Gasoline,Front-wheel drive,4,2170,6,263,4120,18.9,31.8
2000,Europe,Gasoline,Rear-wheel drive,3,2470,6,272,4740,19.3,26.3
1995,USA,Gasoline,All-wheel drive,4,2190,6,244,4450,19.8,27.9
1997,Europe,Gasoline,All-wheel drive,4,2380,6,247,4710,22.1,26.1
2009,Europe,Diesel,Front-wheel drive,4,2030,5,246,3980,17.5,33.6
1977,USA,Gasoline,All-wheel drive,3,2350,6,,4450,17.3,22.1
2015,USA,Gasoline,Rear-wheel drive,3,2430,7,280,4240,17.7,29.0
2015,Asia,Hybrid,Front-wheel drive,4,2100,6,232,4110,18.0,36.4
2012,Asia,Gasoline,All-wheel drive,3,2080,6,255,3980,18.2,32.0
2002,Europe,Gasoline,Front-wheel drive,4,2420,6,257,4450,18.9,30.3
1984,Europe,Gasoline,Front-wheel drive,3,2580,7,272,4450,18.1,26.8
2014,Europe,Gasoline,Front-wheel drive,3,2030,5,230,3800,17.7,32.0
1991,USA,Gasoline,Front-wheel drive,3,2140,6,268,4440,17.9,29.2
2016,USA,Gasoline,All-wheel drive,2,2520,6,300,4560,18.8,30.7
1995,Europe,Gasoline,Front-wheel drive,5,2010,5,,4150,17.8,30.4
1976,Europe,Gasoline,Front-wheel drive,4,2410,7,245,4530,19.3,27.0
2023,Asia,Gasoline,Front-wheel drive,3,2350,6,248,4240,18.7,31.1
2018,Asia,Gasoline,Front-wheel drive,4,1870,5,203,3600,19.3,34.2
2020,USA,Gasoline,Rear-wheel drive,5,2220,6,247,4510,18.5,30.7
2003,Europe,Hybrid,Front-wheel drive,4,2250,6,245,4130,16.6,35.3
2013,Europe,Gasoline,Front-wheel drive,3,2370,6,238,4130,19.9,34.3
1987,Europe,Gasoline,All-wheel drive,3,1980,6,218,3960,18.9,28.1
1999,Asia,Gasoline,Front-wheel drive,2,2100,5,238,3850,16.5,31.2
2020,Asia,Gasoline,Front-wheel drive,4,2150,6,231,3990,20.2,31.9
2004,Europe,Gasoline,Rear-wheel drive,3,2280,6,228,4480,17.7,28.8
1990,USA,Diesel,Front-wheel drive,3,2540,7,282,4330,19.9,29.4
1978,USA,Diesel,All-wheel drive,3,2200,6,,4580,18.2,27.8
1977,USA,Gasoline,All-wheel drive,5,2320,6,,4720,20.3,23.7
2010,Europe,Gasoline,Rear-wheel drive,3,2520,7,272,4480,19.9,30.2
2006,USA,Gasoline,Rear-wheel drive,5,2250,6,274,4400,17.5,29.2
1994,Asia,Diesel,All-wheel drive,5,2200,6,251,4480,18.6,31.0
2003,USA,Gasoline,All-wheel drive,5,2330,7,276,4710,20.2,27.0
1981,Asia,Diesel,Front-wheel drive,3,2250,6,,4100,20.0,29.3
1977,Europe,Gasoline,All-wheel drive,5,2210,6,,4370,18.2,23.9
2016,Europe,Diesel,Front-wheel drive,5,2210,6,247,4150,19.9,32.9
2016,USA,Gasoline,Front-wheel drive,4,2190,6,236,4050,17.3,29.9
2008,Asia,Diesel,All-wheel drive,3,2260,6,258,4480,18.9,29.8
2017,USA,Gasoline,Front-wheel drive,5,2440,6,265,4620,18.6,31.3
1994,Europe,Gasoline,Rear-wheel drive,2,2260,6,240,4670,20.9,27.0
1980,Europe,Diesel,Front-wheel drive,3,2410,6,268,4510,18.2,29.3
1981,USA,Gasoline,Rear-wheel drive,5,2060,6,248,4090,20.5,24.6
2014,Asia,Gasoline,All-wheel drive,4,2420,6,263,4230,19.4,30.1
1999,Asia,Gasoline,Front-wheel drive,4,2140,6,232,4130,19.9,33.9
2022,USA,Gasoline,Front-wheel drive,3,2300,6,268,4110,17.8,30.5
2000,Europe,Gasoline,Rear-wheel drive,2,2320,6,266,4310,17.0,28.9
1996,Asia,Gasoline,Front-wheel drive,3,2350,7,258,3930,18.5,31.7
2020,Europe,Gasoline,Front-wheel drive,3,2020,6,232,3730,17.9,34.9
2007,USA,Gasoline,Rear-wheel drive,4,2230,6,264,4460,19.3,29.1
1976,Europe,Gasoline,Front-wheel drive,3,2670,7,312,4530,20.6,24.9
2016,USA,Gasoline,Front-wheel drive,4,2350,6,279,4200,16.2,30.1
1992,Asia,Gasoline,Front-wheel drive,4,2480,7,269,4400,18.1,27.5
2014,Asia,Gasoline,Front-wheel drive,3,2030,5,235,3890,18.8,30.5
1980,USA,Hybrid,All-wheel drive,3,2480,6,260,4570,19.9,25.5
2011,USA,Diesel,Rear-wheel drive,2,2300,6,283,4190,18.1,32.6
2006,Europe,Hybrid,Front-wheel drive,3,2290,6,244,3850,17.8,35.2
2010,Europe,Gasoline,Rear-wheel drive,3,2090,6,210,4250,20.1,31.9
2013,Europe,Gasoline,Front-wheel drive,4,2190,6,237,3900,16.7,34.0
2013,USA,Gasoline,Front-wheel drive,4,2260,6,266,4300,19.1,29.7
2001,USA,Diesel,Rear-wheel drive,2,2370,6,273,4490,20.1,31.5
2020,USA,Gasoline,Rear-wheel drive,4,2500,6,275,4630,18.2,30.2
2007,USA,Gasoline,Rear-wheel drive,4,2470,6,283,4710,18.4,25.7
1980,Asia,Diesel,Rear-wheel drive,3,2370,6,277,4410,20.1,28.5
1994,Europe,Gasoline,Front-wheel drive,2,2730,7,278,4470,19.8,30.4
1979,Europe,Gasoline,Rear-wheel drive,2,1710,5,208,3480,18.8,27.3
2002,Asia,Diesel,Front-wheel drive,5,2030,5,246,3650,17.9,33.0
2010,Asia,Gasoline,Front-wheel drive,5,2010,6,231,4120,17.2,30.3
1981,USA,Gasoline,Rear-wheel drive,3,2630,7,318,4740,19.4,23.3
2020,Asia,Gasoline,Front-wheel drive,3,2310,6,252,4310,19.0,29.9
1993,USA,Gasoline,Rear-wheel drive,2,2300,6,272,4300,19.3,30.1
1982,Europe,Gasoline,Rear-wheel drive,4,2420,6,266,4520,19.9,28.5
1979,USA,Gasoline,Front-wheel drive,2,1820,5,215,3890,18.7,28.7
2013,USA,Diesel,Front-wheel drive,2,1900,6,217,3590,18.3,33.8
1975,Europe,Hybrid,Front-wheel drive,3,2560,7,290,4430,19.9,29.2
1985,Asia,Gasoline,Front-wheel drive,2,2290,6,266,4240,21.3,29.7
1986,USA,Gasoline,Front-wheel drive,5,1990,6,232,3910,20.0,27.9
2021,Asia,Gasoline,Front-wheel drive,3,2530,7,286,4540,17.5,30.6
2022,USA,Gasoline,Front-wheel drive,4,2160,6,234,4060,18.3,33.3
1998,Europe,Diesel,Rear-wheel drive,3,2170,6,237,4140,,32.0
2004,USA,Diesel,Front-wheel drive,4,2070,6,262,4060,17.0,29.5
2021,Europe,Gasoline,Front-wheel drive,4,2480,7,257,4500,17.8,30.2
1996,Asia,Diesel,Front-wheel drive,4,2090,6,250,3840,19.1,29.9
1979,Asia,Gasoline,Front-wheel drive,3,2310,6,245,3930,15.2,27.7
2006,Asia,Gasoline,All-wheel drive,5,2000,6,228,4200,19.2,30.5
1990,Asia,Hybrid,All-wheel drive,4,2280,6,251,4700,20.4,32.0
1998,USA,Diesel,Front-wheel drive,4,2480,7,301,4240,17.1,29.4
1980,Asia,Gasoline,Front-wheel drive,5,2070,6,221,4230,19.6,28.9
1976,USA,Gasoline,Rear-wheel drive,3,2380,6,266,4560,20.4,26.0
2020,Asia,Gasoline,Front-wheel drive,2,1880,5,222,3990,18.2,32.6
2016,Europe,Diesel,All-wheel drive,3,2560,7,300,4620,18.7,31.9
2004,Asia,Hybrid,All-wheel drive,4,2330,6,240,4360,19.0,30.9
2003,USA,Gasoline,Rear-wheel drive,4,2160,6,274,4430,20.0,28.9
2023,Asia,Gasoline,Front-wheel drive,4,2170,6,241,3980,18.5,33.7
2010,Asia,Gasoline,Front-wheel drive,2,2300,6,252,4240,18.7,33.0
2024,Europe,Gasoline,Front-wheel drive,2,2270,6,240,3880,17.7,31.1
1993,Asia,Gasoline,Front-wheel drive,4,2280,6,240,4180,20.1,30.5
1993,USA,Hybrid,Front-wheel drive,3,2250,6,258,4020,18.1,31.3
1983,Asia,Hybrid,All-wheel drive,4,2210,6,228,4440,20.2,29.2
1985,Europe,Gasoline,Front-wheel drive,2,2200,6,253,3910,,31.6
2009,USA,Diesel,Front-wheel drive,5,2250,7,277,4470,17.6,29.5
2019,USA,Diesel,All-wheel drive,5,2720,7,327,5000,20.6,30.6
1977,Asia,Gasoline,Front-wheel drive,4,2320,6,,4030,21.0,27.8
1984,USA,Diesel,Rear-wheel drive,4,2700,7,290,4520,19.3,26.1
2004,Asia,Gasoline,Rear-wheel drive,4,2290,6,244,4110,16.9,28.1
1988,Europe,Gasoline,Front-wheel drive,4,2280,6,238,4060,20.2,26.7
1990,Europe,Gasoline,Rear-wheel drive,4,1990,6,230,3980,,28.7
1989,Asia,Gasoline,Rear-wheel drive,4,2300,6,236,4140,18.5,28.3
1992,Europe,Gasoline,Front-wheel drive,3,2140,6,236,4150,19.5,27.1
2011,Asia,Gasoline,All-wheel drive,2,2320,6,261,4440,17.2,31.3
2022,Europe,Gasoline,Rear-wheel drive,4,2070,5,212,4060,17.8,30.5
1981,Asia,Diesel,All-wheel drive,2,2360,6,265,4300,21.0,29.0
1988,Europe,Diesel,Rear-wheel drive,4,2240,5,260,4150,19.5,29.3
2007,USA,Gasoline,Rear-wheel drive,5,2370,6,264,4480,17.9,29.2
1989,Asia,Gasoline,Front-wheel drive,2,2120,6,230,4170,20.4,26.6
1997,Asia,Gasoline,Front-wheel drive,4,2360,7,266,4120,19.9,28.6
2004,USA,Gasoline,Front-wheel drive,3,2290,6,272,4220,18.8,27.4
1976,Europe,Hybrid,All-wheel drive,3,2480,6,271,4630,19.9,28.2
2004,USA,Gasoline,All-wheel drive,3,2350,6,273,4460,20.1,25.2
1984,USA,Gasoline,Front-wheel drive,4,2060,6,,4060,17.7,25.5
1979,USA,Hybrid,Front-wheel drive,2,2460,7,,4390,19.2,33.7
2000,Europe,Gasoline,Rear-wheel drive,3,2170,6,248,4010,,29.4
1981,Europe,Gasoline,Front-wheel drive,2,2190,5,239,3620,16.6,32.1
1980,Europe,Gasoline,Front-wheel drive,3,2430,6,255,4230,21.2,30.4
1984,Asia,Gasoline,Front-wheel drive,3,2630,7,,4500,20.1,27.3
1978,Europe,Hybrid,All-wheel drive,3,2390,7,273,4540,20.2,28.2
1986,Asia,Gasoline,All-wheel drive,3,2350,6,241,4400,17.8,28.6
2022,Europe,Gasoline,Front-wheel drive,4,2310,6,265,4210,19.4,30.1
2016,USA,Gasoline,Rear-wheel drive,4,2210,6,274,4550,17.8,30.2
2015,Europe,Diesel,All-wheel drive,3,2050,5,208,4440,21.6,31.1
1982,USA,Gasoline,Front-wheel drive,3,2240,6,247,4040,16.9,27.3
2003,USA,Diesel,Rear-wheel drive,4,2640,7,318,4950,17.8,30.2
2021,USA,Diesel,Front-wheel drive,4,2230,6,,4420,16.3,36.6
2014,Asia,Gasoline,Front-wheel drive,4,2670,7,283,4540,19.1,31.5
1995,USA,Diesel,Front-wheel drive,5,2380,6,,4330,18.9,32.7
1988,Europe,Diesel,Front-wheel drive,4,2440,6,277,4100,18.1,31.4
2002,Europe,Gasoline,Front-wheel drive,4,1840,5,201,3760,18.0,31.5
2016,Europe,Gasoline,All-wheel drive,5,2530,6,254,4690,20.4,27.7
2003,Asia,Gasoline,All-wheel drive,3,2020,6,250,4190,17.7,29.3
1986,Europe,Hybrid,Front-wheel drive,4,2330,6,260,4220,18.7,31.9
1976,USA,Diesel,Front-wheel drive,2,2330,6,270,4270,18.4,27.5
1994,Asia,Diesel,Rear-wheel drive,4,2340,7,283,4290,17.1,31.1
2013,USA,Gasoline,All-wheel drive,5,2050,6,215,4590,19.5,30.8
2013,Asia,Gasoline,Front-wheel drive,2,2420,6,238,4200,19.1,32.4
1991,USA,Hybrid,All-wheel drive,3,2370,7,282,4720,18.5,27.0
2022,USA,Gasoline,Front-wheel drive,4,2150,6,241,4150,16.7,33.1
1978,USA,Gasoline,Front-wheel drive,4,2120,6,253,4560,19.1,27.6
2016,Asia,Gasoline,Front-wheel drive,4,2140,6,226,4220,19.2,32.7
2012,Asia,Gasoline,Front-wheel drive,5,2280,6,249,4360,17.7,31.7
2022,USA,Gasoline,Front-wheel drive,5,2210,6,276,4480,18.2,31.0
2009,Asia,Gasoline,Front-wheel drive,4,2110,5,231,4120,18.7,32.3
2020,USA,Gasoline,All-wheel drive,3,2280,6,270,4530,20.6,28.8
2005,Asia,Gasoline,Front-wheel drive,3,2200,6,239,4080,16.8,30.3
1976,USA,Hybrid,Front-wheel drive,5,2080,5,235,4200,19.6,31.6
1988,Asia,Gasoline,Front-wheel drive,5,2100,6,234,4220,18.6,27.7
1986,Europe,Diesel,Front-wheel drive,4,2260,6,260,4210,18.5,29.9
2013,USA,Gasoline,Front-wheel drive,2,2160,6,271,3840,16.0,31.1
1988,USA,Diesel,All-wheel drive,5,2340,6,288,4720,17.5,28.6
2018,USA,Gasoline,Rear-wheel drive,3,1910,5,211,3880,17.8,30.6
1999,USA,Gasoline,Rear-wheel drive,2,2240,5,266,4310,17.5,27.1
2016,USA,Diesel,Front-wheel drive,3,2200,6,256,4070,19.0,31.2
1990,USA,Diesel,All-wheel drive,3,2430,6,288,4580,18.7,30.2
2001,USA,Diesel,All-wheel drive,3,2500,7,290,4890,20.0,26.6
1985,USA,Gasoline,Front-wheel drive,4,2030,5,245,3810,18.8,28.8
1992,Europe,Diesel,Front-wheel drive,4,2470,6,296,4210,17.6,29.5
2014,Europe,Gasoline,Front-wheel drive,5,1980,5,215,3900,18.7,35.4
2022,Asia,Gasoline,Rear-wheel drive,2,2130,6,239,4330,18.7,31.4
1975,USA,Gasoline,Front-wheel drive,2,2380,6,276,4310,18.3,26.1
1994,Asia,Gasoline,Front-wheel drive,5,2500,7,273,4780,18.7,30.6
1996,USA,Gasoline,Front-wheel drive,4,2430,7,295,4430,18.7,27.0
1999,USA,Gasoline,Front-wheel drive,5,2220,7,273,4420,20.7,29.4
1988,Europe,Gasoline,Front-wheel drive,2,2140,6,216,4190,19.6,29.5
2014,Europe,Gasoline,Rear-wheel drive,3,2070,6,232,4290,18.3,31.4
2001,USA,Gasoline,Front-wheel drive,4,2490,7,287,4680,18.4,28.5
1993,USA,Diesel,Rear-wheel drive,5,2610,7,302,4930,20.0,26.5
2016,Asia,Gasoline,Front-wheel drive,4,2410,6,235,4360,19.1,33.0
1979,Europe,Gasoline,Rear-wheel drive,3,2500,7,285,4290,18.6,25.8
2000,Asia,Hybrid,Rear-wheel drive,2,1950,6,231,3830,19.0,31.9
1981,USA,Hybrid,Front-wheel drive,2,2070,6,247,4030,17.7,33.3
2007,Europe,Diesel,Rear-wheel drive,4,2340,6,266,4580,19.6,30.5
2022,Europe,Gasoline,Front-wheel drive,2,2500,6,263,4110,18.6,33.5
1990,USA,Hybrid,Rear-wheel drive,3,2290,6,278,4190,17.0,31.2
2019,Asia,Gasoline,Rear-wheel drive,2,2210,6,254,4170,17.4,28.0
2008,USA,Gasoline,Front-wheel drive,3,2410,6,259,4400,18.3,28.7
1994,USA,Gasoline,Front-wheel drive,3,2380,6,295,4430,20.4,28.4
1976,Asia,Gasoline,Front-wheel drive,4,2120,5,,3960,17.3,30.8
2010,Asia,Gasoline,Rear-wheel drive,2,2430,6,266,4470,16.6,25.8
2015,USA,Gasoline,Rear-wheel drive,2,2420,6,285,4380,19.5,27.1
2015,USA,Gasoline,All-wheel drive,4,2460,6,269,4830,19.4,24.0
1987,Asia,Gasoline,All-wheel drive,4,2190,7,252,4560,21.0,26.8
1990,Europe,Hybrid,Front-wheel drive,3,2260,6,246,4050,19.1,31.2
1980,USA,Gasoline,Front-wheel drive,5,2070,5,228,4270,18.6,27.1
2021,USA,Gasoline,Front-wheel drive,5,1950,5,245,4020,17.0,30.4
2013,USA,Diesel,All-wheel drive,3,2540,6,281,4610,19.0,29.0
1992,Europe,Gasoline,All-wheel drive,3,2340,6,274,4530,18.1,25.1
2011,USA,Gasoline,Rear-wheel drive,5,2050,6,243,4290,18.7,30.2
2020,Europe,Gasoline,Front-wheel drive,3,2830,7,304,4510,19.3,29.0
1998,USA,Gasoline,Front-wheel drive,3,2100,7,250,4180,18.5,30.5
2002,Europe,Gasoline,All-wheel drive,4,2210,5,249,4450,18.5,28.6
2022,Asia,Gasoline,Front-wheel drive,3,2080,6,237,4060,17.4,35.0
1993,USA,Gasoline,Front-wheel drive,4,2320,6,271,4050,17.9,28.3
2004,Asia,Gasoline,Front-wheel drive,5,2590,7,283,4750,17.8,26.9
1976,USA,Diesel,Front-wheel drive,3,2330,6,277,4180,19.7,28.7
2024,Europe,Diesel,Front-wheel drive,4,2550,7,293,4320,20.0,36.0
1992,Asia,Gasoline,Front-wheel drive,2,2120,6,205,3970,20.9,29.6
2002,USA,Gasoline,Front-wheel drive,4,1890,5,231,3960,18.7,30.9
2012,Asia,Hybrid,Front-wheel drive,4,2360,6,264,4370,18.0,38.7
2000,USA,Diesel,Front-wheel drive,4,2260,6,282,4190,16.6,30.9
2005,Asia,Gasoline,Front-wheel drive,4,2310,6,260,4180,19.0,31.0
1979,USA,Gasoline,Front-wheel drive,3,2380,6,,4380,20.1,25.6
1985,Europe,Gasoline,Front-wheel drive,4,2310,6,244,4340,18.7,28.9
1992,USA,Diesel,All-wheel drive,5,2530,6,292,4740,19.1,25.2
2009,USA,Hybrid,Front-wheel drive,3,2270,7,266,4110,17.3,36.3
2017,USA,Gasoline,Rear-wheel drive,3,2040,6,244,4130,19.7,32.3
2000,Europe,Gasoline,Front-wheel drive,4,2120,5,234,4090,19.6,32.5
2006,Asia,Diesel,Front-wheel drive,4,2430,6,282,4370,18.3,32.4
2007,Europe,Gasoline,Rear-wheel drive,4,2200,6,230,4380,18.5,30.8
2024,Europe,Gasoline,Front-wheel drive,3,2290,6,239,4000,,32.7
2018,Europe,Diesel,Front-wheel drive,3,2400,7,262,4620,18.5,33.4
1996,Europe,Gasoline,Front-wheel drive,3,2180,6,229,4280,21.2,28.5
1981,Europe,Gasoline,Front-wheel drive,4,1980,5,,4060,18.1,28.7
1988,Europe,Gasoline,Front-wheel drive,3,2250,5,244,3730,19.3,30.5
2013,Europe,Gasoline,Front-wheel drive,3,2610,7,287,4310,,26.1
1982,Europe,Gasoline,Rear-wheel drive,3,2370,6,252,4440,20.8,26.8
2021,USA,Gasoline,Rear-wheel drive,4,2330,6,290,4550,18.5,31.3
1989,Europe,Gasoline,Front-wheel drive,4,1920,6,212,3850,,33.0
1991,USA,Gasoline,All-wheel drive,2,2340,6,266,4420,19.6,28.2
2015,Asia,Gasoline,Front-wheel drive,3,2290,6,230,4030,18.7,33.1
2003,USA,Gasoline,Front-wheel drive,4,2000,6,245,3770,17.1,30.7
2006,USA,Gasoline,Front-wheel drive,3,2080,6,236,4160,20.6,28.8
2011,Europe,Gasoline,Front-wheel drive,3,2490,6,263,4380,18.0,29.1
2017,Europe,Gasoline,All-wheel drive,3,2440,6,270,4740,19.7,29.7
2017,USA,Gasoline,Front-wheel drive,2,2560,7,269,4530,17.8,30.1
2019,USA,Hybrid,Rear-wheel drive,5,2040,6,,4070,17.8,34.1
1995,Asia,Gasoline,Front-wheel drive,4,2130,5,246,4020,16.0,30.1
2022,USA,Gasoline,Front-wheel drive,4,2280,6,,4510,19.0,30.1
2008,Asia,Gasoline,Rear-wheel drive,3,2120,6,246,4200,18.4,31.9
1981,Europe,Hybrid,All-wheel drive,3,2630,7,287,4660,19.4,30.6
1990,USA,Gasoline,Rear-wheel drive,3,2470,6,270,4330,18.5,29.0
1984,Asia,Gasoline,Rear-wheel drive,4,2210,5,229,4520,17.1,27.0
2020,Asia,Diesel,All-wheel drive,2,2210,5,217,4260,19.1,35.8
1996,USA,Hybrid,Front-wheel drive,4,2230,6,277,4410,17.5,31.8
1998,USA,Gasoline,Front-wheel drive,5,2520,6,263,4520,21.0,28.4
2015,Asia,Gasoline,All-wheel drive,3,2530,6,296,4540,16.0,29.7
1991,USA,Hybrid,Front-wheel drive,3,2340,7,253,4420,18.5,30.0
2008,Asia,Gasoline,Front-wheel drive,2,2380,7,248,4260,21.7,29.8
2010,Europe,Gasoline,Rear-wheel drive,2,2320,6,265,4320,18.7,27.8
1987,Europe,Gasoline,Front-wheel drive,2,2450,6,254,4190,19.7,28.5
2019,USA,Gasoline,Front-wheel drive,2,2250,6,260,4300,18.8,28.5
2004,USA,Gasoline,Rear-wheel drive,2,2390,6,268,4300,17.0,26.2
2024,USA,Gasoline,Front-wheel drive,5,2440,6,284,4230,19.0,30.4
2023,Asia,Gasoline,Rear-wheel drive,4,2160,5,213,4170,17.7,33.3
2013,USA,Diesel,Front-wheel drive,2,2440,6,263,4440,17.8,32.8
2020,USA,Gasoline,Front-wheel drive,2,2290,6,265,4230,18.9,29.4
2013,Asia,Diesel,All-wheel drive,3,2560,7,275,4880,20.1,27.0
2022,Europe,Gasoline,All-wheel drive,3,2100,5,225,4080,17.0,34.1
2021,USA,Gasoline,Front-wheel drive,4,2440,6,279,4560,19.7,32.2
2015,Asia,Gasoline,Rear-wheel drive,4,2230,5,225,4220,18.8,30.8
2006,Europe,Gasoline,Front-wheel drive,4,2110,6,227,4280,19.2,30.1
2000,Europe,Gasoline,Rear-wheel drive,3,2190,6,238,4410,19.9,27.9
2005,Asia,Gasoline,All-wheel drive,3,2280,6,256,4480,18.8,29.7
1981,USA,Gasoline,Front-wheel drive,4,2540,7,295,4530,19.5,26.4
1992,Asia,Diesel,Front-wheel drive,3,2210,5,246,4140,18.5,31.0
1995,Europe,Gasoline,Front-wheel drive,2,2330,6,273,4140,19.7,31.5
1990,Asia,Gasoline,Rear-wheel drive,4,2450,6,246,4590,19.2,28.6
2011,Asia,Gasoline,Front-wheel drive,3,2030,5,217,4000,18.5,30.6
1994,USA,Diesel,Rear-wheel drive,3,2280,6,274,4430,20.2,28.4
1988,Asia,Gasoline,All-wheel drive,3,2330,6,271,4510,19.5,26.2
2019,Asia,Hybrid,Rear-wheel drive,4,2570,7,279,4650,19.3,31.4
1992,USA,Gasoline,Front-wheel drive,4,2160,6,208,4190,17.4,28.6
2007,USA,Gasoline,All-wheel drive,4,2090,5,250,4290,18.4,28.7
2000,Europe,Gasoline,All-wheel drive,3,2490,7,300,4450,19.6,28.7
2003,Europe,Gasoline,Front-wheel drive,5,2260,6,243,4160,19.8,31.9
2014,USA,Gasoline,Rear-wheel drive,2,2180,6,259,4640,19.0,30.8
1976,USA,Gasoline,All-wheel drive,3,2160,6,,4210,20.0,27.1
2000,USA,Diesel,Rear-wheel drive,3,2610,7,302,4760,18.5,28.5
1997,USA,Gasoline,Front-wheel drive,2,2280,6,275,3940,17.2,30.4
2014,Europe,Hybrid,All-wheel drive,2,2320,6,220,4290,19.3,34.5
2023,Asia,Hybrid,Front-wheel drive,2,1960,5,229,3950,18.7,37.3
2006,Asia,Gasoline,Rear-wheel drive,4,2590,7,258,4840,21.2,27.3
1991,Asia,Gasoline,All-wheel drive,3,2180,6,243,4360,18.4,27.6
1976,Asia,Diesel,All-wheel drive,3,2340,6,,4340,19.4,28.1
2001,USA,Gasoline,Rear-wheel drive,3,2060,5,233,4070,20.1,27.9
2011,Asia,Gasoline,Rear-wheel drive,3,2100,6,234,3960,18.3,32.0
2004,Asia,Hybrid,Rear-wheel drive,4,2270,6,250,4400,18.9,33.7
2010,Asia,Gasoline,All-wheel drive,3,2260,5,217,4600,19.6,31.3
2011,USA,Hybrid,Front-wheel drive,2,2420,7,287,4340,18.9,34.6
1980,USA,Diesel,Front-wheel drive,4,2240,6,260,4090,20.6,29.3
1995,Asia,Gasoline,Rear-wheel drive,3,2200,5,211,4330,19.1,29.0
2000,USA,Gasoline,All-wheel drive,3,2140,6,254,4380,18.6,26.6
1978,Europe,Gasoline,All-wheel drive,3,2460,6,268,4570,18.8,25.9
1988,Asia,Gasoline,Front-wheel drive,2,2430,6,247,4160,18.8,26.4
1975,USA,Hybrid,Front-wheel drive,5,2130,6,267,4210,17.5,28.0
1999,USA,Gasoline,Front-wheel drive,2,2760,7,295,4400,18.5,29.9
2012,USA,Diesel,Rear-wheel drive,4,2040,5,242,4210,18.9,29.9
1985,Europe,Hybrid,All-wheel drive,4,2210,6,240,4410,20.7,32.7
2001,Asia,Hybrid,Rear-wheel drive,5,2700,7,284,4820,21.4,31.2
1999,Asia,Gasoline,Front-wheel drive,5,2120,6,238,3920,16.5,33.4
1991,Asia,Gasoline,Front-wheel drive,5,2210,6,235,4060,18.7,31.7
1978,Asia,Gasoline,Rear-wheel drive,5,2390,6,,4390,20.7,27.4
1990,Europe,Diesel,Front-wheel drive,4,2330,6,272,4140,17.2,31.8
2011,Asia,Gasoline,Rear-wheel drive,2,2290,6,249,4330,19.1,32.8
1985,Europe,Gasoline,All-wheel drive,4,2440,6,265,4490,,24.7
1989,Europe,Gasoline,Front-wheel drive,4,2410,6,259,4360,18.5,30.6
1991,USA,Gasoline,Rear-wheel drive,4,2030,5,230,4030,19.6,27.1
1993,USA,Diesel,Front-wheel drive,5,2760,7,329,5060,20.0,28.8
1996,Asia,Gasoline,Rear-wheel drive,4,2200,6,231,4160,19.1,28.6
2014,Asia,Hybrid,Front-wheel drive,3,2330,6,250,4110,15.9,36.5
1991,USA,Hybrid,Rear-wheel drive,3,2390,6,250,4540,19.6,31.1
2018,Asia,Gasoline,Rear-wheel drive,4,2140,6,229,4040,18.5,34.5
1990,Europe,Gasoline,Front-wheel drive,3,2680,7,287,4360,18.1,28.1
1993,USA,Gasoline,All-wheel drive,3,2200,6,262,4230,18.6,26.4
2018,Asia,Hybrid,Front-wheel drive,2,2330,6,252,4040,18.9,37.1
1985,Asia,Gasoline,Front-wheel drive,4,2410,6,241,4350,18.4,31.2
2009,USA,Gasoline,Front-wheel drive,4,2380,6,277,4260,17.5,27.7
2012,Europe,Gasoline,Rear-wheel drive,3,2190,5,228,4150,,30.7
2019,USA,Diesel,Front-wheel drive,4,2330,6,272,4370,19.5,34.3
1976,Asia,Gasoline,Front-wheel drive,4,2050,6,,4250,20.2,27.8
1987,Europe,Gasoline,Rear-wheel drive,4,2040,6,213,4220,17.9,30.9
2017,Europe,Gasoline,Rear-wheel drive,4,2630,7,277,4890,,27.5
2007,USA,Gasoline,Rear-wheel drive,2,2620,7,295,4570,19.5,24.6
1996,USA,Gasoline,Front-wheel drive,4,2110,5,228,3930,19.2,30.1
2004,USA,Hybrid,Front-wheel drive,4,2370,7,271,4650,18.3,32.2
1990,Asia,Gasoline,Front-wheel drive,3,2010,5,227,3710,18.6,31.5
1995,USA,Gasoline,Front-wheel drive,3,2300,6,258,4390,19.0,27.6
2023,Asia,Gasoline,Front-wheel drive,4,2570,7,286,4740,18.4,32.4
2017,USA,Gasoline,All-wheel drive,2,2500,6,294,4590,19.4,29.6
1991,Asia,Diesel,Front-wheel drive,4,2540,6,267,4270,20.1,27.7
1998,Asia,Gasoline,Front-wheel drive,2,2180,6,217,4000,19.8,32.4
2020,Europe,Gasoline,Rear-wheel drive,3,1980,5,229,4140,16.7,30.3
1997,USA,Diesel,Front-wheel drive,2,2580,6,300,4280,20.1,29.6
1998,Europe,Gasoline,All-wheel drive,3,2450,7,276,4270,18.6,30.1
1999,Europe,Hybrid,Front-wheel drive,4,2260,7,255,4170,19.0,36.3
1989,Asia,Gasoline,All-wheel drive,3,2330,6,242,4240,19.8,28.9
1980,USA,Gasoline,Front-wheel drive,3,2140,5,,4130,18.6,28.3
2016,Asia,Diesel,Rear-wheel drive,2,2190,6,266,4150,18.3,35.2
1978,USA,Gasoline,Rear-wheel drive,2,2150,6,227,4240,18.8,29.6
1987,Europe,Gasoline,Front-wheel drive,4,2340,6,250,4130,18.8,27.8
2010,USA,Gasoline,All-wheel drive,4,2330,6,251,4630,20.2,29.5
1990,USA,Gasoline,Front-wheel drive,5,2190,6,249,4320,20.8,28.1
1996,USA,Hybrid,Rear-wheel drive,2,2120,5,249,4300,20.6,33.2
2016,Europe,Gasoline,Front-wheel drive,4,2320,6,260,4140,17.3,29.7
2009,Asia,Diesel,Rear-wheel drive,2,2400,6,260,4180,20.6,29.8
1997,Asia,Diesel,All-wheel drive,3,2720,7,305,4630,19.0,28.4
2023,USA,Hybrid,Front-wheel drive,3,2620,7,297,4850,17.8,32.7
1985,USA,Gasoline,Front-wheel drive,3,2080,5,239,4100,20.0,24.5
2008,USA,Hybrid,Front-wheel drive,4,2170,6,255,4240,17.7,32.7
1981,USA,Gasoline,Front-wheel drive,2,2320,6,278,4130,18.6,26.0
1986,Europe,Diesel,Front-wheel drive,5,1990,5,221,3700,,32.6
2022,USA,Gasoline,Front-wheel drive,4,2180,6,251,4100,21.0,32.5
1983,Europe,Gasoline,Front-wheel drive,4,2310,6,268,4200,17.9,26.0
2017,Europe,Gasoline,Front-wheel drive,3,2230,6,236,4240,19.2,29.7
2011,Asia,Gasoline,Rear-wheel drive,3,2510,7,271,4630,18.7,29.3
1983,USA,Diesel,Rear-wheel drive,3,2140,6,267,4540,20.3,31.3
1976,USA,Gasoline,Front-wheel drive,2,2440,7,,4140,18.3,25.5
2020,Europe,Gasoline,All-wheel drive,4,2540,6,267,4470,16.8,28.8
2005,USA,Gasoline,Front-wheel drive,2,2190,6,255,4020,20.7,31.1
1998,USA,Hybrid,All-wheel drive,5,2230,6,246,4250,18.2,31.8
1980,Asia,Gasoline,All-wheel drive,4,2660,7,277,4870,19.6,24.2
2024,USA,Hybrid,Front-wheel drive,5,2300,6,260,4310,18.0,36.3
1982,USA,Hybrid,Rear-wheel drive,3,2270,6,272,4450,18.4,32.3
2022,Europe,Gasoline,Front-wheel drive,2,1910,5,213,3660,19.7,38.5
2022,USA,Gasoline,All-wheel drive,4,2260,6,249,4850,22.0,29.7
2021,USA,Gasoline,Front-wheel drive,4,2260,6,247,4220,19.6,30.9
2011,USA,Gasoline,All-wheel drive,4,2580,7,279,4770,19.6,27.0
2014,Asia,Gasoline,Rear-wheel drive,3,2490,6,277,4240,21.1,28.3
1999,Asia,Hybrid,Rear-wheel drive,2,2470,7,289,4650,20.9,28.9
1998,USA,Gasoline,Front-wheel drive,3,2480,7,276,4650,19.7,27.9
1988,Europe,Gasoline,All-wheel drive,3,2150,6,249,4260,21.4,27.3
1979,USA,Gasoline,All-wheel drive,3,2550,6,,4600,19.0,23.7
2000,Asia,Gasoline,Front-wheel drive,3,2070,6,230,3990,17.6,30.6
1992,Europe,Gasoline,Front-wheel drive,2,2520,6,279,4140,19.1,28.3
1976,USA,Hybrid,Front-wheel drive,5,1960,5,226,4130,19.9,32.0
2023,Europe,Gasoline,Front-wheel drive,4,2380,6,261,4160,17.8,33.4
1997,USA,Hybrid,Front-wheel drive,4,2430,6,276,4480,18.7,29.0
1983,Asia,Gasoline,All-wheel drive,4,2410,6,249,4590,20.6,24.2
2014,USA,Gasoline,Front-wheel drive,2,2250,5,232,3820,18.0,32.1
2008,Europe,Gasoline,All-wheel drive,4,2390,6,265,4670,21.0,29.0
2024,USA,Gasoline,All-wheel drive,5,2110,6,238,4210,18.8,30.8
2011,USA,Gasoline,Front-wheel drive,4,2190,6,246,4340,17.1,29.8
1984,Asia,Hybrid,Front-wheel drive,5,2330,6,268,4310,18.1,30.4
2006,Asia,Diesel,Rear-wheel drive,2,2320,7,260,4430,19.1,31.0
1979,Asia,Gasoline,Rear-wheel drive,3,1940,6,235,3830,20.2,27.4
1981,Europe,Gasoline,Front-wheel drive,4,2360,6,262,4460,19.4,28.3
2013,USA,Gasoline,All-wheel drive,5,2120,6,249,4390,18.1,26.9
2010,Europe,Gasoline,Front-wheel drive,3,2290,6,236,4340,21.4,31.5
1988,USA,Diesel,Front-wheel drive,4,2160,6,261,4150,18.7,32.3
1997,Europe,Diesel,Front-wheel drive,3,2110,6,221,4080,19.9,31.6
1983,USA,Gasoline,All-wheel drive,2,2050,6,253,4270,18.9,26.2
2015,Europe,Gasoline,All-wheel drive,4,2760,7,300,4650,18.2,26.6
2003,Asia,Diesel,Rear-wheel drive,2,2350,6,261,4740,19.8,31.6
1987,Asia,Diesel,Rear-wheel drive,3,2470,7,282,4650,19.0,31.7
2006,Europe,Diesel,Front-wheel drive,4,2280,6,255,4230,18.3,33.3
1990,Asia,Gasoline,Front-wheel drive,4,2590,7,278,4320,17.2,26.0
1995,Asia,Hybrid,All-wheel drive,4,1990,5,204,3840,18.4,34.8
2022,Europe,Gasoline,Front-wheel drive,4,2040,6,246,4000,17.2,33.0
2011,Europe,Gasoline,Front-wheel drive,3,2450,7,255,4140,20.8,31.0
2003,Asia,Gasoline,Front-wheel drive,4,2410,7,254,4080,15.3,30.4
1998,USA,Gasoline,Front-wheel drive,3,2060,6,237,4230,17.6,27.2
1995,USA,Gasoline,Rear-wheel drive,5,2160,6,255,4470,18.1,25.8
2015,USA,Gasoline,Front-wheel drive,4,2610,7,272,4520,16.9,29.8
1978,Europe,Gasoline,All-wheel drive,4,2380,6,265,4400,22.5,28.3
1976,Europe,Diesel,Rear-wheel drive,3,2030,6,260,4030,16.6,32.6
1988,Asia,Gasoline,Front-wheel drive,3,2300,6,245,4030,18.1,29.6
2002,Asia,Gasoline,Rear-wheel drive,3,2440,7,275,4330,17.4,28.0
2024,USA,Diesel,All-wheel drive,4,2230,6,253,4500,19.1,33.1
1981,Asia,Gasoline,Front-wheel drive,4,2420,6,245,4490,19.4,27.9
1997,Europe,Gasoline,Front-wheel drive,3,2470,6,265,4330,19.9,32.2
2020,Europe,Gasoline,Front-wheel drive,2,2240,5,233,3730,16.2,32.0
1993,Europe,Hybrid,All-wheel drive,3,2180,6,240,4360,18.9,31.4
2003,Europe,Diesel,Front-wheel drive,4,2190,6,260,4330,20.8,33.2
1992,USA,Gasoline,Rear-wheel drive,3,2120,5,234,4470,20.7,27.2
1986,Asia,Gasoline,Front-wheel drive,2,2240,6,233,3950,20.2,29.0
2008,Asia,Gasoline,Front-wheel drive,4,2280,7,262,3860,19.3,31.6
1994,USA,Gasoline,Front-wheel drive,3,2380,6,287,4460,19.3,28.5
1978,USA,Diesel,All-wheel drive,3,2510,6,300,4940,21.9,24.3
2015,Europe,Diesel,Front-wheel drive,3,2180,6,227,3920,18.3,34.6
1985,Asia,Gasoline,All-wheel drive,2,2440,6,242,4240,18.0,27.8
2008,USA,Diesel,Front-wheel drive,2,2350,6,275,4220,19.8,33.3
1982,USA,Hybrid,Rear-wheel drive,4,2130,6,242,4520,18.4,31.3
2010,Asia,Gasoline,Rear-wheel drive,3,2390,6,271,4110,19.0,28.7
1983,USA,Gasoline,Front-wheel drive,3,2380,7,286,4460,21.2,26.0
2022,USA,Hybrid,Front-wheel drive,3,2330,6,286,4090,17.8,34.1
2016,USA,Gasoline,Rear-wheel drive,4,2380,7,279,4670,18.1,26.5
1998,USA,Gasoline,Front-wheel drive,2,2330,6,265,4140,18.8,28.5
1986,Asia,Gasoline,Rear-wheel drive,4,2140,6,238,4110,19.8,30.4
1998,USA,Gasoline,Front-wheel drive,4,2460,6,273,4640,20.6,28.6
1992,USA,Diesel,Rear-wheel drive,3,2340,7,294,4490,19.1,30.1
1997,Asia,Diesel,Rear-wheel drive,5,2180,6,249,4330,18.7,30.4
1977,Europe,Diesel,Rear-wheel drive,5,2400,6,267,4740,20.7,26.2
2014,Europe,Gasoline,All-wheel drive,3,2380,6,263,4640,18.1,30.5
1987,Asia,Gasoline,Front-wheel drive,3,2150,6,256,3850,18.6,30.7
1977,USA,Gasoline,Front-wheel drive,3,2420,6,248,4080,19.3,27.1
1997,Europe,Diesel,Front-wheel drive,5,1900,5,239,4060,17.4,35.1
2004,Asia,Diesel,All-wheel drive,4,2270,6,247,4380,18.8,31.4
1986,USA,Hybrid,Front-wheel drive,2,2520,6,280,4270,19.6,31.5
2014,Europe,Hybrid,Rear-wheel drive,4,2170,5,226,4200,19.6,37.7
2015,USA,Diesel,Front-wheel drive,4,2270,6,282,3970,16.8,33.6
1993,Europe,Gasoline,All-wheel drive,5,2580,7,281,4500,17.3,28.6
2013,USA,Diesel,All-wheel drive,5,2130,6,263,4580,17.9,32.3
2001,Europe,Gasoline,Front-wheel drive,3,2090,5,214,3760,17.6,32.1
2000,Europe,Gasoline,Rear-wheel drive,3,2410,7,280,4420,18.1,28.0
2010,USA,Gasoline,Front-wheel drive,5,2300,7,279,4510,21.0,28.4
2012,USA,Hybrid,All-wheel drive,2,2490,7,291,4610,16.4,33.6
2004,USA,Gasoline,Rear-wheel drive,4,2230,6,258,4280,18.1,29.0
1994,Europe,Gasoline,Front-wheel drive,3,2350,6,236,4310,21.0,30.8
1979,USA,Gasoline,All-wheel drive,2,2350,6,260,4880,20.7,25.9
1990,Europe,Gasoline,Rear-wheel drive,2,2270,6,246,4390,18.2,29.7
1994,USA,Diesel,Front-wheel drive,3,2060,6,242,3940,20.1,32.2
2023,USA,Gasoline,All-wheel drive,3,2370,6,257,4210,16.3,33.2
2021,USA,Gasoline,Front-wheel drive,4,2240,6,253,4320,19.7,31.4
1977,USA,Gasoline,All-wheel drive,4,2380,6,,4560,20.3,28.4
2003,Europe,Gasoline,All-wheel drive,4,2230,6,268,4520,18.6,27.7
1990,USA,Diesel,Front-wheel drive,4,2460,7,291,4650,20.1,28.6
1986,Europe,Hybrid,Front-wheel drive,3,2490,6,263,4340,15.4,34.4
2009,USA,Gasoline,Front-wheel drive,4,2120,5,227,4170,17.7,28.4
2007,Europe,Gasoline,Front-wheel drive,4,2080,5,211,3980,20.1,32.6
1996,Europe,Gasoline,Rear-wheel drive,2,2200,6,248,4220,18.1,30.5
1990,Asia,Gasoline,All-wheel drive,4,2200,6,229,4300,18.1,25.3
1990,USA,Gasoline,Rear-wheel drive,3,2580,7,283,4780,18.8,24.4
2009,USA,Hybrid,Rear-wheel drive,3,2560,7,284,4660,18.5,29.5
1977,USA,Gasoline,Rear-wheel drive,3,2080,6,214,4050,21.5,28.5
2010,Asia,Gasoline,Front-wheel drive,4,2450,6,286,4310,18.1,30.0
1996,Asia,Gasoline,Rear-wheel drive,4,1970,5,213,4000,18.1,31.7
2021,USA,Gasoline,Front-wheel drive,4,2000,5,230,4090,19.6,34.0
2024,Europe,Hybrid,All-wheel drive,2,2330,6,249,4260,19.4,37.5
2006,Europe,Gasoline,Front-wheel drive,2,2600,7,,4750,20.8,26.5
1997,Europe,Hybrid,Rear-wheel drive,5,2130,6,222,4320,18.9,34.8
1986,Asia,Gasoline,Front-wheel drive,4,1930,5,212,4140,18.2,30.1
1990,Europe,Gasoline,Front-wheel drive,4,2240,6,244,4170,,29.5
2015,USA,Gasoline,Front-wheel drive,4,2080,6,236,4240,19.0,33.4
1996,USA,Gasoline,Front-wheel drive,2,1970,5,230,3820,18.9,26.3
1985,USA,Gasoline,All-wheel drive,2,2340,6,269,4420,18.5,26.8
1985,Asia,Gasoline,All-wheel drive,4,2140,6,225,4170,19.6,31.0
1979,USA,Gasoline,Rear-wheel drive,5,2270,6,262,4280,19.1,25.6
1996,USA,Hybrid,All-wheel drive,4,2190,6,268,4560,20.3,31.2
2001,USA,Hybrid,Front-wheel drive,3,2150,6,236,3980,16.4,33.6
1985,Asia,Gasoline,Front-wheel drive,3,1720,5,187,3570,18.2,32.3
1977,USA,Hybrid,Rear-wheel drive,4,2210,6,250,4690,19.6,31.3
1979,Europe,Gasoline,All-wheel drive,5,2410,6,246,4510,19.2,23.7
1982,Europe,Gasoline,All-wheel drive,4,2460,6,279,4800,21.3,22.9
1988,USA,Gasoline,Front-wheel drive,4,2600,7,296,4690,19.1,24.3
2001,USA,Diesel,Rear-wheel drive,3,2400,7,304,4530,18.8,31.2
2007,Asia,Diesel,Front-wheel drive,3,2340,6,255,4320,20.5,31.6
1990,Asia,Gasoline,Rear-wheel drive,2,2410,6,266,4420,19.7,25.8
2013,USA,Gasoline,Front-wheel drive,3,2130,6,256,4090,17.7,33.3
1993,Europe,Gasoline,Rear-wheel drive,3,2490,6,279,4440,19.7,24.3
2014,USA,Gasoline,All-wheel drive,3,2520,7,295,4440,19.2,25.7
2001,USA,Gasoline,Front-wheel drive,2,2200,6,254,4420,19.4,29.0
1989,USA,Gasoline,Front-wheel drive,4,2260,6,261,4300,20.1,28.1
1982,Asia,Gasoline,Front-wheel drive,3,2200,6,248,3900,19.3,30.4
2019,Asia,Hybrid,Front-wheel drive,4,1780,5,213,3690,19.7,39.2
2016,USA,Gasoline,All-wheel drive,4,2160,6,254,4190,17.4,31.8
1977,Europe,Gasoline,Rear-wheel drive,5,2490,7,295,4900,21.5,24.0
2020,Asia,Gasoline,Rear-wheel drive,2,2330,6,262,4320,17.9,31.9
2021,Asia,Gasoline,Front-wheel drive,4,2410,6,264,4310,18.5,33.6
1979,USA,Diesel,Front-wheel drive,5,2190,6,286,4140,18.1,28.7
1985,Asia,Diesel,Rear-wheel drive,4,1830,5,199,3930,18.2,28.1
2018,USA,Gasoline,Rear-wheel drive,4,2070,6,270,4160,19.1,30.2
1996,Asia,Gasoline,Front-wheel drive,4,2130,7,247,4140,17.7,27.0
2022,Asia,Gasoline,Front-wheel drive,3,2160,7,255,4240,18.2,32.0
1991,USA,Diesel,Rear-wheel drive,2,2470,6,259,4410,19.6,29.6
2014,Asia,Gasoline,Front-wheel drive,3,2250,6,249,3820,18.3,32.3
1978,Asia,Gasoline,Front-wheel drive,3,2160,6,248,4030,17.9,31.2
2012,Europe,Gasoline,Front-wheel drive,2,2520,6,259,4400,19.6,30.6
2015,USA,Gasoline,Front-wheel drive,3,2280,7,271,4520,20.2,31.5
1986,USA,Gasoline,Front-wheel drive,4,2300,6,288,4500,18.3,23.3
1997,Europe,Gasoline,Front-wheel drive,2,2410,6,260,4410,17.4,27.5
2014,Europe,Gasoline,Rear-wheel drive,4,2130,6,250,4140,19.4,30.0
1994,USA,Gasoline,Rear-wheel drive,3,2490,6,279,4540,19.8,26.9
1979,Asia,Gasoline,All-wheel drive,3,2540,6,,4860,20.9,24.2
2000,Europe,Gasoline,Rear-wheel drive,5,2510,7,264,4670,20.8,29.5
1982,USA,Gasoline,All-wheel drive,4,2260,6,,4580,19.6,26.3
1980,Europe,Diesel,Rear-wheel drive,3,2320,6,,4240,18.8,30.9
1989,USA,Gasoline,Front-wheel drive,4,2460,6,294,4270,16.1,26.4
1978,USA,Gasoline,All-wheel drive,4,2070,6,,4510,18.2,24.1
1989,Europe,Gasoline,Front-wheel drive,5,2230,6,238,4180,18.6,31.7
2008,USA,Gasoline,Rear-wheel drive,5,2350,6,270,4580,21.1,26.1
1991,Asia,Gasoline,Front-wheel drive,3,2200,6,224,3860,20.0,29.1
1992,Asia,Gasoline,Front-wheel drive,4,2200,6,225,4110,17.7,28.2
1982,USA,Diesel,Front-wheel drive,4,2480,6,,4610,19.0,27.1
1991,Asia,Gasoline,Rear-wheel drive,3,2320,6,238,3930,18.7,32.4
2016,USA,Diesel,Front-wheel drive,4,2560,7,324,4750,18.8,27.4
1983,Europe,Gasoline,Front-wheel drive,3,2240,6,,3750,19.1,29.8
2015,USA,Diesel,Front-wheel drive,5,2210,6,258,4510,20.8,32.7
1982,USA,Gasoline,Rear-wheel drive,2,2420,7,274,4630,21.6,23.2
2011,Europe,Gasoline,Rear-wheel drive,5,2080,5,236,4100,17.5,33.8
1985,Europe,Gasoline,Front-wheel drive,4,2280,6,225,4240,19.1,26.6
1995,Europe,Gasoline,Front-wheel drive,3,1980,5,199,3910,20.4,34.1
1991,Asia,Gasoline,All-wheel drive,4,2000,6,206,4110,19.4,30.1
1995,USA,Gasoline,All-wheel drive,2,2300,6,252,4570,19.8,26.7
2006,USA,Gasoline,All-wheel drive,5,2590,7,310,5010,19.0,24.0
2012,USA,Gasoline,Front-wheel drive,3,2350,6,265,4310,18.2,31.4
1978,USA,Gasoline,Front-wheel drive,4,2270,6,262,4170,19.1,29.2
2008,Europe,Diesel,Front-wheel drive,2,2150,5,233,4100,19.2,33.4
1992,Asia,Gasoline,Front-wheel drive,2,2040,6,245,3660,19.2,32.3
2002,USA,Hybrid,All-wheel drive,5,2240,6,275,4280,18.5,32.2
1986,USA,Gasoline,All-wheel drive,4,2120,6,265,4270,18.0,25.0
2012,Europe,Gasoline,Front-wheel drive,3,2390,6,266,4220,18.7,32.6
2021,Asia,Diesel,Front-wheel drive,3,2230,6,260,4000,16.4,33.7
1978,Asia,Gasoline,Rear-wheel drive,4,2430,7,,4530,18.8,24.8
2022,Asia,Diesel,Front-wheel drive,5,2240,7,276,4220,19.3,34.2
2007,Europe,Gasoline,Rear-wheel drive,5,2590,6,278,4410,19.5,29.9
2024,Asia,Gasoline,Front-wheel drive,3,2330,7,265,4200,19.2,30.2
1980,Europe,Gasoline,Front-wheel drive,3,2170,7,232,3870,18.1,31.1
2017,Asia,Gasoline,Front-wheel drive,4,2000,5,224,3990,19.2,31.0
2012,Asia,Diesel,Rear-wheel drive,3,2220,6,255,4320,19.3,34.8
2010,USA,Hybrid,All-wheel drive,2,2140,6,270,4400,18.6,32.9
2018,Europe,Gasoline,All-wheel drive,3,2230,6,224,3950,20.9,31.7
1976,Asia,Diesel,All-wheel drive,3,1900,5,244,4160,17.1,30.0
1996,Europe,Diesel,Front-wheel drive,3,2310,6,261,4040,18.7,30.2
1995,USA,Diesel,Front-wheel drive,4,2530,7,270,4530,18.1,30.9
2009,USA,Gasoline,Front-wheel drive,3,2240,6,265,4180,18.9,28.3
1977,USA,Gasoline,Rear-wheel drive,2,2420,7,279,4480,21.3,22.5
1995,Europe,Diesel,Rear-wheel drive,3,2110,6,240,4440,19.0,31.2
2011,Europe,Gasoline,Front-wheel drive,3,2330,6,236,4300,18.8,30.3
1994,Europe,Gasoline,Rear-wheel drive,5,2330,6,261,4390,19.4,27.6
1989,USA,Diesel,All-wheel drive,4,2320,6,263,4790,19.6,26.2
2024,USA,Gasoline,Front-wheel drive,4,2240,6,268,4460,18.0,30.7
2010,USA,Gasoline,Front-wheel drive,5,2270,6,264,4060,17.3,31.0
2000,Asia,Gasoline,Front-wheel drive,5,2470,7,279,4550,17.4,28.4
2001,Europe,Gasoline,Rear-wheel drive,3,2480,7,270,4640,20.0,29.7
1980,Europe,Gasoline,Front-wheel drive,3,2390,7,282,4330,17.2,24.2
1993,Europe,Gasoline,All-wheel drive,4,2160,5,219,4120,19.9,28.7
2011,Asia,Gasoline,Rear-wheel drive,3,2140,6,228,4180,18.7,32.5
1992,Asia,Gasoline,Rear-wheel drive,2,2420,6,270,4300,19.0,27.2
2019,Europe,Gasoline,Front-wheel drive,4,2040,6,240,4180,16.9,32.4
1989,USA,Hybrid,Front-wheel drive,3,2190,6,243,4070,18.9,32.6
2020,USA,Gasoline,Rear-wheel drive,5,2580,6,276,4700,20.5,25.4
1989,USA,Gasoline,Front-wheel drive,3,2370,7,275,4250,17.1,27.3
1983,Asia,Gasoline,Rear-wheel drive,2,2420,7,,4340,19.4,26.2
2012,USA,Diesel,All-wheel drive,3,2640,7,290,4740,20.3,27.1
2011,USA,Gasoline,Rear-wheel drive,2,1980,5,238,4220,19.0,33.1
1982,USA,Gasoline,Front-wheel drive,4,2100,6,222,4040,21.2,27.1
2006,Europe,Gasoline,Front-wheel drive,4,2050,6,228,3980,18.5,34.8
1999,Europe,Gasoline,Front-wheel drive,4,2570,7,276,4380,18.8,28.9
1996,Asia,Gasoline,Front-wheel drive,4,2390,6,242,4330,20.8,29.4
1982,USA,Diesel,All-wheel drive,3,2280,6,281,4660,21.2,26.0
1977,Europe,Gasoline,Rear-wheel drive,3,2330,6,255,4350,18.1,26.6
2006,Europe,Hybrid,Front-wheel drive,3,2220,6,224,4050,18.6,36.2
2022,USA,Gasoline,Rear-wheel drive,3,2490,6,282,4550,20.0,32.2
2009,Asia,Diesel,Front-wheel drive,4,2190,5,229,4050,19.4,30.9
2003,USA,Diesel,All-wheel drive,5,2190,6,290,4170,16.9,28.8
2020,Europe,Gasoline,Front-wheel drive,2,2210,6,246,4200,18.9,33.2
2000,Europe,Gasoline,Front-wheel drive,2,2170,6,232,4280,18.8,28.2
1993,USA,Gasoline,Front-wheel drive,4,2250,6,263,4360,16.8,28.2
2016,Asia,Gasoline,Front-wheel drive,3,2280,6,246,4100,16.8,33.9
2019,Asia,Gasoline,Rear-wheel drive,2,1810,5,209,3760,17.5,35.4
1985,USA,Gasoline,Rear-wheel drive,3,2110,5,244,4260,17.0,26.8
2017,Europe,Diesel,Front-wheel drive,4,2350,6,247,4260,20.0,34.1
2010,USA,Gasoline,Front-wheel drive,5,2340,6,267,4420,18.1,29.9
1977,USA,Gasoline,Rear-wheel drive,3,2410,6,240,4480,20.6,25.2
1982,USA,Gasoline,All-wheel drive,4,2200,6,,4570,20.1,24.7
1992,USA,Gasoline,Rear-wheel drive,5,2430,6,269,4720,18.4,25.5
2008,Asia,Gasoline,Rear-wheel drive,2,2380,6,247,4470,18.8,31.1
1975,USA,Gasoline,Front-wheel drive,4,2170,6,,4140,17.7,28.0
2020,USA,Gasoline,Rear-wheel drive,5,1790,6,223,4240,18.2,31.5
1984,USA,Gasoline,Front-wheel drive,5,2280,6,242,4190,19.5,30.7
1990,Europe,Gasoline,Front-wheel drive,3,2360,6,268,4170,,26.9
2012,USA,Gasoline,Front-wheel drive,5,2390,6,257,4370,19.1,29.4
2020,Asia,Gasoline,Front-wheel drive,4,2300,6,256,4140,19.0,32.1
2011,Asia,Gasoline,Front-wheel drive,3,2270,6,251,3950,19.2,31.1
1990,USA,Gasoline,Front-wheel drive,3,2460,6,258,4330,18.0,25.9
2018,USA,Gasoline,Front-wheel drive,4,2030,6,201,4090,19.2,32.2
1984,USA,Diesel,Rear-wheel drive,3,2220,6,,4170,19.4,26.7
2022,Europe,Gasoline,Rear-wheel drive,2,1980,6,232,4150,19.4,30.3
2022,USA,Gasoline,Rear-wheel drive,2,2050,6,224,4060,17.5,32.0
1981,Asia,Gasoline,Front-wheel drive,2,2260,6,,4060,18.0,27.8
2019,USA,Gasoline,All-wheel drive,5,2260,7,270,4730,19.2,27.9
2000,Asia,Gasoline,Front-wheel drive,4,2240,6,236,4020,18.3,31.9
2008,Asia,Gasoline,Rear-wheel drive,4,2250,6,245,4230,18.2,28.7
1992,Europe,Gasoline,Front-wheel drive,3,2550,7,276,4120,17.2,26.0
1979,Europe,Gasoline,Front-wheel drive,3,1970,6,238,3900,19.4,28.5
1981,USA,Gasoline,Front-wheel drive,5,2080,6,232,4040,21.4,30.5
2020,Asia,Diesel,Front-wheel drive,4,2180,6,268,4140,19.3,35.1
2009,Europe,Gasoline,Front-wheel drive,3,2150,6,227,4030,19.4,31.4
1987,Europe,Gasoline,Rear-wheel drive,4,2070,6,224,4180,18.5,28.7
2015,Asia,Gasoline,Front-wheel drive,4,1970,5,,4240,18.5,30.9
2006,Europe,Gasoline,Front-wheel drive,4,2210,6,251,4380,20.9,28.1
1999,Europe,Gasoline,Rear-wheel drive,3,2310,6,238,4570,18.2,24.5
1985,USA,Diesel,All-wheel drive,2,2130,6,263,4090,18.6,26.8
1997,Europe,Gasoline,All-wheel drive,3,2140,6,250,3980,16.2,28.9
2009,Asia,Diesel,All-wheel drive,4,2350,6,268,4760,18.0,33.0
1980,USA,Diesel,Rear-wheel drive,5,2080,6,254,4250,19.6,27.2
2008,Asia,Gasoline,Front-wheel drive,4,2250,6,233,3950,19.5,34.4
2021,Asia,Gasoline,Rear-wheel drive,3,2240,6,234,4340,20.5,33.0
1994,USA,Gasoline,Rear-wheel drive,3,2620,7,266,4740,20.2,25.2
1985,Europe,Gasoline,Rear-wheel drive,3,2130,6,237,4220,,30.4
1977,Europe,Gasoline,Rear-wheel drive,4,2010,6,,4420,20.9,26.5
2005,Asia,Gasoline,Rear-wheel drive,4,2100,6,232,4110,20.5,31.2
1990,USA,Gasoline,Front-wheel drive,4,2350,6,263,4500,19.7,26.1
1989,Asia,Diesel,Rear-wheel drive,4,2160,5,237,4320,18.5,30.9
1999,Europe,Gasoline,Front-wheel drive,3,2280,6,244,4380,19.0,30.5
1978,Europe,Gasoline,Front-wheel drive,5,2220,6,,4250,17.7,30.0
2016,Europe,Gasoline,Front-wheel drive,2,2200,6,249,4040,20.2,29.6
2005,Europe,Gasoline,Rear-wheel drive,3,2270,7,239,4360,19.4,31.4
2024,Asia,Gasoline,Rear-wheel drive,3,2210,6,236,4390,18.0,33.2
1976,USA,Gasoline,Front-wheel drive,2,2160,5,244,4230,17.6,27.6
1976,Europe,Gasoline,Front-wheel drive,2,2170,6,241,4130,18.8,27.6
2001,Europe,Gasoline,All-wheel drive,4,2250,6,253,4300,20.4,28.3
1977,Asia,Diesel,Front-wheel drive,5,2470,6,273,4250,18.9,31.3
2020,Europe,Diesel,Front-wheel drive,4,2230,6,243,4280,20.1,33.3
2021,Europe,Gasoline,Front-wheel drive,2,2360,6,279,3910,18.6,31.3
2000,Asia,Diesel,All-wheel drive,5,2270,6,276,4490,16.9,33.9
1998,Europe,Gasoline,All-wheel drive,3,2100,6,229,4280,19.4,31.3
1999,Asia,Diesel,Front-wheel drive,2,1940,5,231,3960,18.8,35.4
1985,USA,Diesel,All-wheel drive,2,1780,5,231,4030,19.2,28.3
1989,Asia,Gasoline,Front-wheel drive,3,2480,7,274,4410,18.4,30.1
2009,Europe,Gasoline,Rear-wheel drive,4,2270,6,220,4300,20.0,31.6
1984,Asia,Gasoline,Front-wheel drive,5,2370,6,246,4340,19.0,25.7
1976,Europe,Hybrid,Front-wheel drive,3,2370,6,265,4420,20.4,31.4
1983,USA,Gasoline,Front-wheel drive,3,2050,6,232,4120,19.6,26.5
2021,USA,Gasoline,Rear-wheel drive,4,2060,5,230,4220,17.9,32.9
1985,Europe,Hybrid,All-wheel drive,4,2270,6,249,4400,19.7,30.2
2015,USA,Gasoline,Front-wheel drive,2,2470,7,279,4480,17.7,30.7
1993,Asia,Gasoline,Rear-wheel drive,3,2550,6,279,4460,16.7,25.8
1986,Asia,Hybrid,Front-wheel drive,5,2290,6,239,4200,19.8,33.0
2021,USA,Gasoline,Front-wheel drive,4,2140,6,253,4150,17.3,32.1
2021,Asia,Gasoline,Front-wheel drive,3,2290,6,248,4140,18.3,31.4
1986,Europe,Gasoline,Rear-wheel drive,4,2310,6,257,4370,18.4,27.6
2002,Asia,Gasoline,Rear-wheel drive,3,2130,6,212,4240,20.0,29.6
1989,USA,Gasoline,Rear-wheel drive,4,2030,6,220,4560,21.2,30.2
1990,USA,Gasoline,Front-wheel drive,5,2330,6,271,4430,20.0,27.0
2014,USA,Gasoline,All-wheel drive,4,2070,6,263,4310,18.9,29.8
1984,USA,Gasoline,All-wheel drive,3,2010,6,264,4300,15.8,26.4
2020,USA,Gasoline,Rear-wheel drive,4,2280,6,276,4380,20.4,32.6
1975,USA,Gasoline,Rear-wheel drive,3,2480,6,270,4660,17.9,22.9
2008,Asia,Gasoline,Front-wheel drive,2,2040,6,213,3810,20.8,32.8
1984,Europe,Gasoline,All-wheel drive,2,2190,6,258,4320,17.5,29.8
1997,Asia,Gasoline,All-wheel drive,5,2260,5,220,4410,19.7,27.4
2014,Europe,Gasoline,Rear-wheel drive,4,2110,6,232,4210,18.5,31.2
1982,Europe,Gasoline,Rear-wheel drive,3,2050,6,227,4130,20.8,25.9
2012,USA,Diesel,Front-wheel drive,3,2300,6,257,4030,15.7,31.5
1978,Europe,Gasoline,All-wheel drive,3,2160,6,262,4240,19.4,28.3
2021,Europe,Diesel,Rear-wheel drive,5,2440,6,276,4500,20.1,33.3
2020,Asia,Gasoline,Front-wheel drive,3,2220,6,224,3820,19.1,35.1
1984,Europe,Diesel,All-wheel drive,3,2520,6,271,4790,,28.9
1988,Asia,Gasoline,Front-wheel drive,4,2140,6,228,4000,17.9,29.4
1975,USA,Gasoline,Rear-wheel drive,4,1910,5,,3990,19.5,26.5
2009,USA,Gasoline,Front-wheel drive,4,2640,7,283,4830,20.0,25.1
1980,Europe,Gasoline,Rear-wheel drive,4,2190,6,,3860,18.1,27.0
2020,Europe,Diesel,Rear-wheel drive,4,2300,6,254,4310,,32.3
2008,USA,Diesel,Rear-wheel drive,2,2220,6,273,4350,19.9,30.7
2002,Europe,Hybrid,Front-wheel drive,3,2220,6,251,3990,16.4,34.8
1981,Europe,Gasoline,Front-wheel drive,4,2060,6,229,3960,18.0,30.3
1992,USA,Gasoline,Front-wheel drive,3,2340,6,266,4230,20.7,30.0
1976,Europe,Gasoline,Rear-wheel drive,4,2390,6,,4090,16.9,29.6
1999,USA,Gasoline,All-wheel drive,4,2110,6,252,4270,19.4,28.0
1983,Asia,Diesel,Rear-wheel drive,3,1960,6,226,4240,17.8,27.7
2021,USA,Hybrid,Rear-wheel drive,4,2330,6,278,4480,17.5,32.9
1981,Europe,Hybrid,Front-wheel drive,3,2400,7,279,4360,18.9,33.3
2001,Europe,Gasoline,Front-wheel drive,4,1860,6,225,3860,18.1,33.4
2023,USA,Gasoline,Front-wheel drive,4,1840,5,198,3790,17.4,34.8
1987,USA,Diesel,Rear-wheel drive,3,2320,6,276,4500,19.7,28.3
1983,USA,Gasoline,Front-wheel drive,3,2240,6,276,4300,17.8,26.4
2015,USA,Gasoline,Front-wheel drive,4,2450,7,268,4670,17.4,29.5
2017,Europe,Gasoline,All-wheel drive,2,1980,6,246,4040,20.0,30.5
2005,Asia,Gasoline,Front-wheel drive,3,2360,6,250,4130,18.2,33.2
1993,Asia,Gasoline,Front-wheel drive,3,2320,6,245,4210,19.3,27.9
1979,Asia,Gasoline,Front-wheel drive,4,1940,5,212,3670,20.2,28.1
2001,Europe,Gasoline,Front-wheel drive,4,2120,6,241,4090,19.4,30.0
2010,Europe,Gasoline,Front-wheel drive,5,2340,6,247,4250,16.7,32.3
2000,USA,Gasoline,Front-wheel drive,3,2340,6,283,4350,17.7,27.1
2017,Europe,Gasoline,All-wheel drive,4,2440,7,254,4690,,29.4
2004,USA,Gasoline,Front-wheel drive,2,2290,6,261,4360,19.6,28.8
1976,Asia,Gasoline,Front-wheel drive,3,2360,6,,4210,16.4,26.2
2024,Europe,Diesel,Rear-wheel drive,3,2490,7,289,4330,,32.8
1990,USA,Gasoline,Rear-wheel drive,5,2780,7,326,5200,20.3,25.8
1997,Asia,Gasoline,Front-wheel drive,2,2420,6,,4160,16.7,28.8
2015,Asia,Gasoline,Front-wheel drive,3,1860,5,191,3730,16.9,34.8
2004,USA,Diesel,All-wheel drive,2,2630,7,313,4640,18.7,26.7
2003,Europe,Gasoline,Front-wheel drive,4,2130,6,244,4050,18.4,30.8
1989,USA,Hybrid,Front-wheel drive,2,2310,7,283,4600,19.4,29.8
2006,Asia,Gasoline,Front-wheel drive,2,2020,5,208,3870,17.7,30.6
1996,Europe,Gasoline,Front-wheel drive,3,2100,6,218,3970,18.8,31.4
2003,USA,Gasoline,Front-wheel drive,5,2290,6,297,4450,17.7,29.3
1993,Europe,Gasoline,Front-wheel drive,5,2160,6,241,4050,19.2,30.1
2018,Europe,Gasoline,Rear-wheel drive,5,2210,6,229,4390,15.8,34.0
2003,USA,Hybrid,All-wheel drive,2,2220,6,253,4400,18.7,30.0
1980,USA,Hybrid,Front-wheel drive,3,2640,6,278,4450,19.5,29.0
1987,Asia,Gasoline,Rear-wheel drive,3,2020,5,211,4190,21.0,28.5
2020,USA,Gasoline,All-wheel drive,3,2050,6,245,4440,19.2,30.9
2023,USA,Gasoline,Front-wheel drive,4,2240,6,261,4240,18.5,33.4
2019,USA,Gasoline,Front-wheel drive,5,2010,5,208,4090,18.6,32.8
1998,USA,Gasoline,All-wheel drive,4,2420,6,271,4450,21.6,26.1
1998,Asia,Gasoline,Rear-wheel drive,4,2450,6,273,4410,18.3,29.9
2016,USA,Gasoline,Front-wheel drive,5,2400,6,273,4340,16.6,31.1
2010,USA,Diesel,All-wheel drive,4,2270,6,268,4740,20.3,27.4
2009,Europe,Gasoline,Front-wheel drive,4,2290,6,273,4280,,30.5
2006,USA,Gasoline,Rear-wheel drive,4,2330,6,269,4640,19.6,26.7
1976,Asia,Gasoline,All-wheel drive,5,2180,6,,4460,18.7,28.8
1985,Europe,Gasoline,Front-wheel drive,3,2220,6,243,4050,17.9,31.7
2003,USA,Gasoline,Rear-wheel drive,3,2190,6,248,4390,21.9,29.0
1979,USA,Hybrid,Front-wheel drive,4,2010,5,,4010,18.1,31.6
1988,USA,Gasoline,Front-wheel drive,5,1980,6,254,4170,19.4,28.3
1986,Asia,Hybrid,All-wheel drive,4,1840,5,209,3700,18.3,32.4
2007,USA,Gasoline,All-wheel drive,5,2540,7,301,4910,18.1,26.8
2003,Europe,Gasoline,Front-wheel drive,3,2230,6,247,4270,19.9,31.1
2016,Asia,Gasoline,Front-wheel drive,4,2330,6,250,4210,20.5,32.8
1987,Asia,Gasoline,All-wheel drive,4,1910,6,230,4330,17.6,24.5
1984,Europe,Diesel,Front-wheel drive,2,2090,5,,4130,20.0,29.8
1995,Asia,Hybrid,Front-wheel drive,3,2480,6,297,4360,18.4,32.7
2018,USA,Gasoline,All-wheel drive,4,2560,7,306,4890,18.3,28.0
2014,Europe,Diesel,All-wheel drive,3,2340,6,276,4370,,30.3
2016,USA,Gasoline,Rear-wheel drive,5,2160,6,220,4370,18.9,34.4
1977,USA,Hybrid,All-wheel drive,2,2290,6,277,4520,19.6,27.9
2019,Europe,Hybrid,Front-wheel drive,5,2290,6,241,4360,19.5,38.4
2000,USA,Gasoline,All-wheel drive,5,2040,6,231,4400,20.7,26.9
1982,USA,Diesel,Rear-wheel drive,4,2700,7,311,4960,19.6,26.0
2006,USA,Gasoline,Rear-wheel drive,3,2740,8,334,5040,20.8,27.3
1992,Asia,Gasoline,Front-wheel drive,3,2250,6,252,4140,19.9,31.8
2017,Europe,Gasoline,Rear-wheel drive,3,2630,6,297,4520,,28.7
1996,USA,Gasoline,Front-wheel drive,4,2170,6,243,4050,18.5,30.3
1995,USA,Gasoline,All-wheel drive,4,2480,7,299,4680,17.9,25.9
2009,USA,Gasoline,Rear-wheel drive,5,2170,5,250,4470,17.2,25.2
2005,Asia,Gasoline,Front-wheel drive,3,2380,6,264,4300,19.0,28.1
2014,Asia,Gasoline,Front-wheel drive,5,2430,6,269,4370,17.9,32.8
1990,Europe,Gasoline,Front-wheel drive,4,2420,7,269,4470,20.0,29.9
1980,USA,Diesel,Rear-wheel drive,2,2360,7,266,4530,20.7,28.8
2008,Asia,Gasoline,Front-wheel drive,4,2580,7,270,4650,18.5,28.9
1982,USA,Diesel,Rear-wheel drive,5,2410,7,282,4740,18.0,25.2
2004,Europe,Gasoline,Front-wheel drive,3,2430,6,254,4110,18.8,30.3
2023,USA,Gasoline,All-wheel drive,5,2060,6,243,4260,19.3,27.2
1981,Europe,Diesel,Front-wheel drive,4,2030,6,245,4080,19.1,34.7
2009,Europe,Gasoline,Front-wheel drive,4,2480,7,279,4390,17.9,28.9
2012,USA,Gasoline,Rear-wheel drive,3,2130,6,218,4300,18.5,32.0
1978,Asia,Gasoline,Front-wheel drive,3,1790,6,200,3790,18.7,32.0
1982,Europe,Diesel,Rear-wheel drive,3,2280,6,247,4150,18.2,28.3
2014,Asia,Gasoline,Rear-wheel drive,4,2240,6,234,4640,19.7,31.0
1998,Asia,Gasoline,All-wheel drive,5,2160,7,252,4610,20.7,28.7
2009,USA,Gasoline,Front-wheel drive,4,2240,6,254,4360,20.2,29.5
2023,USA,Diesel,All-wheel drive,3,2260,6,260,4390,20.3,34.0
1995,Asia,Diesel,Front-wheel drive,2,2080,6,241,3760,15.9,32.5
1983,Asia,Diesel,Rear-wheel drive,4,2350,6,279,4700,20.0,29.9
1990,Asia,Gasoline,Front-wheel drive,3,2220,6,264,4020,18.3,29.6
1995,USA,Gasoline,Front-wheel drive,4,2330,6,273,4560,19.6,27.0
2004,USA,Gasoline,Front-wheel drive,3,2390,6,267,4310,19.7,28.9
2003,Europe,Gasoline,Front-wheel drive,4,2230,6,253,4320,19.2,32.5
2012,Asia,Gasoline,Rear-wheel drive,3,2190,6,236,4010,19.3,34.5
1981,Europe,Hybrid,Front-wheel drive,2,2470,6,270,4120,20.0,32.2
2013,USA,Gasoline,Front-wheel drive,5,2670,7,298,4560,19.0,26.8
1999,Asia,Gasoline,Front-wheel drive,5,2340,6,242,4520,17.4,28.6
1983,USA,Diesel,Rear-wheel drive,4,2140,6,274,4500,20.3,29.0
1989,USA,Diesel,Front-wheel drive,5,2310,6,266,4320,18.3,27.2
1997,Asia,Gasoline,Rear-wheel drive,3,2340,6,276,4340,18.0,28.4
1985,Europe,Hybrid,All-wheel drive,4,2230,6,238,4550,18.8,26.0
2022,USA,Gasoline,Front-wheel drive,3,2040,6,237,3890,16.0,31.9
1988,USA,Gasoline,Front-wheel drive,4,2410,6,272,4780,20.4,26.5
2022,USA,Gasoline,Front-wheel drive,4,2360,6,261,4470,19.7,30.7
2004,USA,Gasoline,Front-wheel drive,2,1930,5,228,3700,18.3,34.7
2000,Asia,Gasoline,All-wheel drive,3,2400,7,250,4620,19.3,29.6
1984,Asia,Diesel,Rear-wheel drive,3,2010,5,254,3950,19.5,28.6
2013,USA,Gasoline,Front-wheel drive,4,2330,6,275,4370,18.0,27.1
1988,Europe,Gasoline,Front-wheel drive,4,2350,6,264,4250,16.3,29.1
1984,USA,Diesel,Front-wheel drive,4,2090,6,262,4190,19.4,29.3
2008,USA,Gasoline,Rear-wheel drive,3,2230,6,266,4660,20.5,28.7
2013,USA,Gasoline,All-wheel drive,2,2430,6,,4440,18.1,28.6
1981,Asia,Gasoline,Rear-wheel drive,4,2090,5,229,4060,19.2,27.9
1995,USA,Gasoline,Front-wheel drive,4,2040,5,241,4060,18.1,26.9
2018,Asia,Gasoline,Front-wheel drive,2,2380,6,263,4070,19.0,34.7
1978,USA,Diesel,Rear-wheel drive,2,2270,6,279,4270,17.8,29.7
1982,USA,Hybrid,Front-wheel drive,2,2160,6,262,4140,18.0,31.9
2023,Europe,Gasoline,Front-wheel drive,3,2320,7,287,4040,18.0,31.6
1976,USA,Gasoline,Front-wheel drive,5,2350,6,293,4140,18.2,24.7
1985,Europe,Gasoline,Front-wheel drive,5,2260,6,261,3960,18.5,29.1
2010,Europe,Gasoline,Front-wheel drive,3,2660,6,269,4400,18.6,29.6
2024,Europe,Diesel,All-wheel drive,2,2080,5,256,4100,17.7,31.7
2018,Asia,Gasoline,All-wheel drive,5,1840,5,206,3770,18.4,30.3
2017,Asia,Gasoline,Rear-wheel drive,3,2090,6,234,4140,21.6,33.0
1994,Europe,Gasoline,Front-wheel drive,5,2450,6,254,4290,17.8,27.2
1979,Europe,Gasoline,Rear-wheel drive,5,2500,6,,4480,19.3,26.6
2017,USA,Hybrid,Front-wheel drive,3,2150,6,263,4020,17.5,34.3
2012,Asia,Gasoline,Front-wheel drive,2,2260,6,244,4220,20.8,32.2
2001,Asia,Gasoline,Rear-wheel drive,5,2380,6,250,4310,18.2,30.3
2019,Asia,Gasoline,Rear-wheel drive,2,1860,5,205,3740,17.5,37.6
1986,USA,Gasoline,Rear-wheel drive,3,2450,6,267,4700,19.3,24.8
2007,USA,Hybrid,Rear-wheel drive,2,2330,6,255,4500,18.8,34.4
1988,USA,Diesel,All-wheel drive,5,2280,6,270,4680,20.1,28.1
1985,Europe,Gasoline,All-wheel drive,4,2350,6,258,4690,18.4,24.6
2002,USA,Gasoline,Front-wheel drive,5,2220,6,257,4430,17.0,29.8
1988,Asia,Gasoline,All-wheel drive,3,2270,6,239,4690,17.6,29.0
2001,Asia,Diesel,Front-wheel drive,4,2190,6,257,4140,16.7,31.7
2010,USA,Diesel,Front-wheel drive,4,2390,6,284,4290,18.3,36.1
1991,USA,Gasoline,All-wheel drive,4,2430,6,266,4770,19.8,26.8
2005,USA,Gasoline,Front-wheel drive,3,2430,6,262,4320,18.5,29.1
1986,USA,Gasoline,Rear-wheel drive,2,2360,6,274,4320,19.8,29.0
1994,USA,Gasoline,Rear-wheel drive,4,2180,6,259,4340,19.0,26.8
1991,Asia,Hybrid,Front-wheel drive,3,2500,7,279,4110,18.5,33.1
2001,USA,Diesel,All-wheel drive,3,2200,6,264,4250,19.3,28.9
2012,USA,Hybrid,All-wheel drive,3,2300,6,240,4420,20.8,34.5
1987,USA,Gasoline,Front-wheel drive,4,2290,6,254,4330,20.3,27.3
2011,Asia,Gasoline,Front-wheel drive,2,2090,6,219,4030,18.2,34.0
1990,USA,Gasoline,Rear-wheel drive,3,2180,6,240,4470,20.1,26.6
2010,Asia,Diesel,Rear-wheel drive,4,2010,6,221,3870,19.3,31.9
2015,USA,Gasoline,Rear-wheel drive,4,2200,6,243,4440,19.0,30.8
2005,USA,Gasoline,Rear-wheel drive,4,2530,7,290,4650,18.6,26.8
1978,USA,Diesel,Rear-wheel drive,3,2160,6,290,4460,21.3,30.1
1995,Europe,Gasoline,Front-wheel drive,3,2100,6,,4030,,29.7
2008,USA,Gasoline,All-wheel drive,3,2370,6,258,4530,21.4,29.6
2014,Europe,Gasoline,Rear-wheel drive,4,2000,6,214,4030,18.6,34.8
2022,USA,Diesel,Front-wheel drive,3,2180,6,268,4030,16.2,32.2
1990,Europe,Gasoline,Front-wheel drive,4,2060,6,235,4090,,29.6
1993,Europe,Diesel,All-wheel drive,3,2520,6,300,4620,20.0,28.9
1999,Asia,Hybrid,Front-wheel drive,5,2080,6,226,4220,19.7,36.5
1983,Asia,Gasoline,Front-wheel drive,3,2330,7,,4230,17.7,26.6
2024,Europe,Gasoline,Rear-wheel drive,3,2290,6,235,4210,17.9,32.5
1983,Europe,Gasoline,Front-wheel drive,4,2630,7,,4890,20.8,27.0
1995,Asia,Diesel,Rear-wheel drive,4,2530,6,291,4530,19.3,31.9
2001,Europe,Gasoline,Rear-wheel drive,5,2260,6,250,4450,18.6,31.8
2013,USA,Gasoline,Rear-wheel drive,5,2270,6,252,4650,17.6,29.1
2021,USA,Gasoline,Front-wheel drive,4,2420,6,266,4390,18.6,28.9
2011,Asia,Diesel,Front-wheel drive,5,2520,6,266,4610,17.4,34.1
2019,Asia,Gasoline,All-wheel drive,3,2500,7,269,4810,19.4,28.4
2000,Europe,Gasoline,Rear-wheel drive,4,2370,6,249,4360,21.3,28.5
2022,Asia,Gasoline,Rear-wheel drive,5,2430,7,290,4420,18.2,31.8
1998,Asia,Gasoline,Front-wheel drive,5,2070,6,252,4140,18.9,34.0
1995,Europe,Gasoline,Front-wheel drive,3,2130,5,226,4010,19.3,32.7
2013,USA,Hybrid,Rear-wheel drive,3,2390,6,276,4590,19.2,32.4
2001,Asia,Diesel,Rear-wheel drive,4,1820,5,203,3880,18.8,32.8
1980,Asia,Gasoline,Rear-wheel drive,3,2280,6,242,4410,19.6,28.6
2015,Europe,Gasoline,Front-wheel drive,4,2300,6,259,3870,18.5,33.5
1998,USA,Gasoline,All-wheel drive,2,2190,6,242,4270,18.6,25.5
2015,USA,Gasoline,Front-wheel drive,2,2040,6,231,4020,18.2,29.8
1990,Asia,Gasoline,Rear-wheel drive,4,2140,6,232,4200,19.6,33.5
1994,USA,Gasoline,Front-wheel drive,4,2140,5,239,3980,20.0,28.2
2020,USA,Diesel,Front-wheel drive,4,2300,6,279,4490,18.8,30.2
1996,Asia,Gasoline,Front-wheel drive,4,2320,6,240,4010,16.7,31.4
1977,Europe,Gasoline,Front-wheel drive,3,1990,6,226,3980,22.9,27.9
1995,USA,Gasoline,All-wheel drive,3,2650,7,299,4890,19.9,24.9
2015,USA,Diesel,Front-wheel drive,3,2040,6,256,4040,20.7,33.8
2000,Asia,Gasoline,All-wheel drive,5,2420,6,257,4550,20.8,28.8
1990,Asia,Gasoline,Rear-wheel drive,2,2550,6,257,4890,21.6,29.2
2016,Asia,Hybrid,Front-wheel drive,3,2320,6,241,4020,18.9,39.2
2006,USA,Diesel,All-wheel drive,4,2380,6,278,4770,19.2,28.3
2013,Europe,Gasoline,Front-wheel drive,3,1910,6,212,4030,16.7,33.7
1987,Europe,Gasoline,Front-wheel drive,2,2190,6,235,4020,17.6,25.5
1979,Asia,Gasoline,Front-wheel drive,2,2110,6,235,3860,18.4,30.0
1989,USA,Diesel,Rear-wheel drive,2,2200,5,263,4040,15.6,29.2
1984,USA,Hybrid,All-wheel drive,2,2010,5,,4010,17.1,30.5
1984,USA,Diesel,Front-wheel drive,3,2350,6,292,4050,18.7,31.0
1989,Asia,Diesel,Rear-wheel drive,2,2160,6,252,4130,17.6,30.0
2003,USA,Hybrid,Front-wheel drive,4,2290,6,256,4480,19.2,28.4
2024,Europe,Hybrid,All-wheel drive,3,2350,6,240,4680,21.0,33.8
2008,Europe,Diesel,Front-wheel drive,2,2130,6,244,3920,19.2,31.4
1984,USA,Gasoline,Rear-wheel drive,4,2450,7,278,4580,18.2,23.3
2011,USA,Diesel,Front-wheel drive,4,2130,6,259,4170,15.9,30.7
2013,USA,Gasoline,Front-wheel drive,4,2230,6,258,4380,19.2,31.2
1999,Asia,Gasoline,Rear-wheel drive,3,2090,6,229,4140,19.8,28.9
1993,USA,Gasoline,Front-wheel drive,3,2080,6,239,4140,17.7,30.0
2007,Asia,Gasoline,Front-wheel drive,3,2080,5,220,4010,20.4,29.6
2004,Asia,Gasoline,Front-wheel drive,5,2310,6,246,4380,19.7,31.6
1982,Europe,Gasoline,Front-wheel drive,3,2020,5,,3890,19.3,29.1
2024,USA,Gasoline,Front-wheel drive,4,2510,7,269,4740,19.5,29.8
2023,Asia,Gasoline,All-wheel drive,2,2650,7,271,4870,19.7,26.3
2019,Europe,Gasoline,Rear-wheel drive,5,2130,5,235,4260,19.8,32.2
2012,USA,Gasoline,Front-wheel drive,4,2560,7,282,4470,14.6,30.4
2004,USA,Diesel,Front-wheel drive,2,1990,5,250,3920,17.9,33.4
2010,USA,Hybrid,Rear-wheel drive,4,2290,6,279,4660,21.6,31.4
1994,Asia,Gasoline,All-wheel drive,4,2250,6,234,4110,21.4,27.6
2021,USA,Diesel,Front-wheel drive,3,1920,5,228,3730,19.6,31.4
2007,Europe,Gasoline,Front-wheel drive,5,2180,7,241,4190,17.1,31.8
1989,Europe,Hybrid,Rear-wheel drive,4,2330,5,225,4340,,33.9
1985,Europe,Gasoline,Front-wheel drive,4,2470,6,259,4300,,28.6
1983,USA,Gasoline,All-wheel drive,2,2170,6,255,4310,20.1,24.2
1978,USA,Gasoline,Front-wheel drive,2,2340,6,257,4340,20.4,29.4
1980,Asia,Gasoline,Front-wheel drive,5,2330,6,,4500,19.5,25.9
1978,USA,Diesel,Rear-wheel drive,3,2430,6,,4370,16.9,24.9
1979,Europe,Gasoline,Front-wheel drive,3,2180,6,233,4080,18.8,29.9
1999,USA,Gasoline,Front-wheel drive,3,2430,6,270,4300,18.5,29.1
1989,Europe,Gasoline,All-wheel drive,4,2220,6,251,4510,20.1,24.9
2005,Europe,Gasoline,Front-wheel drive,3,2310,6,269,4200,15.9,33.1
1993,Asia,Gasoline,All-wheel drive,4,2540,6,267,4650,20.9,29.0
1985,Europe,Gasoline,All-wheel drive,3,2070,6,230,4150,20.6,27.6
1992,Europe,Hybrid,Rear-wheel drive,4,2060,6,233,4010,18.8,34.1
2007,Asia,Hybrid,Front-wheel drive,4,2150,6,239,4220,17.2,36.1
2000,Asia,Gasoline,Front-wheel drive,3,2410,6,224,4160,20.5,31.7
2021,USA,Gasoline,Rear-wheel drive,2,2240,6,246,4580,18.7,31.0
2010,Asia,Gasoline,Front-wheel drive,4,2430,6,241,4380,16.4,31.9
2011,Asia,Gasoline,All-wheel drive,2,2480,6,259,4280,19.5,28.0
1991,Asia,Diesel,Front-wheel drive,3,2180,6,256,4120,18.1,30.8
2017,USA,Gasoline,Front-wheel drive,3,2460,6,270,4370,19.5,29.1
2002,Europe,Diesel,Front-wheel drive,3,2410,6,296,4220,,33.3
1981,Europe,Gasoline,Front-wheel drive,3,2080,6,,3950,18.1,29.2
1999,USA,Gasoline,All-wheel drive,3,2240,6,249,4390,20.3,29.3
1978,USA,Hybrid,Rear-wheel drive,3,2140,5,,4300,18.0,28.1
2001,USA,Gasoline,All-wheel drive,3,2270,6,251,4380,16.3,29.0
2019,USA,Diesel,Front-wheel drive,3,2420,6,296,4250,17.1,31.3
1979,Asia,Gasoline,Front-wheel drive,2,1840,5,188,3330,18.2,31.1
1992,Europe,Diesel,All-wheel drive,5,2250,6,253,4590,19.0,29.9
2012,USA,Diesel,Front-wheel drive,5,2140,6,263,4090,18.0,34.3
1977,Asia,Gasoline,Rear-wheel drive,4,2470,6,282,4420,22.5,27.9
1990,Europe,Gasoline,Front-wheel drive,3,2290,6,279,4070,,30.2
1989,USA,Gasoline,Front-wheel drive,3,2320,6,274,4200,17.1,28.5
2016,USA,Gasoline,Front-wheel drive,2,2050,6,246,4250,18.6,31.8
1985,USA,Gasoline,Rear-wheel drive,3,2180,6,266,4400,19.0,24.6
1977,Europe,Gasoline,Front-wheel drive,4,2100,5,216,3910,20.8,28.3
2003,USA,Diesel,Front-wheel drive,4,2360,6,270,4520,22.1,31.4
1990,Europe,Hybrid,All-wheel drive,3,2260,6,232,4530,18.5,32.2
1998,Asia,Gasoline,Front-wheel drive,4,2210,7,,4240,17.9,29.7
1977,USA,Gasoline,Rear-wheel drive,2,2270,6,250,4500,18.8,23.2
2000,USA,Hybrid,Rear-wheel drive,2,2450,7,282,4500,18.4,32.4
2019,Asia,Gasoline,All-wheel drive,4,2110,6,223,4480,19.4,31.2
1982,USA,Gasoline,Front-wheel drive,3,2350,6,,4440,18.5,25.8
2007,USA,Diesel,Rear-wheel drive,4,2510,7,305,4800,18.7,26.7
2002,Asia,Gasoline,Front-wheel drive,5,1980,5,214,3960,18.4,29.3
2005,USA,Diesel,Rear-wheel drive,3,2360,6,285,4430,17.6,30.4
2021,USA,Gasoline,All-wheel drive,4,2160,6,251,4520,19.4,28.1
2020,Asia,Hybrid,Front-wheel drive,3,2040,5,230,3770,18.9,37.0
2010,USA,Gasoline,All-wheel drive,4,2410,6,242,4730,18.2,27.8
2005,Asia,Gasoline,All-wheel drive,4,2180,6,252,4300,18.9,30.2
1985,Europe,Diesel,Front-wheel drive,3,2110,6,225,4040,19.5,31.9
1990,USA,Gasoline,Front-wheel drive,4,2180,6,270,4070,18.7,27.2
1998,USA,Gasoline,Front-wheel drive,4,2060,6,232,4180,19.7,28.2
2011,Asia,Hybrid,Front-wheel drive,4,2270,6,252,4290,19.4,33.7
1978,USA,Gasoline,Front-wheel drive,3,2410,6,,4080,17.6,25.3
2022,USA,Gasoline,Front-wheel drive,3,2150,6,237,4210,17.9,31.2
1994,Europe,Gasoline,Front-wheel drive,4,2400,6,243,4230,19.0,29.9
2018,USA,Gasoline,Front-wheel drive,3,2320,6,255,4250,20.3,28.2
1989,Europe,Gasoline,Rear-wheel drive,4,2220,6,248,4310,19.9,27.3
1999,USA,Hybrid,Front-wheel drive,4,2490,6,265,4450,18.3,33.4
2020,Europe,Gasoline,Front-wheel drive,3,1990,6,190,3880,20.8,37.6
1996,Europe,Gasoline,All-wheel drive,3,2470,7,262,4500,20.1,30.2
1993,Europe,Hybrid,Front-wheel drive,2,2000,5,213,3690,17.4,36.6
1987,Europe,Gasoline,Front-wheel drive,5,2190,5,232,4220,21.6,26.3
2010,USA,Diesel,Front-wheel drive,2,2260,6,278,4210,18.9,32.3
2022,Europe,Gasoline,All-wheel drive,3,1950,5,187,4030,18.6,31.6
1987,Asia,Gasoline,Front-wheel drive,4,2390,7,279,4450,17.5,27.0
1990,Europe,Gasoline,Front-wheel drive,2,2130,6,251,3750,,32.5
1988,USA,Gasoline,Front-wheel drive,5,2440,5,253,4370,20.5,28.5
2005,Asia,Gasoline,Front-wheel drive,4,2190,5,241,4190,18.2,31.2
2005,USA,Gasoline,Front-wheel drive,4,2170,6,257,4300,18.3,29.4
2001,Europe,Hybrid,All-wheel drive,4,2410,7,247,4670,20.2,30.7
1978,Europe,Gasoline,Rear-wheel drive,3,2170,6,,4250,19.6,28.1
2018,Europe,Gasoline,Front-wheel drive,2,2360,7,280,4270,17.6,29.9
1991,USA,Gasoline,Front-wheel drive,3,2360,7,263,4320,18.2,28.9
2007,Europe,Diesel,Rear-wheel drive,4,1990,5,223,4020,16.7,32.2
1982,Asia,Gasoline,Front-wheel drive,2,2330,6,279,3870,17.7,27.8
2002,USA,Gasoline,Front-wheel drive,2,2250,6,252,3990,18.0,29.0
2019,USA,Hybrid,Front-wheel drive,5,2430,7,273,4500,19.2,33.9
1976,USA,Gasoline,Front-wheel drive,3,2110,6,235,4180,19.4,30.0
1995,Asia,Gasoline,Front-wheel drive,5,2180,6,219,3960,19.5,29.8
2020,Europe,Gasoline,Front-wheel drive,2,2230,6,235,3960,19.0,31.2
2007,USA,Diesel,All-wheel drive,3,2090,6,,4200,18.2,31.1
1979,Asia,Gasoline,Front-wheel drive,5,2420,6,262,4380,17.7,27.0
2000,Europe,Gasoline,All-wheel drive,4,2360,6,263,4400,,29.7
1975,USA,Gasoline,Rear-wheel drive,5,2290,6,,4430,17.6,25.1
1976,USA,Gasoline,Front-wheel drive,5,2700,6,281,4780,18.5,27.3
2003,USA,Gasoline,Front-wheel drive,4,2260,6,283,4560,20.2,29.9
1983,Europe,Gasoline,Front-wheel drive,3,2050,6,220,3640,18.8,26.8
2014,Asia,Hybrid,All-wheel drive,4,2180,6,223,4360,17.8,34.1
1993,Europe,Gasoline,Front-wheel drive,2,2290,6,237,3930,15.9,30.7
2024,Europe,Gasoline,Rear-wheel drive,3,2190,6,249,4140,18.0,33.1
2023,USA,Gasoline,Front-wheel drive,3,2060,5,239,3860,18.0,32.2
2010,Asia,Gasoline,Front-wheel drive,2,2060,6,249,4050,16.5,34.1
2002,Europe,Gasoline,Rear-wheel drive,4,2150,5,223,4320,18.1,27.8
1984,Europe,Gasoline,Front-wheel drive,2,2140,6,236,3890,18.6,28.8
2012,USA,Diesel,Front-wheel drive,4,2260,6,269,4480,17.4,28.6
1988,USA,Diesel,Front-wheel drive,4,2260,6,270,4120,20.9,28.7
1975,USA,Gasoline,Front-wheel drive,2,2250,6,269,4000,17.7,25.4
2000,USA,Hybrid,Front-wheel drive,3,1890,6,235,3850,18.5,34.9
2011,Europe,Gasoline,All-wheel drive,4,2430,6,264,4390,18.9,31.6
2012,Asia,Gasoline,Front-wheel drive,5,1840,5,223,3770,18.7,33.9
1991,USA,Gasoline,Front-wheel drive,5,1890,5,210,4150,19.2,31.0
1997,USA,Hybrid,Front-wheel drive,5,2210,6,279,4330,16.2,33.4
2015,Asia,Gasoline,Front-wheel drive,3,2370,6,258,3900,18.1,34.5
2023,Europe,Diesel,All-wheel drive,3,2240,6,262,4420,19.6,32.1
1980,Europe,Gasoline,Rear-wheel drive,3,2220,5,241,4370,20.1,29.8
2010,Europe,Gasoline,Front-wheel drive,3,2150,5,212,4240,20.8,34.4
2011,Europe,Gasoline,All-wheel drive,3,2330,6,248,4430,16.1,28.3
1997,Asia,Hybrid,All-wheel drive,3,2480,7,295,4590,21.2,31.4
2006,Asia,Gasoline,Front-wheel drive,3,2190,6,239,4080,18.3,30.7
1982,Asia,Diesel,Rear-wheel drive,2,2520,7,,4780,21.2,27.8
1993,Asia,Diesel,Rear-wheel drive,5,2000,6,239,4130,20.0,30.9
2018,Europe,Gasoline,Front-wheel drive,3,2540,6,266,4510,16.3,30.2
2021,Europe,Gasoline,Rear-wheel drive,3,2220,6,246,4290,18.9,32.1
2002,Asia,Gasoline,All-wheel drive,2,1930,5,216,4140,18.7,29.6
2003,Europe,Gasoline,Front-wheel drive,5,2650,7,282,4720,19.3,27.2
2010,USA,Gasoline,Front-wheel drive,3,2020,5,257,3990,18.3,31.7
1976,USA,Diesel,Front-wheel drive,4,1820,5,,3710,18.2,29.5
2008,USA,Hybrid,Front-wheel drive,4,2150,6,265,4200,18.4,34.9
2017,Europe,Gasoline,Rear-wheel drive,3,2320,6,239,4220,18.3,31.3
2001,USA,Gasoline,Front-wheel drive,3,2390,6,235,4510,20.1,31.3
2002,USA,Gasoline,Front-wheel drive,3,2190,6,237,3960,18.4,31.0
2014,USA,Gasoline,Front-wheel drive,2,2370,6,252,4350,18.7,29.1
2005,USA,Gasoline,Front-wheel drive,5,2330,6,246,4630,20.5,30.9
2013,Europe,Diesel,Front-wheel drive,3,2240,6,250,4270,20.8,36.5
2023,Asia,Hybrid,Rear-wheel drive,4,2130,6,208,4410,19.2,36.7
1983,USA,Gasoline,Rear-wheel drive,3,2160,6,,4270,20.1,25.3
2012,Europe,Gasoline,Front-wheel drive,4,2180,6,240,4320,17.8,30.7
2011,USA,Gasoline,Rear-wheel drive,5,2220,6,258,4360,18.3,31.1
2008,USA,Gasoline,Front-wheel drive,3,2200,6,253,3890,18.4,32.9
2012,USA,Hybrid,Front-wheel drive,5,2340,6,276,4620,19.5,34.5
2006,USA,Gasoline,Rear-wheel drive,4,2530,6,270,4640,18.0,29.5
1978,USA,Gasoline,Front-wheel drive,4,2560,7,,4330,19.8,27.0
2022,USA,Gasoline,Front-wheel drive,4,2250,6,251,4210,19.9,33.2
1999,Europe,Gasoline,Front-wheel drive,3,2310,6,253,4020,18.3,27.4
1991,USA,Diesel,Rear-wheel drive,2,2450,7,296,4540,19.6,25.5
1992,Europe,Gasoline,Front-wheel drive,4,2120,6,252,4060,17.4,27.1
2007,Europe,Hybrid,Front-wheel drive,3,2440,6,248,4280,20.0,34.7
1976,Europe,Gasoline,Front-wheel drive,3,2270,6,254,4210,18.0,28.7
2002,Asia,Gasoline,Rear-wheel drive,5,2590,6,271,4520,19.1,25.6
1996,Asia,Gasoline,All-wheel drive,4,2520,6,284,4520,17.9,27.0
1983,USA,Diesel,Rear-wheel drive,4,2430,6,284,4660,19.8,25.7
1976,Asia,Gasoline,Front-wheel drive,3,2180,5,236,3870,20.5,31.0
2023,USA,Gasoline,All-wheel drive,2,2340,6,266,4500,17.3,33.4
2021,Europe,Gasoline,Front-wheel drive,3,2190,6,231,3880,18.9,34.4
2010,USA,Gasoline,All-wheel drive,2,2320,6,262,4410,17.7,29.6
2008,USA,Diesel,Rear-wheel drive,2,2300,6,250,4440,21.0,30.0
1976,Asia,Hybrid,Front-wheel drive,3,2610,7,289,4350,21.6,31.2
1998,USA,Diesel,Rear-wheel drive,4,2310,5,257,4470,17.3,30.4
1995,USA,Gasoline,Front-wheel drive,3,2080,5,231,3840,18.2,30.4
2001,Asia,Diesel,All-wheel drive,3,2440,6,274,4270,17.9,28.6
1987,Asia,Gasoline,Rear-wheel drive,3,2350,6,251,4690,21.3,28.0
2018,USA,Gasoline,Front-wheel drive,2,2210,6,283,3980,17.9,29.6
2011,Asia,Gasoline,Front-wheel drive,4,1930,5,221,4190,20.6,32.1
1985,Asia,Diesel,All-wheel drive,2,2390,6,286,4480,18.2,31.6
2000,Asia,Diesel,Rear-wheel drive,5,2390,6,258,4490,20.8,27.8
2006,Europe,Gasoline,Front-wheel drive,5,2150,6,232,4300,18.9,29.9
2015,USA,Gasoline,Rear-wheel drive,2,2300,6,259,4250,16.2,29.8
1991,Asia,Diesel,Rear-wheel drive,3,2340,7,278,4620,19.2,28.7
1980,Asia,Gasoline,Front-wheel drive,3,2110,6,,4020,19.3,30.3
2009,Asia,Gasoline,Front-wheel drive,4,2290,6,229,4040,18.3,32.7
1995,USA,Gasoline,Rear-wheel drive,2,2140,6,260,4400,17.5,27.1
1984,USA,Gasoline,Front-wheel drive,4,2420,6,,4250,19.7,25.0
1998,Asia,Gasoline,Front-wheel drive,4,2120,6,232,4220,20.2,31.3
1987,USA,Gasoline,Front-wheel drive,5,2100,6,245,4050,17.9,28.6
2001,USA,Hybrid,Front-wheel drive,3,2500,7,279,4430,21.0,28.6
2007,USA,Gasoline,Rear-wheel drive,4,2280,6,272,4670,19.1,30.1
2005,Asia,Gasoline,All-wheel drive,5,1960,5,227,4350,20.7,28.4
2011,USA,Gasoline,Front-wheel drive,4,2310,7,288,4350,17.3,31.7
2017,Asia,Diesel,Rear-wheel drive,4,2190,6,248,4410,18.9,32.4
2003,USA,Gasoline,Front-wheel drive,4,2380,6,276,4530,20.5,24.7
2009,Europe,Gasoline,Front-wheel drive,4,2260,6,244,4280,17.5,30.0
2013,USA,Hybrid,Front-wheel drive,3,2030,6,227,4320,18.5,37.7
2017,Europe,Diesel,Front-wheel drive,4,2130,6,242,4360,19.9,34.9
2013,Europe,Gasoline,Front-wheel drive,4,2090,6,241,4140,18.4,33.4
1991,Europe,Gasoline,All-wheel drive,3,2410,6,274,4470,,30.0
1982,USA,Diesel,Front-wheel drive,3,2560,6,283,4620,17.1,26.2
1979,Europe,Gasoline,All-wheel drive,3,2410,6,250,4650,20.6,25.3
1993,Europe,Hybrid,All-wheel drive,4,2010,5,217,4220,19.8,34.9
1977,USA,Diesel,Rear-wheel drive,3,2250,6,258,4370,17.6,29.7
2011,USA,Gasoline,All-wheel drive,5,2540,6,288,4810,20.5,26.2
2003,Asia,Gasoline,Front-wheel drive,2,2070,5,235,3910,17.8,32.2
1993,USA,Gasoline,Front-wheel drive,4,2460,6,288,4330,17.3,26.2
1983,Asia,Diesel,Rear-wheel drive,5,2100,6,230,4340,19.3,31.8
1980,Asia,Gasoline,Rear-wheel drive,2,2040,6,242,4080,17.8,30.2
2014,Europe,Gasoline,Front-wheel drive,5,2290,7,260,4280,17.1,33.3
1994,USA,Gasoline,Rear-wheel drive,2,2210,6,256,4130,19.1,26.7
2009,Europe,Diesel,Front-wheel drive,4,2440,6,270,4580,17.4,31.8
2021,USA,Gasoline,Front-wheel drive,2,2190,6,242,4190,16.8,30.9
2002,Asia,Diesel,Rear-wheel drive,3,2430,6,274,4530,18.1,29.5
2000,USA,Gasoline,Front-wheel drive,3,2390,6,259,4220,18.8,24.3
1979,USA,Gasoline,All-wheel drive,3,2370,6,,4690,22.0,26.4
1979,Europe,Gasoline,All-wheel drive,2,2370,6,,4320,17.5,27.4
2016,USA,Gasoline,Front-wheel drive,5,2510,7,304,4470,17.6,29.3
2010,USA,Diesel,Front-wheel drive,3,2460,6,295,4630,17.3,31.7
1977,Europe,Gasoline,All-wheel drive,3,2350,6,258,4410,19.9,24.8
1985,USA,Gasoline,Front-wheel drive,2,2550,7,287,4460,17.5,24.5
1994,Europe,Gasoline,All-wheel drive,2,2720,7,295,4480,17.5,27.2
2018,USA,Gasoline,Front-wheel drive,3,2130,6,236,3850,17.9,34.4
2001,Asia,Diesel,Front-wheel drive,3,2450,6,274,4450,20.3,32.6
2019,USA,Hybrid,Rear-wheel drive,5,2320,6,249,4390,21.1,35.1
2010,Asia,Gasoline,Front-wheel drive,5,2210,6,220,4220,19.1,32.4
2008,Europe,Gasoline,Front-wheel drive,2,2170,6,222,4210,19.5,30.8
2006,Asia,Diesel,Rear-wheel drive,4,2040,6,235,4150,19.3,34.0
1998,Europe,Gasoline,Rear-wheel drive,4,2270,7,254,4230,17.6,29.0
1979,Europe,Gasoline,Front-wheel drive,3,2340,6,269,4080,21.6,28.8
1986,Asia,Gasoline,Rear-wheel drive,2,2460,6,235,4400,21.4,28.1
1995,Europe,Gasoline,Front-wheel drive,3,2290,6,245,4100,19.0,30.7
2018,Europe,Hybrid,Rear-wheel drive,3,2350,6,255,4260,19.2,34.4
2015,USA,Diesel,All-wheel drive,4,2480,7,273,4810,19.5,30.9
2017,USA,Gasoline,Rear-wheel drive,4,2600,7,303,4730,18.0,28.6
1991,Europe,Diesel,Front-wheel drive,5,2270,6,,4110,18.6,30.2
2005,USA,Gasoline,Front-wheel drive,4,2140,6,257,3950,17.5,30.0
2000,Europe,Gasoline,Rear-wheel drive,3,2440,6,252,4530,19.9,25.9
1978,Asia,Gasoline,All-wheel drive,3,2390,6,243,4390,19.7,25.9
2002,USA,Gasoline,Rear-wheel drive,4,2010,6,240,4110,19.5,31.7
2005,Europe,Gasoline,All-wheel drive,4,2220,6,228,4570,18.9,28.5
1983,Asia,Gasoline,Rear-wheel drive,4,2420,6,260,4630,17.6,26.8
1992,USA,Hybrid,Rear-wheel drive,2,2180,6,245,4570,20.5,29.1
2001,USA,Hybrid,All-wheel drive,2,2300,6,246,4670,19.3,27.8
1998,USA,Hybrid,Front-wheel drive,3,2640,6,301,4590,20.0,33.7
1991,USA,Diesel,Front-wheel drive,2,2130,6,246,4140,17.5,29.0
2018,USA,Gasoline,Front-wheel drive,4,2260,6,277,4240,18.5,29.2
2014,USA,Gasoline,Rear-wheel drive,4,2400,6,257,4250,19.2,28.5
1980,Asia,Gasoline,Front-wheel drive,4,2510,7,,4700,18.3,26.4
2002,USA,Gasoline,Rear-wheel drive,3,2170,6,244,4240,21.2,31.7
2002,USA,Gasoline,Front-wheel drive,3,2140,6,246,4200,18.1,28.1
1991,Asia,Gasoline,Front-wheel drive,4,2110,6,228,4200,18.8,31.2
2002,USA,Gasoline,Front-wheel drive,3,2400,6,272,4430,19.7,31.4
2017,USA,Gasoline,All-wheel drive,3,1960,5,225,3950,18.7,31.1
1982,Asia,Diesel,Front-wheel drive,4,2110,5,234,4200,18.8,32.2
1997,Asia,Hybrid,Front-wheel drive,4,2200,6,254,4220,18.3,36.7
2015,Asia,Gasoline,Rear-wheel drive,3,2210,6,222,4210,17.3,32.3
1994,Asia,Diesel,Rear-wheel drive,3,2070,6,240,4200,18.2,32.0
2005,USA,Diesel,All-wheel drive,4,2620,7,319,4730,17.8,28.2
1976,Asia,Gasoline,Front-wheel drive,2,2410,6,,4180,18.5,29.0
1985,USA,Gasoline,Front-wheel drive,4,2230,6,269,4580,20.2,23.3
2001,USA,Gasoline,Rear-wheel drive,2,2260,6,269,4300,18.3,28.1
1992,USA,Gasoline,Front-wheel drive,5,2140,6,270,4480,19.4,27.9
2023,USA,Gasoline,Front-wheel drive,4,2080,6,240,4200,19.4,30.8
2007,Europe,Gasoline,Front-wheel drive,4,2190,5,237,3900,17.3,31.6
1996,Europe,Gasoline,Front-wheel drive,3,2440,6,245,4320,17.6,29.6
2003,USA,Gasoline,Front-wheel drive,4,2480,7,255,4650,18.1,27.5
1988,Asia,Diesel,Front-wheel drive,2,2330,6,262,4030,21.1,34.5
1991,USA,Hybrid,Rear-wheel drive,2,2270,6,253,4520,17.7,31.6
2021,USA,Gasoline,Front-wheel drive,3,2160,6,259,4220,16.1,31.9
2024,Asia,Gasoline,Rear-wheel drive,4,2470,6,244,4510,18.8,32.2
2007,Europe,Gasoline,Front-wheel drive,3,2390,7,256,4260,19.5,30.0
2020,Asia,Gasoline,All-wheel drive,3,2570,7,278,4490,16.8,28.3
1985,Europe,Gasoline,Front-wheel drive,3,2300,6,232,4260,19.5,31.3
2000,USA,Hybrid,Front-wheel drive,5,2340,6,229,4300,22.0,34.0
2016,Europe,Gasoline,Front-wheel drive,4,2520,7,281,4410,18.3,28.9
1987,USA,Diesel,Front-wheel drive,4,2430,6,282,4310,20.6,31.6
2012,Asia,Gasoline,Front-wheel drive,4,2400,6,224,4160,18.6,31.3
1976,Europe,Gasoline,All-wheel drive,3,2480,7,276,4660,18.9,26.2
1984,USA,Hybrid,Front-wheel drive,5,2150,6,,4350,18.9,30.7
1981,Europe,Hybrid,Front-wheel drive,3,2420,6,,4210,19.1,31.1
1977,USA,Gasoline,Front-wheel drive,5,2530,7,,4670,20.7,24.6
1978,Asia,Diesel,Rear-wheel drive,5,2300,6,259,4300,19.5,27.6
1980,USA,Gasoline,Front-wheel drive,4,2140,6,,4280,19.1,25.7
2016,Europe,Gasoline,Front-wheel drive,2,2040,6,225,3590,18.4,36.3
2011,Asia,Gasoline,Front-wheel drive,5,2250,7,234,4410,19.2,29.9
2022,USA,Gasoline,Rear-wheel drive,2,2270,6,256,4320,19.0,30.6
2006,USA,Gasoline,All-wheel drive,3,2420,6,280,4490,17.4,32.9
1993,USA,Gasoline,Front-wheel drive,3,2510,7,271,4570,18.3,26.9
2007,Europe,Hybrid,Front-wheel drive,2,2610,7,271,4420,,35.7
1981,USA,Gasoline,Rear-wheel drive,3,2290,6,259,4380,19.8,22.4
1987,USA,Gasoline,Rear-wheel drive,3,2140,6,256,4040,18.2,30.5
1980,Europe,Hybrid,Front-wheel drive,4,2340,6,259,4270,,31.2
1981,Asia,Gasoline,Front-wheel drive,4,2250,6,,4170,18.0,26.8
2004,USA,Gasoline,Rear-wheel drive,3,2240,6,265,3990,18.5,30.4
1978,USA,Diesel,All-wheel drive,3,2180,6,287,4190,20.0,27.1
2009,Asia,Gasoline,Front-wheel drive,3,2260,6,240,4010,17.5,30.5
1976,Europe,Gasoline,All-wheel drive,4,2380,6,262,4630,18.7,23.8
1998,Europe,Gasoline,Rear-wheel drive,3,2430,6,265,4680,20.2,27.5
1980,USA,Gasoline,Front-wheel drive,5,2350,6,278,4330,19.3,25.6
1985,Asia,Gasoline,All-wheel drive,4,2180,6,258,4440,18.4,27.2
1982,Asia,Gasoline,Front-wheel drive,3,2380,7,,4170,20.2,29.7
2016,USA,Gasoline,Rear-wheel drive,4,2400,6,277,4420,21.0,29.3
1983,USA,Gasoline,All-wheel drive,3,2300,6,261,4560,18.7,27.1
1994,Asia,Gasoline,Rear-wheel drive,3,2150,6,236,4140,18.8,31.8
1979,Europe,Diesel,Front-wheel drive,4,2040,6,246,4070,,33.4
2009,USA,Gasoline,All-wheel drive,3,2220,6,265,4430,17.8,25.2
1990,USA,Gasoline,Rear-wheel drive,4,2200,6,248,4360,19.7,24.4
2017,USA,Gasoline,Front-wheel drive,4,2370,6,263,4270,17.1,28.2
1979,USA,Gasoline,Rear-wheel drive,3,2130,5,239,4530,20.6,27.1
2020,Asia,Gasoline,All-wheel drive,5,2430,6,248,4600,16.9,32.2
1991,USA,Gasoline,Front-wheel drive,4,2480,6,260,4360,19.4,29.0
1994,USA,Gasoline,Front-wheel drive,4,2450,7,264,4510,18.6,29.7
2010,Asia,Gasoline,Front-wheel drive,4,2060,6,243,4260,18.1,31.4
1983,USA,Gasoline,Front-wheel drive,3,2290,6,241,4240,19.4,27.1
2013,USA,Gasoline,Front-wheel drive,5,2190,6,234,4210,20.1,32.2
2021,Asia,Diesel,Front-wheel drive,4,2360,7,277,4360,18.7,34.0
1976,Europe,Gasoline,All-wheel drive,3,2400,6,280,4550,19.9,22.5
1980,Europe,Gasoline,Rear-wheel drive,4,2480,6,,4440,,24.9
1988,USA,Gasoline,Front-wheel drive,3,2270,6,272,4000,17.8,24.5
2001,USA,Gasoline,Front-wheel drive,3,2350,7,270,4510,20.5,29.4
1979,Europe,Gasoline,All-wheel drive,3,2410,7,,4550,20.5,23.7
1977,USA,Diesel,Front-wheel drive,4,2450,6,,4470,20.3,28.0
1983,USA,Gasoline,Front-wheel drive,4,2510,6,287,4840,18.0,27.3
1984,USA,Diesel,Front-wheel drive,4,2330,6,,4200,17.4,29.4
2010,USA,Gasoline,Rear-wheel drive,4,2090,5,231,4360,20.2,29.2
1980,Europe,Hybrid,Front-wheel drive,4,2500,6,,4040,19.5,33.1
1991,Europe,Gasoline,Front-wheel drive,3,2420,6,256,4450,20.4,27.3
2018,USA,Gasoline,All-wheel drive,3,2120,5,228,4170,20.4,29.9
2006,Asia,Gasoline,Rear-wheel drive,5,2150,6,234,4550,20.0,30.1
2012,USA,Hybrid,Rear-wheel drive,4,2300,6,248,4220,17.6,30.7
1998,Asia,Gasoline,Front-wheel drive,5,2230,6,244,4470,17.7,31.3
1993,USA,Gasoline,Rear-wheel drive,4,2340,6,247,4430,21.0,28.7
2018,USA,Gasoline,Rear-wheel drive,3,2330,6,279,4580,18.7,30.0
1985,Europe,Gasoline,All-wheel drive,4,2160,6,234,4450,20.6,25.5
1989,Europe,Gasoline,Front-wheel drive,4,2310,6,241,4290,21.5,27.7
2003,USA,Diesel,Rear-wheel drive,3,2230,6,268,4740,17.8,29.0
1975,USA,Hybrid,Front-wheel drive,3,2400,7,280,4500,19.4,30.4
2012,USA,Hybrid,Rear-wheel drive,2,2330,6,284,4390,17.1,34.7
1985,USA,Gasoline,Front-wheel drive,2,2490,6,261,4580,19.3,27.3
1987,Asia,Diesel,All-wheel drive,4,2270,6,259,4320,19.4,29.3
2005,USA,Gasoline,Front-wheel drive,4,2160,6,268,4190,20.6,31.8
1992,Europe,Diesel,Rear-wheel drive,5,2440,7,282,4540,17.9,27.8
2018,Asia,Gasoline,Front-wheel drive,2,2490,6,265,4610,15.6,30.0
1978,USA,Hybrid,Front-wheel drive,5,2270,6,259,4140,21.1,30.2
2013,USA,Diesel,Front-wheel drive,5,2650,7,314,4920,19.4,32.1
1986,Asia,Gasoline,Front-wheel drive,5,2350,6,272,4390,20.2,30.8
2003,Europe,Gasoline,Front-wheel drive,5,2320,6,232,4180,,31.2
2001,USA,Gasoline,Front-wheel drive,4,2350,6,288,4810,19.4,26.8
1987,USA,Gasoline,Front-wheel drive,3,2120,6,255,4070,17.7,27.4
2014,USA,Gasoline,Rear-wheel drive,5,2070,6,222,4110,19.3,30.5
1997,Asia,Gasoline,Front-wheel drive,3,2550,7,274,4540,20.4,28.9
1978,USA,Diesel,Front-wheel drive,4,2480,7,286,4480,19.6,26.5
2010,Europe,Gasoline,Front-wheel drive,3,2370,6,263,4120,19.3,33.4
1979,USA,Gasoline,Front-wheel drive,3,2020,6,,4320,19.5,27.0
1980,USA,Gasoline,Front-wheel drive,4,2190,6,232,4290,18.7,27.7
1987,USA,Diesel,All-wheel drive,3,2150,6,273,4380,19.0,25.5
2014,Asia,Hybrid,Front-wheel drive,4,2360,6,265,4110,18.5,36.9
2019,USA,Hybrid,All-wheel drive,4,2350,6,276,4640,20.0,32.3
1982,USA,Gasoline,Front-wheel drive,4,2310,6,254,4230,17.6,27.5
1995,USA,Gasoline,Rear-wheel drive,5,2290,6,263,4250,18.2,25.6
1997,USA,Gasoline,Front-wheel drive,5,2270,6,260,4050,20.3,27.1
1986,Asia,Gasoline,Front-wheel drive,3,2140,6,223,3920,19.1,30.1
2000,USA,Gasoline,Front-wheel drive,4,2240,6,272,4160,18.6,27.1
2014,USA,Hybrid,Front-wheel drive,3,2020,5,226,3980,18.3,33.6
2022,Europe,Gasoline,Front-wheel drive,5,2520,6,282,4480,16.5,31.7
1992,Asia,Hybrid,Front-wheel drive,4,2350,7,236,4380,19.5,33.2
2000,USA,Gasoline,Rear-wheel drive,3,2290,6,246,4560,19.9,28.2
1993,Asia,Gasoline,Rear-wheel drive,3,1990,5,225,4060,18.9,31.2
1976,USA,Diesel,Front-wheel drive,4,2050,6,241,3760,16.7,29.5
2008,USA,Diesel,Front-wheel drive,5,2340,6,288,4200,17.0,34.6
1983,Europe,Diesel,Front-wheel drive,3,2080,6,245,3970,,33.8
2002,Asia,Gasoline,Rear-wheel drive,4,2460,6,248,4930,21.8,29.9
1997,Europe,Diesel,Front-wheel drive,4,2290,6,262,4320,18.8,27.7
1987,Asia,Diesel,Front-wheel drive,3,2170,6,238,3960,18.7,31.7
2005,Asia,Gasoline,Front-wheel drive,4,2280,6,251,4190,17.0,31.0
1986,USA,Gasoline,Rear-wheel drive,2,2160,6,243,4230,18.3,28.5
2014,Europe,Gasoline,Rear-wheel drive,2,2020,5,248,4120,19.0,31.0
2021,Asia,Gasoline,Front-wheel drive,4,2440,7,262,4220,19.7,31.5
2001,USA,Gasoline,Front-wheel drive,2,2520,7,296,4370,18.5,27.4
1977,USA,Gasoline,Front-wheel drive,3,2470,7,,4620,22.2,26.6
2008,USA,Gasoline,Front-wheel drive,2,2510,6,296,4310,19.4,25.5
1985,Europe,Gasoline,Front-wheel drive,4,2220,6,249,4110,19.2,29.6
2010,USA,Gasoline,All-wheel drive,3,2410,6,284,4500,19.6,26.5
1986,Europe,Gasoline,Rear-wheel drive,3,2230,6,247,4090,18.8,29.2
1997,Europe,Diesel,Front-wheel drive,4,2320,6,257,4640,19.8,31.6
2023,USA,Gasoline,Front-wheel drive,4,2200,6,273,4010,18.4,28.5
1992,Europe,Gasoline,All-wheel drive,3,2570,7,286,4440,19.2,27.9
2010,Asia,Gasoline,Rear-wheel drive,2,2160,5,238,4210,17.6,30.1
1989,USA,Diesel,Front-wheel drive,3,2070,6,263,3870,18.4,32.5
1999,Europe,Gasoline,Front-wheel drive,5,2410,6,253,4700,20.7,28.0
2015,USA,Gasoline,Front-wheel drive,4,2210,6,264,4090,17.8,27.9
1989,USA,Gasoline,All-wheel drive,3,2460,6,256,4430,21.0,26.6
2023,Asia,Gasoline,Rear-wheel drive,4,2480,6,255,4580,17.7,31.9
2015,USA,Gasoline,All-wheel drive,3,2390,6,283,4600,18.8,30.2
1995,Asia,Hybrid,Front-wheel drive,3,2280,6,253,3820,19.0,34.7
1977,Asia,Gasoline,Front-wheel drive,3,2280,6,,3940,19.4,28.4
2015,Europe,Gasoline,All-wheel drive,3,1960,6,235,4250,17.0,33.6
2003,Europe,Gasoline,All-wheel drive,2,2210,6,222,4570,19.0,30.9
2010,USA,Hybrid,Front-wheel drive,4,2520,6,254,4620,19.8,33.6
2009,USA,Diesel,All-wheel drive,4,2550,6,268,4660,16.9,28.4
1989,Asia,Gasoline,Rear-wheel drive,2,2420,6,259,4280,20.3,26.4
1997,Asia,Gasoline,Front-wheel drive,2,2230,6,239,3990,20.6,29.4
2002,Asia,Hybrid,Rear-wheel drive,4,2550,7,290,4450,18.9,31.7
1990,Asia,Gasoline,All-wheel drive,4,2490,6,271,5010,20.7,27.3
1982,Asia,Gasoline,Front-wheel drive,3,2320,6,,4350,20.1,27.0
2016,USA,Gasoline,Front-wheel drive,4,2510,7,298,4400,17.9,29.5
2018,Asia,Diesel,Front-wheel drive,3,2320,6,255,4170,15.8,34.4
1985,USA,Gasoline,Rear-wheel drive,4,2150,6,251,4310,18.9,26.2
1979,USA,Gasoline,Front-wheel drive,3,2530,6,,4360,19.1,26.9
2024,Europe,Hybrid,Front-wheel drive,3,2460,7,246,4310,19.3,36.3
2005,Europe,Gasoline,All-wheel drive,3,2570,7,286,4980,20.8,27.6
1998,Asia,Gasoline,Front-wheel drive,5,2020,6,221,4170,18.2,30.7
2017,USA,Hybrid,All-wheel drive,5,2200,6,263,4590,18.8,31.2
1991,USA,Gasoline,Front-wheel drive,3,2140,6,237,3990,20.6,29.4
2016,Asia,Diesel,Front-wheel drive,2,2000,5,218,3940,19.3,35.8
1983,Asia,Gasoline,Front-wheel drive,3,2480,7,285,4370,20.0,28.1
2021,Asia,Gasoline,Front-wheel drive,3,2060,6,248,3920,17.7,32.5
1981,USA,Gasoline,All-wheel drive,3,2130,6,241,4250,21.4,27.9
2006,USA,Gasoline,Front-wheel drive,5,2260,6,227,4250,16.8,31.5
2022,Europe,Gasoline,Front-wheel drive,2,2450,6,243,4200,17.9,34.1
2010,USA,Gasoline,Rear-wheel drive,2,1900,5,227,3940,19.0,34.8
2004,Asia,Gasoline,Front-wheel drive,2,2010,6,239,4080,20.2,32.1
1999,USA,Gasoline,Rear-wheel drive,5,2200,6,275,4480,18.8,27.4
2013,Europe,Gasoline,Front-wheel drive,4,2310,6,227,4030,18.1,32.0
2017,Asia,Diesel,All-wheel drive,4,2410,6,269,4490,17.1,32.9
2024,Europe,Gasoline,Front-wheel drive,3,1980,5,225,3840,19.7,36.8
2004,Europe,Gasoline,Front-wheel drive,3,2230,6,266,4080,16.7,27.8
1987,Europe,Gasoline,Rear-wheel drive,4,2230,5,237,4260,20.7,30.6
2004,USA,Diesel,Rear-wheel drive,3,2190,5,255,4000,19.2,32.6
2023,Asia,Diesel,Rear-wheel drive,4,2540,7,297,4790,19.0,31.9
2018,USA,Gasoline,All-wheel drive,5,2690,7,310,4940,18.0,26.6
1983,USA,Gasoline,Front-wheel drive,5,2220,6,,4010,20.8,28.9
1982,USA,Gasoline,All-wheel drive,4,2580,7,,4730,19.1,24.0
2015,Europe,Gasoline,Rear-wheel drive,3,2420,7,270,4270,18.8,30.4
2008,Asia,Gasoline,Rear-wheel drive,4,2190,7,252,4280,17.7,28.7
2018,USA,Gasoline,Front-wheel drive,5,2310,6,253,4390,16.9,30.0
1993,USA,Hybrid,Front-wheel drive,3,2440,6,284,4400,19.5,32.6
2016,Asia,Gasoline,Rear-wheel drive,4,2170,6,226,4140,18.7,30.2
2015,Europe,Gasoline,All-wheel drive,4,2270,6,253,4560,18.1,31.1
2009,Europe,Gasoline,All-wheel drive,3,2430,6,254,4510,18.1,26.0
2015,Europe,Gasoline,Rear-wheel drive,3,2370,6,252,4310,,29.1
2014,USA,Diesel,Rear-wheel drive,5,2390,6,286,4500,18.0,30.5
1976,USA,Gasoline,All-wheel drive,3,2360,7,269,4410,17.8,25.9
2017,Asia,Diesel,Front-wheel drive,4,2270,6,267,4170,19.1,34.4
1983,Asia,Gasoline,Rear-wheel drive,4,2910,7,312,4870,18.6,24.7
2004,USA,Gasoline,All-wheel drive,3,2200,6,253,4440,19.6,29.6
1997,USA,Gasoline,Front-wheel drive,2,2110,6,237,3930,17.3,32.3
2007,USA,Gasoline,Front-wheel drive,5,2000,5,231,3820,19.0,33.2
1998,USA,Gasoline,Front-wheel drive,2,2410,6,270,4190,17.8,29.1
2009,Asia,Gasoline,Front-wheel drive,4,2390,6,253,4570,20.4,29.8
2022,USA,Gasoline,Front-wheel drive,4,2240,5,246,4340,19.6,29.0
2006,USA,Gasoline,Front-wheel drive,3,2260,6,248,4150,19.9,31.8
1980,Europe,Diesel,Front-wheel drive,4,2400,6,,4280,20.1,29.9
1995,Asia,Gasoline,Front-wheel drive,3,2460,7,280,4190,16.9,29.9
1977,Asia,Gasoline,Rear-wheel drive,4,2220,6,267,4440,18.9,27.5
2023,Asia,Diesel,Front-wheel drive,4,2240,6,259,3980,17.9,34.7
1988,Europe,Gasoline,Front-wheel drive,4,2310,6,258,4210,20.8,28.9
2019,USA,Gasoline,Rear-wheel drive,4,2330,6,244,4590,19.0,29.8
1985,Europe,Gasoline,Rear-wheel drive,3,2530,6,273,4560,17.1,26.0
2002,Asia,Gasoline,Front-wheel drive,3,2280,6,241,4160,20.0,27.9
1978,USA,Gasoline,Front-wheel drive,4,2250,6,,4340,22.4,29.1
2018,Asia,Gasoline,Front-wheel drive,4,2130,6,239,4150,17.6,31.7
1992,Europe,Diesel,Front-wheel drive,4,2230,6,253,4260,19.2,34.2
1997,Asia,Gasoline,Rear-wheel drive,4,2170,6,229,4470,20.8,27.4
2022,USA,Hybrid,Front-wheel drive,4,2710,6,266,4290,19.2,31.7
2011,Europe,Gasoline,Front-wheel drive,2,2200,6,238,4030,,31.3
2012,Asia,Gasoline,Front-wheel drive,4,2320,6,239,4100,19.0,30.6
2009,Asia,Gasoline,All-wheel drive,3,2160,6,224,4110,19.9,30.0
1990,Asia,Gasoline,Front-wheel drive,4,2050,6,241,4220,18.5,27.4
1981,USA,Gasoline,Front-wheel drive,3,2120,6,264,4090,18.4,26.4
1989,Asia,Gasoline,All-wheel drive,5,2600,7,278,4710,16.1,27.9
1980,Asia,Gasoline,All-wheel drive,4,2480,7,,4390,20.6,25.3
1991,USA,Gasoline,Front-wheel drive,3,2590,7,288,4550,19.6,28.0
2014,Europe,Gasoline,Front-wheel drive,4,2340,7,240,4370,17.9,32.4
2005,Europe,Gasoline,Front-wheel drive,3,2080,6,208,4000,17.2,30.1
1978,USA,Gasoline,All-wheel drive,2,2350,6,263,4560,18.1,25.4
1983,Asia,Gasoline,Rear-wheel drive,2,1980,5,239,3920,20.5,33.7
1979,Europe,Gasoline,All-wheel drive,4,1970,5,235,4070,20.8,27.4
2014,Europe,Diesel,All-wheel drive,4,2290,6,246,4420,19.0,32.8
2010,Asia,Gasoline,Rear-wheel drive,2,2000,5,227,3860,16.0,32.5
1984,Asia,Gasoline,Rear-wheel drive,5,2270,6,,4160,18.3,26.8
1979,Asia,Gasoline,Rear-wheel drive,5,2270,6,227,4370,18.3,30.1
2000,Asia,Gasoline,Front-wheel drive,2,2620,7,278,4610,17.3,29.0
2002,USA,Diesel,Front-wheel drive,5,2350,7,280,4790,18.8,29.1
1988,USA,Gasoline,All-wheel drive,2,2310,6,258,4550,19.3,25.1
2013,Asia,Gasoline,Rear-wheel drive,3,2190,6,246,4080,18.3,33.2
2015,USA,Gasoline,Front-wheel drive,4,2360,7,270,4540,21.5,29.8
1981,Europe,Gasoline,Rear-wheel drive,3,2210,6,216,4520,20.3,25.1
1999,USA,Gasoline,All-wheel drive,3,2390,6,261,4660,18.6,25.7
2020,USA,Gasoline,Rear-wheel drive,3,2130,6,270,4240,18.4,29.3
1978,Asia,Gasoline,Front-wheel drive,4,2160,6,,3870,18.5,25.7
1989,USA,Gasoline,Front-wheel drive,3,2530,6,288,4400,18.9,26.6
2019,Asia,Gasoline,Front-wheel drive,4,2410,7,272,4320,18.8,30.8
2009,USA,Gasoline,All-wheel drive,3,2330,7,269,4410,17.8,25.2
1988,Asia,Gasoline,All-wheel drive,3,2550,6,281,4350,17.5,27.0
2003,USA,Diesel,All-wheel drive,4,2710,8,325,5080,19.4,28.7
1991,Europe,Gasoline,Rear-wheel drive,3,2300,6,243,4230,,26.9
1998,USA,Gasoline,Front-wheel drive,3,2560,7,296,4240,16.2,27.1
2009,USA,Gasoline,Front-wheel drive,4,2630,7,279,4620,19.9,29.7
1978,USA,Gasoline,All-wheel drive,4,2370,6,271,4710,19.7,24.7
1984,USA,Gasoline,Front-wheel drive,3,2400,6,,4370,18.4,25.8
1999,Europe,Gasoline,Front-wheel drive,4,2190,5,232,3650,18.5,32.2
1994,Asia,Gasoline,Rear-wheel drive,5,2240,6,220,4220,18.0,32.1
2011,USA,Gasoline,Rear-wheel drive,5,2200,6,247,4270,18.3,30.5
1983,USA,Hybrid,Rear-wheel drive,3,1850,5,,3970,18.8,31.6
1984,Asia,Gasoline,Front-wheel drive,4,2470,7,,4400,19.1,28.5
1991,Europe,Gasoline,Front-wheel drive,3,2320,5,228,4120,18.1,31.4
1997,Asia,Gasoline,All-wheel drive,2,2580,6,270,4400,19.5,27.4
2002,Europe,Diesel,All-wheel drive,3,2680,7,319,4730,18.3,25.0
1977,Asia,Gasoline,Front-wheel drive,4,2590,7,276,4660,20.0,21.9
2009,Europe,Gasoline,All-wheel drive,4,2440,7,286,4440,20.9,26.9
1990,Europe,Gasoline,Front-wheel drive,3,2420,7,265,4220,19.2,28.1
1996,USA,Gasoline,Front-wheel drive,3,2160,5,255,4310,18.9,26.5
2011,Europe,Gasoline,Front-wheel drive,2,2200,6,225,4020,20.3,31.6
2016,Asia,Diesel,Rear-wheel drive,2,2070,6,234,4140,17.1,31.6
1998,Europe,Hybrid,Rear-wheel drive,4,2190,6,231,4340,,34.2
1987,Europe,Diesel,Front-wheel drive,2,2160,6,252,4250,19.7,28.7
2022,USA,Diesel,Front-wheel drive,3,2350,6,269,4300,14.6,35.2
2008,USA,Gasoline,Front-wheel drive,2,2300,6,273,4580,15.8,30.4
1987,Asia,Gasoline,All-wheel drive,5,2190,6,218,4560,20.3,26.0
2007,Asia,Gasoline,Front-wheel drive,4,2220,6,260,3870,20.4,31.9
2005,Europe,Diesel,Front-wheel drive,4,1890,5,223,4040,18.9,39.4
2015,Asia,Gasoline,Front-wheel drive,5,2410,6,256,4460,18.9,31.1
2023,USA,Diesel,Rear-wheel drive,4,2320,6,275,4150,18.5,34.9
2013,USA,Gasoline,Front-wheel drive,2,2030,6,241,3960,18.7,33.1
1984,USA,Gasoline,Front-wheel drive,2,2360,6,276,4100,21.5,27.9
1979,USA,Gasoline,All-wheel drive,4,2450,6,,4800,19.9,20.2
2010,Asia,Gasoline,Front-wheel drive,2,2350,6,230,4310,19.6,33.9
2018,Asia,Diesel,Front-wheel drive,2,2070,6,240,3920,17.9,33.2
1984,USA,Gasoline,Rear-wheel drive,4,2380,6,264,4470,20.4,27.0
2012,USA,Hybrid,Rear-wheel drive,4,2430,7,281,5040,19.9,32.2
1989,Asia,Gasoline,Front-wheel drive,4,2430,6,246,4560,21.1,27.3
2012,USA,Gasoline,All-wheel drive,4,2520,7,296,4950,18.9,25.8
2018,Asia,Gasoline,Front-wheel drive,5,2450,6,294,4610,19.3,34.0
2008,USA,Hybrid,All-wheel drive,4,2340,6,269,4540,17.3,33.5
2022,Asia,Diesel,Front-wheel drive,2,2220,6,264,4140,19.6,36.0
1975,Europe,Diesel,Front-wheel drive,3,1990,5,,3820,18.7,31.0
2002,USA,Gasoline,Front-wheel drive,5,2420,6,293,4350,20.4,28.2
1982,Europe,Hybrid,Rear-wheel drive,3,2450,6,261,4650,20.2,30.4
1980,Europe,Gasoline,Front-wheel drive,4,1820,5,,3880,18.4,27.8
2010,Europe,Diesel,All-wheel drive,2,2160,6,261,4360,20.0,31.3
2012,Europe,Gasoline,Front-wheel drive,3,2420,6,254,4180,16.2,31.0
1999,USA,Gasoline,All-wheel drive,2,2210,6,260,4360,18.8,28.1
1981,Europe,Diesel,All-wheel drive,5,2490,7,,4590,19.7,26.8
2021,Europe,Diesel,Front-wheel drive,3,2130,6,274,4010,15.4,33.8
1989,Asia,Diesel,Front-wheel drive,3,2390,6,267,4470,17.4,32.2
1992,Asia,Gasoline,All-wheel drive,3,2030,7,247,4270,20.3,26.9
2006,USA,Hybrid,Front-wheel drive,3,2260,6,266,4130,17.7,32.3
2020,Asia,Gasoline,Front-wheel drive,2,1990,6,226,3630,17.3,30.5
2016,Asia,Gasoline,Front-wheel drive,2,2490,6,261,4280,17.9,33.1
1994,USA,Gasoline,Front-wheel drive,3,2340,6,266,4170,18.3,23.1
1983,USA,Gasoline,Front-wheel drive,3,2570,7,287,4480,18.4,26.3
1983,USA,Hybrid,All-wheel drive,2,2380,6,260,4340,18.3,30.9
1988,Europe,Diesel,Front-wheel drive,4,1840,5,223,3760,18.1,34.4
1984,Asia,Gasoline,Front-wheel drive,5,2300,6,,4200,18.7,29.0
2009,Europe,Diesel,Front-wheel drive,3,2120,6,252,4060,20.3,34.5
2003,Europe,Gasoline,Rear-wheel drive,5,2280,6,243,4220,17.9,27.6
2008,Europe,Diesel,All-wheel drive,3,2510,7,273,4730,18.0,30.1
1979,USA,Diesel,Front-wheel drive,4,2350,6,278,4480,19.0,27.5
1980,USA,Gasoline,Rear-wheel drive,4,2400,6,,4570,19.8,24.5
1999,Asia,Gasoline,Front-wheel drive,4,2350,6,256,4220,19.4,31.9
2009,USA,Gasoline,All-wheel drive,4,2310,6,258,4600,19.9,26.2
1985,Europe,Gasoline,Rear-wheel drive,3,2780,7,285,4860,,25.4
2002,USA,Gasoline,Rear-wheel drive,4,2440,6,288,4440,16.2,25.7
2011,Asia,Gasoline,Front-wheel drive,4,2000,5,221,3990,19.2,32.9
2012,USA,Gasoline,Front-wheel drive,2,2280,6,248,4330,18.9,31.7
2003,Asia,Diesel,Rear-wheel drive,2,2320,6,249,4360,19.1,33.3
2011,Europe,Gasoline,Front-wheel drive,4,2440,7,252,4360,19.4,26.5
2000,Asia,Gasoline,Front-wheel drive,4,2240,6,260,4200,17.6,31.4
2016,USA,Gasoline,Rear-wheel drive,5,2430,7,280,4670,18.6,25.1
1978,Europe,Gasoline,Front-wheel drive,3,1870,5,220,3600,17.3,29.3
2004,USA,Gasoline,All-wheel drive,4,2100,6,224,4440,18.5,27.7
1984,Europe,Gasoline,Front-wheel drive,2,2180,6,230,4100,21.0,29.4
1983,Europe,Diesel,Front-wheel drive,3,2370,6,,4370,18.7,26.6
1980,Europe,Gasoline,All-wheel drive,2,2150,6,230,4310,18.2,29.7
2019,USA,Hybrid,Front-wheel drive,2,2210,6,249,4110,18.4,34.3
1990,Europe,Diesel,Front-wheel drive,4,2480,6,280,4440,18.9,30.7
2024,Europe,Gasoline,Front-wheel drive,5,2310,6,261,4120,20.0,34.8
2009,USA,Gasoline,Front-wheel drive,3,2460,6,297,4230,17.5,30.6
1997,USA,Gasoline,Rear-wheel drive,5,2380,6,267,4790,20.1,28.3
2005,Asia,Gasoline,Front-wheel drive,4,2380,6,256,4370,18.8,32.8
1981,Asia,Gasoline,Rear-wheel drive,3,2260,6,248,4410,20.0,26.0
1989,USA,Diesel,Front-wheel drive,3,2370,6,276,4250,19.3,29.8
1996,Asia,Gasoline,Rear-wheel drive,3,1970,6,228,3920,19.8,31.2
1981,USA,Gasoline,All-wheel drive,3,2240,6,258,4420,17.7,24.3
1989,Asia,Gasoline,Front-wheel drive,5,1960,5,206,3960,20.9,32.4
1976,Asia,Gasoline,Front-wheel drive,5,2500,6,268,4480,19.4,26.7
2001,Europe,Gasoline,Rear-wheel drive,3,2290,5,245,4200,16.5,32.2
2022,USA,Gasoline,Rear-wheel drive,5,2510,7,286,4650,19.0,29.6
1980,Europe,Gasoline,Front-wheel drive,3,2060,6,,3870,19.3,32.3
2006,Asia,Gasoline,All-wheel drive,3,2100,6,246,4070,18.1,31.5
2005,USA,Gasoline,Front-wheel drive,3,2340,6,253,4080,18.5,29.1
1985,Asia,Gasoline,Rear-wheel drive,2,2070,5,236,4010,18.2,29.4
2011,Asia,Gasoline,Rear-wheel drive,3,2060,5,242,4310,18.5,29.4
1978,Europe,Diesel,Front-wheel drive,3,2450,7,299,4330,19.8,30.9
1986,Asia,Diesel,Front-wheel drive,3,1870,5,237,3900,19.8,31.2
1996,USA,Gasoline,Front-wheel drive,4,2290,6,240,4140,18.7,27.9
2021,Europe,Gasoline,Front-wheel drive,2,2190,6,240,3890,18.1,33.6
1977,Asia,Gasoline,Rear-wheel drive,3,2340,6,263,4550,17.9,28.4
2019,USA,Gasoline,Front-wheel drive,4,2210,5,222,4210,19.1,31.2
1995,USA,Gasoline,Rear-wheel drive,4,2350,6,275,4340,19.3,26.8
1984,USA,Diesel,Rear-wheel drive,2,2420,6,,4400,20.7,27.4
1979,USA,Gasoline,Rear-wheel drive,2,2350,6,,4470,17.0,26.7
1999,Europe,Diesel,Front-wheel drive,2,2450,6,287,4230,18.2,30.3
1979,USA,Gasoline,Front-wheel drive,2,2240,6,,4130,17.9,27.9
2006,Europe,Gasoline,All-wheel drive,4,2100,6,259,4130,20.5,29.8
2013,Europe,Gasoline,Front-wheel drive,5,2410,7,245,4640,22.0,29.4
2010,Europe,Gasoline,Rear-wheel drive,2,2240,6,243,4200,17.3,30.7
2000,Europe,Gasoline,All-wheel drive,3,2320,6,264,4430,18.8,27.9
2014,Asia,Gasoline,Front-wheel drive,4,2270,6,244,4260,18.3,30.1
2001,Europe,Diesel,Rear-wheel drive,3,2260,6,273,4240,18.3,30.6
1992,Europe,Gasoline,Rear-wheel drive,4,2300,6,275,4380,21.0,27.8
2023,Asia,Diesel,All-wheel drive,4,2540,7,285,4670,20.7,29.6
2016,USA,Gasoline,Rear-wheel drive,5,2320,6,262,4190,16.8,27.6
2002,USA,Gasoline,Front-wheel drive,3,2500,6,279,4340,18.2,30.6
1999,USA,Gasoline,Front-wheel drive,3,2390,6,240,4290,18.0,27.8
1988,Europe,Gasoline,Rear-wheel drive,3,2450,6,276,4520,18.6,25.5
2004,USA,Hybrid,All-wheel drive,2,2480,7,287,4500,17.7,30.0
2015,Asia,Diesel,All-wheel drive,5,2640,6,266,4920,18.6,28.5
2008,Asia,Gasoline,Rear-wheel drive,4,2340,7,267,4550,21.1,30.9
2019,Europe,Gasoline,All-wheel drive,3,2280,6,251,4630,17.2,27.2
1988,USA,Hybrid,Rear-wheel drive,5,2340,6,256,4380,19.6,27.6
1988,USA,Hybrid,Rear-wheel drive,2,2160,6,,4170,18.2,33.1
1983,Asia,Gasoline,Front-wheel drive,3,2170,7,274,3950,20.1,28.7
2020,Asia,Gasoline,All-wheel drive,3,2470,6,262,4500,18.2,29.3
1985,USA,Diesel,Front-wheel drive,2,2250,6,273,4020,16.9,28.7
2009,USA,Diesel,All-wheel drive,5,2230,6,269,4380,19.0,31.6
2000,Europe,Gasoline,Front-wheel drive,3,2220,6,249,4120,18.6,33.9
2001,Europe,Diesel,Front-wheel drive,2,2360,6,259,4140,20.2,33.7
2011,Europe,Gasoline,Front-wheel drive,4,2250,6,242,4230,17.3,32.1
1976,Asia,Gasoline,Front-wheel drive,3,2190,6,,4090,18.8,28.5
1999,Asia,Diesel,Front-wheel drive,5,2290,6,264,4160,16.6,31.9
1976,Europe,Hybrid,Rear-wheel drive,3,2480,6,,4330,18.9,27.0
1982,USA,Gasoline,Front-wheel drive,3,2440,7,,4680,19.6,25.2
1976,USA,Gasoline,Rear-wheel drive,4,2360,6,286,4460,20.3,25.8
2009,USA,Hybrid,Rear-wheel drive,4,2540,7,278,4640,17.6,30.9
1995,Europe,Gasoline,All-wheel drive,4,2180,6,234,4320,19.7,27.8
1977,USA,Diesel,All-wheel drive,3,2490,7,291,4750,20.2,22.5
1997,Europe,Gasoline,Rear-wheel drive,3,2380,6,256,4570,19.3,28.0
2013,Asia,Gasoline,Front-wheel drive,3,2310,6,272,4410,17.9,32.8
1976,USA,Gasoline,Front-wheel drive,2,2180,6,,4240,18.0,28.0
1989,Europe,Diesel,All-wheel drive,3,2480,6,253,4260,17.2,27.9
2003,Europe,Hybrid,Front-wheel drive,3,2050,5,218,3800,19.9,34.9
2015,Europe,Gasoline,Front-wheel drive,4,2230,6,246,4240,18.3,30.7
2011,USA,Gasoline,Front-wheel drive,5,2260,7,276,4550,17.9,27.7
1980,Asia,Gasoline,Rear-wheel drive,3,2670,7,273,4690,17.9,22.5
2005,USA,Gasoline,Front-wheel drive,4,2480,7,277,4440,17.9,28.5
2006,Asia,Gasoline,Front-wheel drive,4,2260,6,254,4590,19.4,29.8
2010,USA,Hybrid,All-wheel drive,5,2590,7,279,4920,19.5,29.6
2013,Europe,Gasoline,All-wheel drive,4,2330,6,262,4710,19.9,28.6
2015,Europe,Gasoline,Rear-wheel drive,4,1960,5,223,4200,19.7,31.0
2010,Asia,Diesel,Front-wheel drive,3,2070,5,238,3920,18.0,34.6
2008,Europe,Diesel,All-wheel drive,2,2370,6,274,4320,18.7,30.8
1976,USA,Diesel,Front-wheel drive,3,2250,6,276,4410,20.0,30.5
2022,Asia,Gasoline,Front-wheel drive,3,2300,7,265,4370,20.5,33.5
1984,USA,Hybrid,Front-wheel drive,4,1980,5,244,4060,20.1,32.3
2001,USA,Gasoline,Rear-wheel drive,4,2290,7,266,4550,17.9,26.2
2024,Asia,Gasoline,Front-wheel drive,5,2310,6,255,4170,18.1,35.8
2011,Asia,Hybrid,All-wheel drive,4,2160,6,255,4440,20.4,32.9
2018,Asia,Gasoline,Front-wheel drive,5,2130,6,236,4170,17.2,31.8
1988,USA,Gasoline,Rear-wheel drive,3,2390,6,276,4830,19.0,25.6
1991,Europe,Gasoline,Front-wheel drive,3,2230,6,233,4070,19.5,31.2
1982,Asia,Gasoline,Rear-wheel drive,4,2120,6,229,4200,19.0,30.5
1990,Asia,Gasoline,Rear-wheel drive,5,2330,7,275,4440,18.9,25.2
1994,Asia,Gasoline,Rear-wheel drive,4,2420,6,271,4220,19.9,27.2
1994,USA,Gasoline,Front-wheel drive,4,2490,6,272,4220,19.5,29.5
1983,USA,Gasoline,Front-wheel drive,3,2320,6,,4330,19.9,24.7
2005,Asia,Gasoline,Front-wheel drive,3,2420,6,264,4340,16.6,28.1
1988,Asia,Diesel,Front-wheel drive,2,2290,6,243,3870,19.2,32.1
1986,Asia,Diesel,Front-wheel drive,5,2150,6,249,4290,17.1,30.9
2008,Asia,Gasoline,Front-wheel drive,4,2010,6,247,4070,17.1,31.5
2006,Europe,Diesel,Front-wheel drive,4,2180,6,268,4000,17.6,30.6
1992,Europe,Hybrid,Front-wheel drive,2,2450,7,258,4220,20.3,36.6
1981,USA,Gasoline,Front-wheel drive,3,2020,6,,4010,17.8,31.5
2005,USA,Diesel,Front-wheel drive,3,2160,6,294,4140,17.7,32.3
1998,Europe,Hybrid,Front-wheel drive,5,2260,6,264,4400,18.0,33.1
1987,USA,Gasoline,Front-wheel drive,5,2330,6,270,4650,16.0,27.4
2019,USA,Hybrid,Rear-wheel drive,4,2250,6,253,4440,18.8,34.7
2003,Europe,Gasoline,Front-wheel drive,4,2510,7,253,4220,,31.4
1980,Europe,Gasoline,Front-wheel drive,5,2310,6,253,4240,20.4,28.0
1992,Asia,Diesel,All-wheel drive,4,2380,6,268,4520,17.8,28.7
2009,USA,Diesel,Front-wheel drive,5,2190,5,264,4280,18.6,32.0
1982,Asia,Gasoline,All-wheel drive,4,2410,6,267,4650,18.8,26.9
2017,Asia,Gasoline,Rear-wheel drive,2,2170,6,235,4360,18.8,31.0
1989,USA,Diesel,Front-wheel drive,3,2470,7,298,4560,18.1,29.8
2023,Asia,Gasoline,Front-wheel drive,4,2370,6,257,4180,18.4,33.2
2008,Asia,Diesel,Rear-wheel drive,3,2030,6,242,3880,17.4,34.1
2024,USA,Gasoline,Rear-wheel drive,4,2090,5,244,4090,17.0,32.8
2004,USA,Diesel,Front-wheel drive,2,2140,5,254,4200,18.9,34.4
2021,Europe,Gasoline,All-wheel drive,3,2490,7,285,4570,20.2,32.4
2014,Asia,Gasoline,Rear-wheel drive,4,2520,7,275,4450,20.2,32.6
1978,Europe,Gasoline,All-wheel drive,5,2500,6,,4650,20.2,22.2
2004,USA,Gasoline,Front-wheel drive,3,2150,6,251,4000,21.4,30.1
2019,Europe,Diesel,Front-wheel drive,2,2250,6,257,3780,18.3,35.5
1979,Europe,Gasoline,Front-wheel drive,2,2280,6,,4030,,29.3
2015,Asia,Hybrid,All-wheel drive,4,1960,6,244,4120,20.0,35.8
2020,Asia,Gasoline,Front-wheel drive,3,2320,6,259,4330,19.1,32.7
1998,Europe,Gasoline,Rear-wheel drive,4,2280,5,243,3910,19.3,29.8
2014,Asia,Hybrid,Rear-wheel drive,3,2380,6,246,4500,20.6,32.3
1997,USA,Gasoline,Rear-wheel drive,5,2300,6,282,4590,21.0,25.9
2007,USA,Gasoline,Front-wheel drive,4,2350,6,,4410,16.5,27.8
1999,Europe,Gasoline,Front-wheel drive,5,2280,6,243,4230,20.2,28.2
2020,Europe,Gasoline,Front-wheel drive,4,2340,6,254,4440,,29.6
1989,Asia,Gasoline,Rear-wheel drive,3,2280,6,265,4390,20.7,27.7
1986,Asia,Gasoline,All-wheel drive,3,2260,6,209,4290,16.4,27.6
1979,USA,Hybrid,Front-wheel drive,3,2310,6,,4240,20.5,29.8
2015,Europe,Hybrid,Front-wheel drive,3,2500,6,267,4440,18.7,36.6
1988,Europe,Diesel,All-wheel drive,3,2270,6,268,4390,20.0,28.1
1998,Asia,Gasoline,All-wheel drive,3,2320,6,252,4650,19.3,26.8
1990,USA,Gasoline,All-wheel drive,2,2570,7,282,4630,16.9,24.1
1990,Europe,Gasoline,Front-wheel drive,3,2120,6,239,4070,19.9,33.9
2018,USA,Gasoline,Rear-wheel drive,3,2100,5,212,4340,19.1,28.5
1981,Asia,Gasoline,Front-wheel drive,2,2290,6,,4170,19.5,28.1
1996,Asia,Gasoline,All-wheel drive,3,2390,6,246,4460,19.4,29.7
1987,Europe,Gasoline,Front-wheel drive,3,2240,6,224,4020,21.0,31.8
2016,USA,Gasoline,All-wheel drive,3,2020,5,236,4100,19.2,29.8
1980,Asia,Diesel,Front-wheel drive,3,2250,6,,4120,17.9,29.9
1977,Asia,Gasoline,Rear-wheel drive,4,2430,7,,4360,18.4,27.4
1987,USA,Gasoline,Rear-wheel drive,4,2640,6,287,4870,19.4,24.0
2002,Asia,Diesel,Front-wheel drive,2,2180,6,239,4250,20.5,33.1
2012,Europe,Gasoline,Rear-wheel drive,5,2370,6,240,4510,20.6,30.2
1981,USA,Diesel,Front-wheel drive,4,2390,6,284,4360,16.5,29.1
1989,Asia,Gasoline,Front-wheel drive,3,2390,6,288,4390,18.1,28.6
2000,USA,Gasoline,Front-wheel drive,5,2290,6,237,4280,17.9,27.3
2013,USA,Gasoline,Front-wheel drive,2,2470,7,279,4330,17.4,30.7
1977,Asia,Gasoline,Rear-wheel drive,2,2000,5,211,3830,18.1,27.0
2004,Asia,Hybrid,Front-wheel drive,5,2400,6,277,4550,19.8,35.7
1977,Europe,Gasoline,Front-wheel drive,4,2440,6,253,4380,20.4,29.6
1990,USA,Diesel,Front-wheel drive,5,2620,7,307,4690,20.2,28.4
2023,Europe,Gasoline,Front-wheel drive,3,2160,6,228,4200,18.5,31.6
2013,Europe,Gasoline,All-wheel drive,4,2030,6,236,4260,18.6,28.9
2008,Asia,Gasoline,All-wheel drive,3,1970,6,230,4040,19.8,32.7
2012,Asia,Gasoline,Front-wheel drive,4,2560,7,291,4570,18.6,30.0
1995,USA,Gasoline,Front-wheel drive,2,2240,6,255,4160,19.7,31.7
2008,Asia,Gasoline,Front-wheel drive,4,2170,6,257,4190,17.8,31.6
1995,USA,Gasoline,Front-wheel drive,4,2140,5,239,4160,20.7,31.9
1983,Europe,Diesel,Front-wheel drive,5,2150,6,,4320,18.0,33.8
1992,USA,Gasoline,Front-wheel drive,5,2250,6,244,4050,17.6,28.6
1981,Asia,Gasoline,Front-wheel drive,3,2170,5,,4380,18.9,25.3
2020,Asia,Gasoline,Front-wheel drive,2,1930,5,216,3590,15.5,35.2
1998,USA,Diesel,Rear-wheel drive,4,2090,5,250,4390,17.7,30.8
2008,Asia,Gasoline,Front-wheel drive,5,2250,6,268,4050,19.3,30.6
2014,Asia,Gasoline,Rear-wheel drive,2,2050,5,214,3960,18.0,32.4
2018,USA,Diesel,All-wheel drive,2,2610,7,306,4950,21.8,28.7
1991,USA,Hybrid,Front-wheel drive,5,1930,5,213,3780,17.6,31.3
2005,USA,Diesel,Front-wheel drive,4,2290,6,280,4200,18.0,32.1
1998,Asia,Diesel,Rear-wheel drive,2,2350,6,257,4320,19.1,30.6
1981,Europe,Gasoline,Front-wheel drive,3,2530,7,,4340,19.8,27.3
2000,USA,Gasoline,Front-wheel drive,4,2510,7,289,4440,19.0,27.7
1995,Europe,Gasoline,Rear-wheel drive,5,2190,6,227,4330,20.9,24.8
2015,USA,Hybrid,Front-wheel drive,3,2110,6,225,4170,16.3,37.4
1979,USA,Gasoline,Rear-wheel drive,4,2510,7,295,4800,20.4,25.1
1989,USA,Gasoline,All-wheel drive,4,2340,6,267,4520,17.4,24.3
1982,USA,Gasoline,Rear-wheel drive,3,2010,6,214,3920,19.9,29.2
1978,USA,Gasoline,Front-wheel drive,4,2060,5,,4010,19.1,27.4
2008,Europe,Gasoline,Front-wheel drive,2,2430,6,267,4240,20.0,29.0
1991,Europe,Hybrid,Front-wheel drive,3,2110,5,239,4030,18.8,33.1
1980,Europe,Gasoline,Front-wheel drive,3,2240,6,242,3990,19.6,30.3
2007,Asia,Gasoline,Front-wheel drive,3,1930,5,208,3960,21.9,31.2
2006,Europe,Gasoline,Front-wheel drive,4,2290,6,236,4270,21.0,33.3
1995,Asia,Gasoline,Front-wheel drive,5,2280,6,248,4230,19.0,31.8
1992,USA,Diesel,Rear-wheel drive,3,2460,7,284,4390,19.3,29.1
1987,Asia,Gasoline,Rear-wheel drive,3,2940,8,318,5280,19.7,26.5
1994,USA,Gasoline,Rear-wheel drive,4,2510,7,286,4600,20.1,25.2
1994,Asia,Gasoline,Front-wheel drive,3,2220,5,246,3970,16.6,30.7
1990,USA,Hybrid,Front-wheel drive,4,2600,7,313,4290,18.1,31.3
1988,Asia,Hybrid,Front-wheel drive,2,2360,6,264,4190,17.0,34.3
2000,Europe,Gasoline,Front-wheel drive,3,1750,5,201,3810,18.4,31.4
2006,USA,Gasoline,Rear-wheel drive,3,2180,5,251,4110,18.2,28.3
1994,USA,Gasoline,Front-wheel drive,2,2560,6,271,4560,19.8,27.6
1986,USA,Gasoline,Front-wheel drive,3,2360,6,284,4400,18.6,27.3
2018,USA,Diesel,Front-wheel drive,4,2510,7,297,4560,19.3,31.8
2012,Asia,Gasoline,Front-wheel drive,3,2330,7,263,3880,17.7,29.7
1978,Asia,Gasoline,Front-wheel drive,3,1980,5,225,3540,18.7,30.5
2017,USA,Gasoline,Rear-wheel drive,4,2290,6,287,4530,20.1,29.0
2012,USA,Gasoline,Rear-wheel drive,5,2560,6,293,4760,18.6,25.9
1977,USA,Gasoline,Front-wheel drive,4,2110,6,,4080,18.7,26.6
1995,Asia,Gasoline,Front-wheel drive,2,2110,5,226,4100,19.0,29.3
2004,USA,Gasoline,Front-wheel drive,3,1990,6,239,4130,18.1,30.1
1984,USA,Diesel,All-wheel drive,2,2210,6,267,4420,20.4,28.3
2008,Asia,Gasoline,All-wheel drive,4,2490,7,,4540,17.6,30.7
1983,USA,Gasoline,Rear-wheel drive,2,2480,6,279,4580,20.6,24.0
2002,USA,Gasoline,Rear-wheel drive,5,2390,6,278,4650,19.2,29.0
1981,Europe,Diesel,Front-wheel drive,3,2410,6,291,4250,18.7,32.3
2008,USA,Diesel,All-wheel drive,3,2350,5,282,4400,19.3,29.4
1986,Europe,Gasoline,All-wheel drive,4,2170,6,222,4470,18.8,26.0
2016,Europe,Gasoline,Front-wheel drive,4,2250,6,245,4220,19.0,33.9
2010,Asia,Gasoline,Front-wheel drive,4,2290,6,246,4230,20.6,30.4
1980,USA,Gasoline,All-wheel drive,4,2550,7,307,4760,18.7,24.2
1997,Asia,Gasoline,All-wheel drive,5,2480,6,269,4500,20.8,31.5
2011,Asia,Gasoline,All-wheel drive,4,2100,6,209,4380,21.0,30.2
2020,USA,Gasoline,Front-wheel drive,2,2230,6,253,4200,19.2,32.1
1994,USA,Hybrid,Rear-wheel drive,2,2390,6,256,4260,19.4,32.7
2010,Asia,Gasoline,Front-wheel drive,2,2550,7,251,4160,17.3,31.0
2012,Europe,Gasoline,Front-wheel drive,2,2280,6,238,4210,19.1,32.8
1990,Asia,Gasoline,Front-wheel drive,5,2220,6,232,4290,19.8,31.6
2022,USA,Gasoline,Front-wheel drive,4,2130,6,238,4090,18.0,32.9
1998,Europe,Gasoline,Front-wheel drive,4,2320,6,253,4000,17.7,31.4
2019,Europe,Diesel,Rear-wheel drive,4,2490,6,294,4530,17.8,34.0
1976,USA,Diesel,Rear-wheel drive,5,2430,6,,4750,19.1,28.3
2011,USA,Gasoline,Front-wheel drive,4,2290,7,262,4290,17.5,30.7
2020,Asia,Gasoline,Front-wheel drive,3,2170,5,219,4130,19.7,37.6
1997,USA,Gasoline,Rear-wheel drive,4,2120,5,228,4290,19.0,29.3
2017,Europe,Gasoline,All-wheel drive,3,2280,6,240,4450,18.7,31.4
2024,Asia,Gasoline,Front-wheel drive,4,2500,7,,4290,17.5,34.0
2016,USA,Hybrid,Front-wheel drive,5,1990,5,240,4120,17.3,35.6
1979,Asia,Hybrid,Front-wheel drive,3,2230,6,,3990,17.2,33.5
1992,Europe,Gasoline,All-wheel drive,3,2380,6,248,4460,18.8,26.0
2011,USA,Diesel,Rear-wheel drive,2,2210,6,256,4440,19.1,30.8
1997,USA,Diesel,Front-wheel drive,2,2390,6,276,4000,16.3,27.8
1983,Asia,Diesel,Front-wheel drive,4,2250,6,261,4180,20.9,33.2
1977,USA,Diesel,Front-wheel drive,3,2680,6,308,4760,19.2,28.3
1989,USA,Diesel,Front-wheel drive,2,2300,6,273,4200,18.5,29.6
2013,Asia,Diesel,Front-wheel drive,2,2360,7,278,4280,15.8,32.9
2022,Europe,Gasoline,Front-wheel drive,2,2640,7,296,4420,19.1,31.5
1982,Europe,Gasoline,Rear-wheel drive,3,2430,6,,4220,20.1,25.5
2003,Asia,Gasoline,All-wheel drive,3,2380,6,242,4470,20.1,32.0
2007,USA,Gasoline,Front-wheel drive,3,2520,7,306,4670,18.4,28.3
1986,Europe,Gasoline,Front-wheel drive,3,2350,6,260,4240,20.2,28.5
2012,Europe,Gasoline,All-wheel drive,5,2100,6,238,4400,19.7,28.8
2015,USA,Hybrid,Front-wheel drive,3,2040,6,238,4040,18.5,36.6
2011,Europe,Diesel,Rear-wheel drive,3,2160,6,239,4490,,30.8
2007,USA,Gasoline,Rear-wheel drive,5,2260,6,277,4450,17.4,27.8
2019,Europe,Gasoline,Front-wheel drive,3,2050,6,237,4200,,31.0
1983,Europe,Gasoline,Rear-wheel drive,4,2210,6,247,4440,18.8,29.2
1987,USA,Gasoline,All-wheel drive,3,2120,6,241,4490,19.1,27.4
1985,Asia,Diesel,Front-wheel drive,2,2660,7,278,4370,18.1,32.9
2013,Europe,Gasoline,All-wheel drive,5,2350,6,257,4530,19.5,31.6
2016,Europe,Gasoline,Front-wheel drive,4,2470,7,284,4180,17.1,32.1
2004,Asia,Gasoline,All-wheel drive,3,2440,7,279,4630,21.2,28.0
2014,Europe,Gasoline,All-wheel drive,4,2570,7,280,4530,19.4,29.8
2004,Asia,Gasoline,Rear-wheel drive,3,2390,7,234,4480,19.6,31.3
1992,USA,Gasoline,All-wheel drive,2,2180,6,257,4160,18.2,24.7
1997,Europe,Gasoline,Front-wheel drive,4,2370,6,270,4030,18.4,31.3
1978,USA,Gasoline,Front-wheel drive,4,2300,5,249,4190,19.1,27.5
1992,Europe,Gasoline,Rear-wheel drive,5,2170,5,,4080,20.0,27.5
1983,Asia,Gasoline,Rear-wheel drive,2,2470,6,261,4370,22.0,24.8
1976,USA,Gasoline,Front-wheel drive,4,2190,5,240,4030,21.0,28.7
1983,Asia,Diesel,Front-wheel drive,3,2270,6,,3970,17.9,31.5
1987,USA,Gasoline,Front-wheel drive,3,2010,6,237,4290,20.9,29.2
2011,Asia,Hybrid,Rear-wheel drive,3,2050,6,222,3870,19.0,36.8
1987,Asia,Gasoline,All-wheel drive,2,2290,6,238,4510,18.9,25.7
2015,USA,Gasoline,Front-wheel drive,3,2470,6,277,4500,19.8,31.0
1995,Asia,Gasoline,Front-wheel drive,4,1910,6,223,3870,17.8,32.1
1984,Asia,Gasoline,Rear-wheel drive,3,2320,6,,4300,18.2,27.7
1988,USA,Gasoline,Front-wheel drive,5,2220,6,261,4360,18.6,30.3
1999,Asia,Gasoline,Front-wheel drive,4,2220,6,249,3800,16.0,30.1
2011,USA,Gasoline,Front-wheel drive,4,2420,6,,4610,17.1,28.0
1996,USA,Gasoline,Front-wheel drive,2,2510,7,282,4570,19.9,25.1
1975,USA,Gasoline,Rear-wheel drive,4,2610,7,316,4930,20.4,22.7
2017,USA,Gasoline,Front-wheel drive,3,2070,6,240,4040,19.3,30.7
2010,Asia,Gasoline,Rear-wheel drive,4,2690,7,277,4670,19.4,26.1
2007,Asia,Gasoline,Front-wheel drive,2,2480,6,283,4250,19.2,31.3
2000,Europe,Gasoline,Rear-wheel drive,2,2430,6,,4200,18.0,28.4
1976,Europe,Diesel,Front-wheel drive,2,1990,6,,3830,19.8,31.1
2006,USA,Diesel,Front-wheel drive,4,2250,6,278,4260,19.1,30.4
2005,USA,Diesel,Rear-wheel drive,4,2340,5,275,4290,19.4,31.6
1977,USA,Gasoline,Front-wheel drive,3,2390,6,266,4580,20.9,27.9
2014,Asia,Gasoline,Front-wheel drive,3,1850,5,227,3630,16.7,34.3
1983,Europe,Gasoline,Front-wheel drive,2,2280,6,,4190,21.8,29.0
1978,Asia,Gasoline,Front-wheel drive,3,2110,6,217,3900,19.3,32.3
2000,Asia,Gasoline,Front-wheel drive,5,2360,7,265,4390,20.5,30.6
1982,USA,Gasoline,Front-wheel drive,4,2440,6,269,4370,20.6,27.8
2004,USA,Gasoline,Front-wheel drive,4,2090,5,233,4120,17.5,27.7
1994,USA,Gasoline,Rear-wheel drive,5,2390,6,292,4540,19.9,26.3
1975,Europe,Gasoline,Front-wheel drive,2,2420,6,260,4300,19.0,28.3
2019,Asia,Diesel,Front-wheel drive,3,2170,6,248,4140,17.3,32.7
1978,USA,Hybrid,Front-wheel drive,3,2060,5,246,4160,16.7,31.8
1991,USA,Gasoline,Front-wheel drive,4,2490,6,281,4540,19.7,23.4
2020,Asia,Hybrid,Front-wheel drive,3,2480,7,274,4170,18.8,35.6
1992,USA,Gasoline,Front-wheel drive,2,2250,6,270,4480,20.7,26.7
2013,Asia,Gasoline,Front-wheel drive,2,2400,6,249,4240,18.9,31.5
2015,USA,Gasoline,All-wheel drive,2,2250,6,266,4450,20.3,27.0
2016,Asia,Gasoline,Rear-wheel drive,4,2370,7,263,4580,20.3,31.4
2006,USA,Gasoline,Front-wheel drive,2,2070,6,255,4080,20.0,31.0
1981,USA,Gasoline,Rear-wheel drive,3,2330,7,252,4560,19.4,26.6
1997,Asia,Gasoline,Front-wheel drive,5,2120,6,251,4280,16.4,29.9
1976,Asia,Gasoline,Front-wheel drive,4,2200,6,242,4140,20.3,28.2
1998,Asia,Gasoline,Rear-wheel drive,2,2230,6,242,4010,21.9,31.1
2004,USA,Hybrid,Front-wheel drive,3,2070,6,267,4000,19.4,35.6
2007,USA,Diesel,Front-wheel drive,2,2180,6,278,4180,19.8,32.5
2008,USA,Gasoline,All-wheel drive,4,2350,7,250,4270,18.0,29.7
2007,Asia,Gasoline,Front-wheel drive,2,2340,6,266,4130,17.7,31.9
2016,USA,Hybrid,Front-wheel drive,5,2350,7,267,4390,17.7,34.9
2002,USA,Gasoline,Front-wheel drive,5,2160,6,259,4270,18.7,29.2
1996,USA,Hybrid,Front-wheel drive,3,2480,6,284,4490,18.3,31.5
1986,Asia,Hybrid,Rear-wheel drive,3,2150,6,259,4270,18.6,33.5
1987,Asia,Gasoline,Rear-wheel drive,3,2480,7,258,4570,18.0,27.4
2008,USA,Gasoline,Rear-wheel drive,3,2430,6,279,4430,17.9,28.6
1979,USA,Gasoline,Front-wheel drive,4,2180,6,260,4340,20.9,26.4
1983,Asia,Diesel,Front-wheel drive,3,2210,6,241,3920,20.2,32.9
1977,USA,Gasoline,Front-wheel drive,3,2600,7,,4670,20.2,26.4
1988,Asia,Gasoline,Front-wheel drive,2,2440,6,262,3980,16.4,29.3
1987,Asia,Gasoline,Front-wheel drive,3,2460,6,268,4390,18.1,27.2
2024,USA,Gasoline,Rear-wheel drive,4,2160,6,246,4500,20.1,30.0
2011,USA,Diesel,Front-wheel drive,3,2240,6,260,4210,17.6,32.6
1980,Asia,Diesel,Front-wheel drive,5,2310,7,290,4430,17.1,30.9
2008,USA,Gasoline,Front-wheel drive,3,2190,6,254,3900,18.9,28.5
1977,Asia,Diesel,Rear-wheel drive,3,2110,6,,3940,18.0,31.4
2007,USA,Diesel,Rear-wheel drive,4,2210,6,275,4410,17.5,31.9
1994,Europe,Gasoline,All-wheel drive,3,1820,6,215,3920,18.6,31.1
1991,USA,Diesel,Rear-wheel drive,4,2470,6,297,4470,18.2,29.4
1983,USA,Gasoline,All-wheel drive,3,2330,6,,4590,20.2,22.5
2017,Asia,Gasoline,Front-wheel drive,3,2230,6,267,4170,18.0,32.9
1979,Europe,Diesel,Front-wheel drive,5,2370,6,248,4240,19.3,30.9
2021,USA,Gasoline,Front-wheel drive,2,2550,7,290,4400,18.0,29.6
2019,Asia,Gasoline,Rear-wheel drive,3,2440,6,229,4280,19.3,32.5
1991,Europe,Gasoline,All-wheel drive,2,2240,6,252,4090,18.3,28.2
1990,Europe,Hybrid,Rear-wheel drive,4,2270,6,250,4600,19.1,31.0
2016,Europe,Gasoline,All-wheel drive,4,2060,6,243,4330,,32.4
1996,USA,Diesel,Rear-wheel drive,5,2270,6,256,4320,18.2,28.6
2007,USA,Gasoline,Front-wheel drive,4,2150,5,247,4360,19.2,30.4
2007,USA,Gasoline,Front-wheel drive,4,2550,7,295,4310,18.8,27.8
2015,Europe,Gasoline,Rear-wheel drive,3,2560,6,253,4610,20.6,31.9
2003,Europe,Gasoline,Rear-wheel drive,4,2190,6,233,4580,18.6,27.8
1994,Asia,Gasoline,All-wheel drive,3,2750,7,288,4910,19.9,26.8
2011,Asia,Diesel,Rear-wheel drive,2,1850,5,225,3790,18.6,35.6
1979,USA,Gasoline,All-wheel drive,3,2330,6,282,4630,19.5,22.0
2024,USA,Gasoline,Front-wheel drive,3,2110,6,253,4210,19.7,31.0
2023,Asia,Gasoline,Front-wheel drive,5,2320,6,223,4120,18.5,31.5
2006,Europe,Gasoline,Front-wheel drive,3,2180,6,247,4050,16.8,31.4
1999,USA,Gasoline,Rear-wheel drive,4,2240,6,240,4380,19.1,27.8
1975,USA,Gasoline,Rear-wheel drive,2,2300,6,,4490,18.2,27.6
2010,USA,Diesel,Front-wheel drive,3,2460,6,303,4260,19.2,34.0
1984,USA,Diesel,Front-wheel drive,2,2220,6,265,4140,17.1,31.0
1993,USA,Gasoline,Rear-wheel drive,3,2180,6,283,4350,18.8,26.8
2017,Asia,Gasoline,Front-wheel drive,4,2400,6,260,4380,19.0,30.5
2022,USA,Gasoline,Front-wheel drive,3,2330,7,284,4270,17.5,32.4
1993,Europe,Gasoline,Front-wheel drive,4,2130,6,206,4160,18.1,31.4
2008,USA,Gasoline,Front-wheel drive,5,2350,6,261,4360,18.9,29.5
1993,Europe,Gasoline,All-wheel drive,2,1750,5,209,3840,,31.4
2017,USA,Gasoline,All-wheel drive,4,2330,6,267,4580,18.5,26.5
1986,USA,Gasoline,Front-wheel drive,5,2160,6,242,4020,19.0,28.4
1981,USA,Gasoline,Front-wheel drive,4,2200,6,233,4160,19.1,28.0
1992,Europe,Hybrid,All-wheel drive,3,2510,6,258,4770,20.3,29.5
1998,Europe,Diesel,All-wheel drive,4,2660,7,300,4860,20.3,28.8
1999,USA,Gasoline,Front-wheel drive,4,2350,6,280,4570,18.2,24.5
1993,Asia,Gasoline,All-wheel drive,5,2320,6,236,4250,20.3,30.4
1988,Europe,Hybrid,All-wheel drive,4,2380,7,288,4290,20.2,31.4
2012,USA,Diesel,Rear-wheel drive,2,2300,7,262,4230,18.8,31.0
1989,USA,Gasoline,Front-wheel drive,3,2410,6,284,4320,19.2,30.1
2009,Europe,Gasoline,Front-wheel drive,5,2470,7,268,4460,19.6,31.6
2010,Asia,Gasoline,Rear-wheel drive,3,2260,6,228,4190,19.6,31.5
2002,USA,Gasoline,Rear-wheel drive,4,2200,5,246,4650,19.0,27.1
2001,Asia,Diesel,All-wheel drive,4,2260,6,262,4380,16.1,30.2
1982,USA,Hybrid,Front-wheel drive,5,2230,6,249,4370,19.8,29.8
2017,USA,Gasoline,Rear-wheel drive,2,2100,5,241,4100,18.5,31.6
1979,USA,Gasoline,Front-wheel drive,3,1870,5,,3640,17.5,29.4
1976,USA,Gasoline,Front-wheel drive,3,2530,6,,4230,19.4,27.7
1990,USA,Hybrid,Front-wheel drive,4,2260,6,284,4350,19.2,31.2
2014,Europe,Diesel,All-wheel drive,5,2210,6,277,4390,19.9,31.3
1997,Europe,Gasoline,Front-wheel drive,3,2210,6,265,4230,20.9,32.2
2011,USA,Gasoline,Front-wheel drive,2,2350,6,292,4260,18.5,29.3
2020,USA,Gasoline,All-wheel drive,3,2320,6,265,4510,18.9,30.8
2013,USA,Diesel,Rear-wheel drive,2,2530,7,311,4550,17.9,29.2
1998,Europe,Gasoline,Rear-wheel drive,3,2230,6,234,4220,19.3,29.6
2019,Asia,Gasoline,All-wheel drive,2,2650,6,274,4560,20.7,30.5
1998,Asia,Gasoline,All-wheel drive,4,2380,6,258,4320,19.5,30.4
1978,USA,Diesel,Front-wheel drive,3,2240,5,,4090,17.7,30.1
2007,Europe,Gasoline,All-wheel drive,4,1770,5,200,3810,,33.2
2007,Europe,Gasoline,Front-wheel drive,4,2310,6,264,4200,17.2,32.8
1989,USA,Gasoline,All-wheel drive,3,2010,6,252,4130,18.1,26.6
2002,USA,Gasoline,Front-wheel drive,5,2150,6,256,4190,18.0,30.9
2020,USA,Diesel,All-wheel drive,3,2170,6,271,4530,18.5,32.6
2024,Asia,Hybrid,Front-wheel drive,4,2110,5,234,3980,18.7,38.0
2006,Asia,Gasoline,All-wheel drive,3,2230,6,236,4370,17.3,29.8
1983,Europe,Gasoline,Rear-wheel drive,3,2190,6,,4240,20.5,26.1
1980,Asia,Gasoline,Front-wheel drive,4,2140,6,240,3720,18.5,31.5
1995,USA,Gasoline,Rear-wheel drive,5,2310,7,279,4800,19.9,25.3
2021,USA,Gasoline,Front-wheel drive,4,2360,6,283,4420,17.7,33.3
2012,USA,Gasoline,All-wheel drive,3,2520,7,275,4730,19.4,26.7
1975,Europe,Gasoline,Front-wheel drive,3,2410,7,,4170,18.7,27.8
2019,USA,Gasoline,Front-wheel drive,5,2420,6,272,4530,16.8,28.7
2001,Asia,Gasoline,Front-wheel drive,5,2170,6,243,4020,18.1,32.0
2001,Europe,Diesel,Rear-wheel drive,5,2100,5,244,4260,18.3,31.6
2010,Europe,Gasoline,Rear-wheel drive,3,2350,6,253,4420,20.6,29.6
2001,Europe,Gasoline,Front-wheel drive,3,2240,6,250,3890,18.8,31.4
2010,Asia,Gasoline,All-wheel drive,2,2380,6,230,4250,18.4,31.5
2005,USA,Gasoline,All-wheel drive,5,2420,6,280,4430,20.0,29.3
2007,USA,Gasoline,Rear-wheel drive,4,2290,6,254,4580,18.6,27.1
2013,Asia,Gasoline,Rear-wheel drive,4,2350,6,251,4320,16.5,30.5
1997,Europe,Hybrid,Front-wheel drive,3,2290,6,236,4000,20.1,37.3
1990,Europe,Gasoline,Front-wheel drive,4,2260,6,244,4120,17.7,29.6
1989,Asia,Diesel,Front-wheel drive,4,2290,6,260,4370,18.0,29.1
1986,Asia,Gasoline,All-wheel drive,5,1990,6,226,4300,21.1,28.8
2014,USA,Gasoline,Front-wheel drive,5,2250,6,255,4290,18.2,31.3
2003,Asia,Diesel,All-wheel drive,2,2200,6,244,4410,19.6,33.5
2011,Asia,Gasoline,Front-wheel drive,3,2310,6,255,4120,18.2,31.6
2007,USA,Gasoline,All-wheel drive,5,2360,6,268,4510,18.2,26.4
2004,Asia,Gasoline,Rear-wheel drive,2,2280,6,269,4400,19.4,28.4
1993,Europe,Gasoline,All-wheel drive,5,2370,7,252,4240,19.8,29.6
1989,Europe,Gasoline,Front-wheel drive,5,2440,6,272,4540,19.3,25.5
2022,USA,Gasoline,Front-wheel drive,3,2090,5,228,4000,18.9,30.5
1982,Asia,Hybrid,Front-wheel drive,2,2120,5,,3790,20.0,34.3
2001,Asia,Gasoline,Rear-wheel drive,4,2220,6,250,4280,18.2,30.1
1999,Asia,Gasoline,Rear-wheel drive,2,2410,6,269,4280,17.5,28.5
2017,Asia,Hybrid,All-wheel drive,3,2140,6,248,4000,17.5,33.6
2023,USA,Gasoline,Rear-wheel drive,4,2460,6,261,4410,18.4,29.3
1985,Asia,Gasoline,Front-wheel drive,5,2210,6,241,4200,19.6,28.7
2018,USA,Gasoline,Front-wheel drive,2,1890,5,211,3870,18.5,35.7
1985,Europe,Diesel,Front-wheel drive,3,2080,6,232,4170,20.7,29.9
2012,Asia,Diesel,Rear-wheel drive,3,2120,6,239,4120,16.3,31.4
2008,Europe,Gasoline,Rear-wheel drive,4,2260,6,237,4100,16.5,28.8
1980,USA,Diesel,All-wheel drive,2,2520,7,306,4660,19.6,24.0
1995,USA,Hybrid,All-wheel drive,5,2330,6,255,4810,21.6,29.0
2011,USA,Gasoline,Rear-wheel drive,5,2390,6,273,4680,18.5,27.5
1979,Europe,Gasoline,Front-wheel drive,5,2130,6,,4360,20.3,26.6
2021,Europe,Diesel,All-wheel drive,5,2350,7,265,4710,19.1,32.3
2006,Asia,Gasoline,Rear-wheel drive,4,1970,6,221,4360,17.8,31.0
2018,USA,Hybrid,Front-wheel drive,4,2560,7,292,4540,18.3,31.5
1994,Europe,Diesel,Front-wheel drive,3,2320,7,265,4050,18.8,32.4
1980,USA,Gasoline,Front-wheel drive,5,2380,7,,4640,18.9,26.8
2016,Asia,Gasoline,Front-wheel drive,3,1920,6,207,4110,18.3,34.8
2015,Asia,Gasoline,All-wheel drive,2,2440,7,255,4620,22.0,30.4
1976,USA,Gasoline,Front-wheel drive,4,2500,7,,4490,18.4,25.1
1995,Europe,Gasoline,All-wheel drive,2,2250,6,255,4390,18.1,29.4
1994,USA,Gasoline,All-wheel drive,3,2610,6,290,4730,20.3,24.6
1976,Asia,Hybrid,Front-wheel drive,2,2090,5,240,3860,16.5,31.6
1983,USA,Gasoline,Front-wheel drive,2,2180,6,266,4060,17.1,26.9
1978,Asia,Hybrid,All-wheel drive,2,2370,6,,4560,19.6,30.4
2018,USA,Gasoline,Front-wheel drive,4,2070,6,231,4260,19.4,34.0
1996,Europe,Gasoline,All-wheel drive,5,2320,6,245,4420,19.0,28.8
1976,Europe,Gasoline,Front-wheel drive,5,2010,5,223,3920,19.4,28.2
1997,USA,Gasoline,Rear-wheel drive,4,2160,6,233,4200,19.3,28.1
1997,USA,Gasoline,All-wheel drive,2,2460,6,274,4550,18.6,26.6
1998,Europe,Gasoline,Front-wheel drive,4,2190,6,239,3970,16.6,30.8
2013,Asia,Gasoline,All-wheel drive,2,2360,6,261,4490,20.1,28.5
1994,Asia,Gasoline,Front-wheel drive,3,2180,6,235,4130,17.5,30.1
2003,Europe,Gasoline,Front-wheel drive,3,2150,6,236,4110,18.4,36.4
2019,USA,Gasoline,All-wheel drive,2,2570,6,292,4700,18.7,28.4
2020,Asia,Gasoline,Front-wheel drive,4,2000,6,245,3790,17.1,34.1
1976,Asia,Hybrid,Rear-wheel drive,4,2310,5,240,4350,19.0,29.4
1991,USA,Gasoline,Front-wheel drive,4,2260,7,235,4320,18.9,27.4
2015,USA,Diesel,All-wheel drive,4,2210,6,300,4480,19.6,30.8
2000,USA,Gasoline,Front-wheel drive,5,2570,7,304,4650,19.3,26.4
2012,Europe,Gasoline,All-wheel drive,4,2260,6,256,4450,20.5,31.3
1997,Europe,Gasoline,Front-wheel drive,4,2240,6,253,4070,18.4,30.1
2012,Europe,Gasoline,Front-wheel drive,2,1970,6,237,3990,17.9,31.9
1975,USA,Diesel,All-wheel drive,3,2370,6,283,4540,19.4,27.6
2023,USA,Diesel,Front-wheel drive,2,1970,5,246,3990,18.6,36.2
2004,Asia,Gasoline,All-wheel drive,4,2260,6,245,4420,19.4,29.9
1977,USA,Gasoline,Front-wheel drive,4,2250,6,255,4100,17.8,26.1
1985,Asia,Hybrid,Rear-wheel drive,3,2340,7,262,4330,19.0,32.4
1997,USA,Gasoline,Rear-wheel drive,4,2200,5,249,4090,19.2,33.4
1989,USA,Diesel,Rear-wheel drive,3,2250,6,276,4310,17.5,28.9
2020,USA,Gasoline,Front-wheel drive,5,2260,6,264,4170,19.5,33.2
1987,Asia,Diesel,Front-wheel drive,2,2380,6,277,4310,19.5,28.5
1991,Europe,Gasoline,Rear-wheel drive,4,2360,6,244,4620,21.7,27.7
1990,Europe,Hybrid,Front-wheel drive,5,2420,6,253,4430,18.0,33.0
1986,Asia,Gasoline,Front-wheel drive,5,2130,6,259,3850,17.7,27.7
2001,Europe,Gasoline,All-wheel drive,3,2060,6,206,4030,,32.0
2002,Europe,Gasoline,All-wheel drive,4,2260,6,262,4590,23.4,29.2
2017,USA,Gasoline,Front-wheel drive,4,2180,6,240,4230,18.6,31.3
2000,USA,Gasoline,Front-wheel drive,4,1970,6,258,4070,17.8,30.3
1987,USA,Hybrid,Front-wheel drive,5,2180,6,233,4100,21.2,32.9
1981,USA,Gasoline,Rear-wheel drive,4,2650,7,302,4760,20.8,22.0
1992,Europe,Gasoline,Front-wheel drive,3,2300,6,271,4330,19.4,31.5
2006,USA,Gasoline,Front-wheel drive,2,2300,6,254,4250,18.5,30.8
2006,Asia,Diesel,Front-wheel drive,2,2080,6,231,4210,20.4,36.8
1987,USA,Gasoline,Rear-wheel drive,2,2190,5,263,3880,20.0,26.2
2003,USA,Gasoline,Front-wheel drive,2,2220,6,240,4360,19.1,29.5
2008,Asia,Gasoline,All-wheel drive,4,1960,5,182,4470,18.8,32.6
2000,Asia,Gasoline,Front-wheel drive,4,2180,6,235,4090,19.3,29.0
2005,USA,Gasoline,Front-wheel drive,5,2240,7,270,4330,19.0,29.3
2015,USA,Gasoline,All-wheel drive,2,2230,6,260,4360,18.4,28.8
1996,Asia,Gasoline,Front-wheel drive,3,2390,6,266,4220,19.6,28.0
1994,Europe,Gasoline,Rear-wheel drive,3,2310,6,238,4140,18.9,30.2
1978,Europe,Gasoline,All-wheel drive,3,2300,6,,4380,,27.7
1992,Europe,Hybrid,Front-wheel drive,3,2520,6,283,4450,16.4,30.8
1989,USA,Diesel,Front-wheel drive,4,1940,5,240,3880,17.7,32.7
1986,USA,Gasoline,Front-wheel drive,5,2300,6,245,4270,18.4,27.8
1976,USA,Gasoline,Front-wheel drive,2,2360,6,,4170,18.2,25.3
2014,Europe,Gasoline,Rear-wheel drive,5,2190,6,246,4360,19.7,30.7
2001,USA,Hybrid,Rear-wheel drive,2,2310,7,278,4540,18.3,30.1
1981,Asia,Diesel,Front-wheel drive,2,1810,5,211,3910,19.6,32.5
1989,Asia,Gasoline,Front-wheel drive,5,2420,6,263,4380,20.0,28.8
2020,Asia,Gasoline,All-wheel drive,3,2180,5,239,4180,19.2,34.8
2013,Asia,Gasoline,Front-wheel drive,3,2160,6,223,4140,20.0,33.2
2014,USA,Gasoline,All-wheel drive,5,2280,6,276,4460,21.3,26.9
2005,Asia,Gasoline,Rear-wheel drive,4,1980,6,194,4420,20.4,31.3
1992,USA,Gasoline,Front-wheel drive,4,2280,6,260,4360,18.5,28.4
2007,USA,Gasoline,Front-wheel drive,5,2070,5,222,4230,20.0,32.5
2005,Asia,Gasoline,Front-wheel drive,5,2470,7,281,4470,19.0,32.0
2007,Asia,Hybrid,Front-wheel drive,5,2390,6,,4450,19.8,34.9
2006,Europe,Hybrid,Front-wheel drive,2,2010,6,244,3910,19.0,36.4
1993,Asia,Gasoline,Front-wheel drive,5,2260,5,233,4350,18.8,32.9
1981,USA,Gasoline,Rear-wheel drive,4,2420,6,,4700,18.5,24.5
2016,USA,Gasoline,Front-wheel drive,4,2420,6,264,4530,17.3,29.4
1977,USA,Gasoline,Front-wheel drive,4,2410,6,293,4450,15.8,24.6
1975,USA,Diesel,Front-wheel drive,3,2700,7,300,4580,18.8,27.4
2005,USA,Diesel,Rear-wheel drive,4,2420,6,287,4530,18.1,27.8
2018,Asia,Diesel,Front-wheel drive,3,2370,7,257,4370,19.3,30.2
1976,USA,Diesel,Rear-wheel drive,3,2200,6,,4200,17.2,28.2
2019,Europe,Gasoline,Rear-wheel drive,2,2250,6,243,4460,,31.6
1999,USA,Gasoline,Front-wheel drive,3,2590,7,296,4960,18.0,28.0
1997,Asia,Diesel,Front-wheel drive,3,2020,5,218,3710,18.3,34.1
2008,Asia,Hybrid,All-wheel drive,5,2120,6,256,4580,20.1,33.6
1985,USA,Gasoline,Rear-wheel drive,5,2370,6,275,4530,18.3,28.2
2015,USA,Diesel,Rear-wheel drive,3,2350,6,270,4530,17.4,30.1
2002,Europe,Gasoline,Rear-wheel drive,3,2470,7,271,4610,19.7,28.4
2023,USA,Diesel,All-wheel drive,5,2210,6,281,4810,18.2,29.0
1989,Europe,Hybrid,Front-wheel drive,3,2560,7,248,4380,,30.7
2008,Asia,Gasoline,Front-wheel drive,3,2150,6,233,4130,19.3,31.1
1993,Asia,Diesel,Rear-wheel drive,5,2270,6,256,4540,18.2,29.6
1984,Europe,Diesel,Front-wheel drive,4,2390,6,,4280,18.2,29.5
2011,Europe,Gasoline,Front-wheel drive,3,2190,6,216,4000,17.2,34.6
1977,USA,Hybrid,Rear-wheel drive,3,2300,6,,4420,19.5,30.9
1993,Asia,Gasoline,Front-wheel drive,4,2570,7,279,4060,18.4,30.1
1987,USA,Diesel,Front-wheel drive,2,2150,6,247,3980,20.3,31.2
1997,Europe,Gasoline,Front-wheel drive,2,2330,6,251,4130,18.2,30.7
2006,Asia,Diesel,Front-wheel drive,4,2420,7,272,4350,18.2,33.1
2002,Europe,Gasoline,Front-wheel drive,4,2130,5,,4300,20.1,29.6
2006,Europe,Gasoline,All-wheel drive,2,2090,6,220,4110,17.9,32.4
2011,Asia,Gasoline,Front-wheel drive,4,2340,6,248,4270,20.7,32.0
1997,Asia,Gasoline,Front-wheel drive,4,2390,7,264,4250,17.5,32.7
1998,USA,Gasoline,Front-wheel drive,4,2060,5,234,4230,18.5,30.5
2021,USA,Gasoline,Front-wheel drive,4,2380,7,256,4510,18.8,30.9
1986,Europe,Gasoline,Rear-wheel drive,5,2450,6,261,4660,21.6,25.0
1985,Asia,Gasoline,Front-wheel drive,3,2160,6,239,4210,19.1,30.5
2002,Asia,Gasoline,Rear-wheel drive,4,2330,6,264,4540,17.9,28.4
2019,Europe,Gasoline,Front-wheel drive,3,2110,5,235,3940,18.0,35.3
1996,Europe,Gasoline,Front-wheel drive,4,2250,6,256,4100,18.6,28.3
1990,Asia,Gasoline,Front-wheel drive,3,2380,7,256,4270,19.6,29.9
2007,USA,Gasoline,Front-wheel drive,5,2160,6,262,4280,18.5,27.1
2000,Europe,Gasoline,Rear-wheel drive,4,2290,6,273,4430,,29.5
2012,Europe,Gasoline,Front-wheel drive,3,2360,6,244,4100,16.5,29.8
1978,Europe,Gasoline,Front-wheel drive,2,2210,6,253,3710,,28.8
2019,Europe,Gasoline,All-wheel drive,3,2240,6,256,4150,16.7,28.2
1990,USA,Gasoline,Rear-wheel drive,4,2360,6,255,4350,18.9,26.2
1983,USA,Gasoline,Front-wheel drive,4,2500,7,292,4460,18.5,24.7
1997,Europe,Gasoline,Front-wheel drive,3,2340,6,251,4310,18.1,32.5
2018,USA,Gasoline,Front-wheel drive,4,2250,6,259,4480,19.1,32.0
2002,Europe,Gasoline,All-wheel drive,3,2210,6,253,4180,20.0,28.0
2014,Asia,Diesel,Rear-wheel drive,4,2260,6,268,4210,17.8,35.1
2012,Europe,Gasoline,Front-wheel drive,2,1930,5,220,3600,18.4,36.5
2003,USA,Gasoline,Front-wheel drive,3,2360,6,245,4370,19.4,28.8
1989,Europe,Gasoline,Front-wheel drive,3,2250,6,246,4160,19.9,30.8
1985,Europe,Diesel,Front-wheel drive,3,2060,5,234,4030,18.1,30.2
1985,Asia,Hybrid,All-wheel drive,3,2030,5,217,4120,18.5,35.5
2013,Europe,Hybrid,All-wheel drive,3,2400,7,275,4430,,34.3
1976,USA,Gasoline,Front-wheel drive,3,2340,6,265,4030,18.4,25.0
2005,USA,Gasoline,All-wheel drive,3,2290,6,228,4490,20.6,30.5
1999,Europe,Diesel,Rear-wheel drive,4,2580,7,287,4630,19.0,27.8
1983,USA,Diesel,Front-wheel drive,3,2350,6,291,4630,19.9,28.2
1987,Europe,Gasoline,Front-wheel drive,5,2470,6,266,3960,18.3,31.6
2005,USA,Gasoline,Front-wheel drive,3,2120,6,240,4300,19.3,28.2
2019,Asia,Gasoline,Rear-wheel drive,2,2400,6,259,4230,16.9,31.2
1997,USA,Gasoline,Front-wheel drive,3,2420,7,,4280,19.6,31.2
2006,USA,Gasoline,All-wheel drive,3,2430,6,278,4480,19.8,24.5
1992,USA,Diesel,Front-wheel drive,4,2280,6,270,4370,18.5,27.5
2011,Asia,Gasoline,All-wheel drive,4,2290,6,235,4340,19.2,32.4
2006,USA,Hybrid,Rear-wheel drive,4,2370,6,262,4650,20.3,29.6
2011,Asia,Gasoline,Front-wheel drive,3,2320,6,233,4170,18.8,30.3
1982,Asia,Gasoline,Front-wheel drive,4,2060,6,,4050,19.8,31.7
2019,Europe,Gasoline,Front-wheel drive,3,2250,6,,4340,19.8,31.7
1979,USA,Gasoline,Rear-wheel drive,4,2340,7,,4510,17.4,24.4
2007,USA,Gasoline,Rear-wheel drive,3,2290,6,250,4450,18.6,31.3
2017,Asia,Diesel,All-wheel drive,4,2330,6,273,4470,17.6,33.4
2013,USA,Gasoline,Rear-wheel drive,4,2540,6,278,4950,19.2,30.4
2015,USA,Hybrid,Front-wheel drive,4,2240,7,267,4170,17.2,34.9
2021,Asia,Gasoline,All-wheel drive,3,2350,6,241,4410,19.7,30.2
2011,Europe,Gasoline,Rear-wheel drive,4,2320,6,253,4140,17.5,31.1
2008,Europe,Gasoline,Rear-wheel drive,5,2290,7,264,4230,17.7,30.2
1989,USA,Gasoline,Front-wheel drive,2,2430,6,269,4210,18.8,27.4
1998,Europe,Gasoline,All-wheel drive,3,1930,5,209,3990,19.5,30.0
1988,Europe,Gasoline,Front-wheel drive,4,2140,5,217,3720,20.4,30.0
1985,Asia,Diesel,Front-wheel drive,2,2430,6,281,4130,17.1,31.8
2021,Europe,Hybrid,Rear-wheel drive,5,1920,5,217,4010,19.0,34.4
1982,Asia,Gasoline,Rear-wheel drive,3,2050,6,240,4190,21.0,28.1
2011,Europe,Hybrid,Front-wheel drive,4,2360,6,269,4410,19.7,32.4
2022,Asia,Gasoline,All-wheel drive,4,2250,6,230,4500,20.4,32.6
2023,USA,Gasoline,Rear-wheel drive,3,2000,6,234,4240,18.9,29.1
2007,USA,Diesel,Front-wheel drive,5,2440,6,297,4380,19.5,30.9
1982,Europe,Diesel,All-wheel drive,5,2430,7,290,4220,18.9,29.5
2000,USA,Hybrid,Front-wheel drive,3,2390,6,253,4230,19.8,31.6
1999,Asia,Diesel,Front-wheel drive,5,2180,5,228,4030,18.3,31.0
2001,Europe,Gasoline,Front-wheel drive,3,2190,6,242,3930,19.0,31.9
2003,Asia,Diesel,All-wheel drive,3,2220,6,263,4260,21.2,34.5
1994,Europe,Gasoline,Rear-wheel drive,3,2450,6,263,4420,,25.9
2011,USA,Gasoline,Rear-wheel drive,3,2360,6,282,4270,18.8,27.8
1975,Asia,Gasoline,Front-wheel drive,3,2570,6,,4390,18.3,26.4
1984,USA,Gasoline,Front-wheel drive,5,2490,6,276,4570,20.0,25.5
1989,USA,Gasoline,Front-wheel drive,4,2260,6,246,4390,18.6,25.7
2002,Europe,Gasoline,Front-wheel drive,5,2590,7,284,4740,19.2,30.0
2023,Asia,Diesel,Rear-wheel drive,3,2600,6,279,4340,18.7,32.9
1979,Europe,Gasoline,Front-wheel drive,4,2490,6,,4350,17.9,27.6
2003,USA,Hybrid,Front-wheel drive,4,2260,6,,4160,18.3,34.9
2021,USA,Hybrid,Front-wheel drive,4,2430,7,288,4470,18.1,33.3
2008,Asia,Gasoline,Rear-wheel drive,5,1890,5,204,4120,16.9,30.9
2023,USA,Gasoline,Front-wheel drive,4,2070,6,219,4050,19.9,31.8
2004,USA,Diesel,Rear-wheel drive,4,2300,6,276,4420,20.0,28.3
1995,Asia,Gasoline,Front-wheel drive,3,2080,5,242,3780,17.3,31.1
2003,USA,Diesel,Front-wheel drive,4,2330,6,259,4390,18.7,28.8
2018,Asia,Gasoline,Front-wheel drive,4,2170,6,245,4110,17.9,32.2
1978,Europe,Gasoline,Front-wheel drive,2,2280,6,256,4190,17.9,28.5
2020,Asia,Gasoline,Rear-wheel drive,4,2130,5,235,3910,16.0,32.9
1995,Asia,Gasoline,Rear-wheel drive,2,2010,6,236,4020,16.5,30.4
1979,Europe,Gasoline,Rear-wheel drive,3,2460,7,273,4570,20.3,27.2
2008,USA,Diesel,Front-wheel drive,3,2010,6,239,4120,17.9,32.8
1995,Europe,Gasoline,Front-wheel drive,2,1740,5,171,3670,19.1,32.9
1996,USA,Diesel,All-wheel drive,2,2500,7,310,4560,17.9,30.0
1978,Europe,Gasoline,Rear-wheel drive,4,2170,6,244,4170,20.0,28.4
1976,Europe,Gasoline,All-wheel drive,3,2210,5,,4160,19.5,25.3
1999,Europe,Diesel,Rear-wheel drive,3,2260,6,265,4050,18.4,31.8
2007,Asia,Gasoline,Front-wheel drive,5,2350,7,266,4310,18.2,28.2
1997,Europe,Gasoline,Front-wheel drive,4,2120,6,224,3970,17.8,31.6
1979,Asia,Gasoline,Rear-wheel drive,4,2260,6,241,4420,20.8,26.4
2009,USA,Gasoline,Rear-wheel drive,3,2350,6,267,4250,18.3,27.4
1982,Europe,Gasoline,Front-wheel drive,3,2260,6,238,3960,19.1,26.5
1998,USA,Gasoline,Rear-wheel drive,5,2210,6,251,4520,20.7,23.9
1999,Asia,Gasoline,Front-wheel drive,4,2020,6,215,3930,16.7,29.9
2003,Asia,Gasoline,Front-wheel drive,2,2210,6,235,3910,18.7,33.9
2008,USA,Gasoline,Rear-wheel drive,4,2230,5,251,4320,19.0,26.1
1981,Asia,Diesel,Front-wheel drive,3,2250,6,272,3980,20.3,28.2
1985,Europe,Gasoline,All-wheel drive,4,2490,6,260,4740,20.7,27.0
1997,Europe,Diesel,Front-wheel drive,3,2250,5,265,3880,17.7,32.4
2006,Europe,Diesel,Rear-wheel drive,3,2160,6,236,4140,18.9,34.1
2009,Asia,Gasoline,Rear-wheel drive,3,2220,5,226,4180,18.9,32.1
1978,Europe,Gasoline,Front-wheel drive,3,2490,6,262,4380,20.0,25.5
2017,USA,Diesel,Front-wheel drive,3,2240,6,256,4340,17.9,36.4
2000,Asia,Hybrid,Front-wheel drive,2,2270,6,245,4210,17.7,33.4
1984,Asia,Gasoline,Front-wheel drive,4,2480,7,282,4340,18.1,26.6
2019,Europe,Gasoline,Front-wheel drive,2,2520,7,276,4410,19.9,31.2
1992,USA,Gasoline,Front-wheel drive,2,2340,6,283,4190,18.1,27.5
1998,Asia,Hybrid,Front-wheel drive,4,2010,5,210,3900,20.1,33.0
1989,Asia,Diesel,All-wheel drive,3,2420,6,286,4260,17.9,31.5
1995,USA,Gasoline,Rear-wheel drive,4,2200,6,244,4460,19.6,27.0
1984,Europe,Gasoline,Front-wheel drive,4,2260,5,,4170,19.6,29.1
1980,USA,Gasoline,All-wheel drive,4,1920,5,236,4230,18.9,29.5
1985,USA,Gasoline,Front-wheel drive,2,2630,7,302,4700,20.6,24.0
1987,Asia,Diesel,All-wheel drive,5,2670,7,287,4690,21.0,26.0
2004,Europe,Gasoline,Front-wheel drive,4,2430,6,259,4170,17.4,28.4
2022,Europe,Diesel,All-wheel drive,4,2260,6,267,4560,20.0,32.9
1983,Europe,Gasoline,Front-wheel drive,4,2260,6,234,3860,17.3,30.5
2021,Asia,Gasoline,Front-wheel drive,4,2210,6,250,3970,16.9,32.1
2010,Asia,Gasoline,Rear-wheel drive,4,2030,6,224,4210,20.6,32.1
2012,USA,Gasoline,Rear-wheel drive,4,2420,6,255,4320,16.3,28.1
1993,Asia,Gasoline,Front-wheel drive,3,2280,6,255,4380,18.0,30.6
1985,USA,Diesel,All-wheel drive,2,2490,6,279,4780,17.8,26.2
2002,USA,Hybrid,Front-wheel drive,4,2550,7,279,4880,19.2,29.0
1986,USA,Diesel,All-wheel drive,3,2360,6,278,4420,19.6,24.5
1981,Europe,Gasoline,Rear-wheel drive,3,2360,6,251,4380,,27.4
1990,Asia,Gasoline,Front-wheel drive,3,2470,6,250,4350,18.8,30.5
1984,USA,Gasoline,All-wheel drive,3,2270,6,,4700,21.8,26.0
2004,Asia,Gasoline,Rear-wheel drive,4,1910,5,223,3920,19.7,30.7
1990,USA,Gasoline,Rear-wheel drive,2,1990,5,216,4230,22.0,30.2
2017,Europe,Gasoline,Rear-wheel drive,5,2000,6,229,3850,17.0,32.9
2008,USA,Gasoline,Front-wheel drive,3,2090,6,246,4080,16.8,28.8
1994,USA,Diesel,Rear-wheel drive,4,2320,6,,4590,20.3,28.5
1986,Europe,Gasoline,Front-wheel drive,3,2300,6,243,4210,18.0,28.7
2021,Asia,Gasoline,Front-wheel drive,5,1950,5,213,4210,17.8,32.7
2020,Asia,Hybrid,All-wheel drive,3,2420,6,267,4530,20.6,35.0
2022,Asia,Gasoline,Front-wheel drive,5,2260,6,248,4030,17.5,35.1
1988,Asia,Gasoline,Front-wheel drive,4,2320,6,275,4360,16.9,25.7
1991,Asia,Diesel,Front-wheel drive,5,2520,7,302,4550,19.0,27.1
2020,USA,Gasoline,All-wheel drive,4,2150,5,262,4420,17.9,28.3
1977,USA,Gasoline,Front-wheel drive,3,2420,6,272,4340,20.9,27.3
2009,USA,Hybrid,Rear-wheel drive,4,2620,7,298,4840,19.7,30.9
2017,Asia,Hybrid,Front-wheel drive,3,2120,6,201,4010,21.0,38.4
2006,Asia,Gasoline,Front-wheel drive,5,2560,6,264,4620,20.5,26.9
2009,Asia,Gasoline,Front-wheel drive,5,2200,6,244,4460,18.6,33.1
2024,Asia,Gasoline,Front-wheel drive,4,1940,5,223,3820,19.6,35.7
2008,Europe,Hybrid,Rear-wheel drive,3,2430,6,264,4460,15.7,33.7
1997,USA,Gasoline,Front-wheel drive,4,2270,6,,4210,19.5,28.5
1982,Asia,Gasoline,Rear-wheel drive,4,2080,6,247,4240,18.8,29.3
1978,Asia,Gasoline,All-wheel drive,5,2060,6,,4270,19.7,25.0
2000,Europe,Gasoline,All-wheel drive,4,2160,6,258,4240,18.5,27.3
2021,USA,Gasoline,All-wheel drive,3,2340,6,249,4400,18.8,27.4
2013,Asia,Gasoline,Front-wheel drive,4,2310,6,243,4190,19.0,33.6
2007,Asia,Gasoline,Front-wheel drive,4,2310,6,227,4250,20.3,31.1
1980,USA,Hybrid,Front-wheel drive,3,2090,5,,4260,22.2,32.1
2016,Asia,Gasoline,Front-wheel drive,3,2270,6,238,4330,18.9,32.3
1994,USA,Gasoline,Front-wheel drive,5,2340,7,278,4460,19.7,28.4
1984,Asia,Diesel,Front-wheel drive,4,2220,6,270,3900,20.2,32.3
1978,Asia,Diesel,Front-wheel drive,2,2160,6,240,4110,19.8,32.7
1981,Europe,Diesel,Rear-wheel drive,3,2380,6,254,4350,19.7,31.6
1990,Europe,Gasoline,Front-wheel drive,5,2170,6,242,4110,17.9,27.8
1988,USA,Gasoline,Rear-wheel drive,4,2370,7,284,4520,20.7,25.5
1996,Asia,Gasoline,Front-wheel drive,4,2210,6,259,3960,20.1,31.3
2012,USA,Hybrid,Rear-wheel drive,3,2330,6,277,4400,18.2,31.2
1995,USA,Gasoline,Rear-wheel drive,4,2440,7,287,4910,19.0,24.8
2004,USA,Gasoline,Front-wheel drive,3,2180,6,270,4260,19.6,29.6
2002,Asia,Gasoline,Rear-wheel drive,4,2070,5,220,4080,17.6,31.0
1978,Asia,Diesel,Front-wheel drive,4,2430,6,287,4290,19.6,28.9
1988,Asia,Diesel,All-wheel drive,2,1920,5,220,4000,18.5,31.7
2019,Europe,Gasoline,Rear-wheel drive,3,2420,6,249,4450,19.8,31.2
2007,Asia,Hybrid,Front-wheel drive,3,2330,6,257,4120,18.5,32.0
1989,Asia,Gasoline,Rear-wheel drive,4,2070,6,227,4130,18.1,30.0
2019,Europe,Gasoline,Rear-wheel drive,3,2100,6,220,4270,19.6,30.4
2002,Europe,Gasoline,Front-wheel drive,3,2060,6,213,4030,19.8,31.3
1987,Europe,Gasoline,Front-wheel drive,4,2440,6,241,4340,19.4,31.6
1980,Europe,Gasoline,All-wheel drive,4,2470,7,286,4710,16.7,27.8
1994,Europe,Gasoline,Front-wheel drive,2,2370,6,256,4170,,31.0
1981,USA,Gasoline,Rear-wheel drive,3,2310,6,,4590,19.0,28.2
2011,Europe,Gasoline,Rear-wheel drive,4,2180,6,233,4180,17.8,33.4
1984,Europe,Gasoline,All-wheel drive,4,2280,7,263,4740,20.3,25.8
1999,Asia,Gasoline,Rear-wheel drive,2,1860,5,208,3990,19.3,32.1
2011,USA,Gasoline,Front-wheel drive,3,2290,6,266,4130,19.5,31.7
1986,USA,Gasoline,All-wheel drive,3,2200,6,237,4330,20.9,28.1
2002,USA,Gasoline,Front-wheel drive,4,2130,6,224,4060,17.1,32.5
1991,Asia,Diesel,Rear-wheel drive,4,2390,6,266,4510,20.9,30.8
1990,Asia,Gasoline,Rear-wheel drive,4,2270,6,,4350,18.7,26.4
2022,USA,Gasoline,All-wheel drive,2,2380,6,280,4530,19.3,27.4
2001,USA,Diesel,Front-wheel drive,3,2320,6,275,4090,18.4,28.9
2010,USA,Gasoline,All-wheel drive,4,2230,6,279,4480,16.6,29.7
1985,USA,Hybrid,Front-wheel drive,3,2320,6,258,3840,17.4,35.6
2021,Europe,Gasoline,All-wheel drive,4,2240,6,259,4640,18.6,30.7
1980,USA,Gasoline,Rear-wheel drive,3,2410,7,,4270,19.6,25.5
2007,USA,Hybrid,Front-wheel drive,4,2570,7,269,4690,19.1,35.2
2015,USA,Hybrid,All-wheel drive,2,2340,6,273,4430,19.0,32.2
1977,USA,Gasoline,Front-wheel drive,3,2250,5,258,4100,17.4,25.6
2004,USA,Diesel,All-wheel drive,3,2090,6,274,4110,19.4,30.3
2007,Europe,Gasoline,Rear-wheel drive,4,2350,6,241,4490,20.2,25.2
2018,USA,Gasoline,Front-wheel drive,3,2300,6,253,4410,17.1,30.3
2021,Europe,Gasoline,Front-wheel drive,5,2340,6,240,4150,19.4,30.4
1983,Europe,Gasoline,Rear-wheel drive,4,2010,6,,3890,19.7,32.1
1980,Europe,Gasoline,Rear-wheel drive,4,2030,5,,4250,17.9,29.2
1978,USA,Hybrid,Rear-wheel drive,3,2210,6,256,4450,19.7,30.8
1996,USA,Gasoline,Rear-wheel drive,2,2330,6,244,4440,21.5,26.9
2012,Europe,Hybrid,Rear-wheel drive,2,2270,6,268,4100,18.5,32.6
1987,Asia,Diesel,Front-wheel drive,4,2380,7,,4190,18.2,28.9
2023,USA,Gasoline,Rear-wheel drive,2,2300,6,252,4210,19.6,27.9
2013,USA,Gasoline,All-wheel drive,3,2300,6,275,4570,21.5,29.2
1990,Europe,Gasoline,Rear-wheel drive,4,2270,6,228,4380,19.6,30.8
1994,Asia,Gasoline,Front-wheel drive,3,2230,6,232,3980,19.2,29.2
1981,USA,Gasoline,Front-wheel drive,3,2460,7,280,4050,19.6,27.3
1976,Europe,Gasoline,Front-wheel drive,4,2370,7,249,4430,20.1,28.0
2003,Asia,Diesel,Rear-wheel drive,2,2290,6,273,4290,18.2,30.9
1997,Europe,Diesel,Rear-wheel drive,4,2470,7,256,4420,18.5,32.3
1982,Asia,Diesel,All-wheel drive,5,2290,6,267,4500,18.3,28.7
1981,USA,Diesel,All-wheel drive,4,2090,6,267,4570,20.9,28.7
2022,USA,Gasoline,Front-wheel drive,5,2010,5,226,4230,18.0,32.1
1976,Europe,Gasoline,Front-wheel drive,3,2160,6,228,3920,21.8,27.4
2018,Asia,Gasoline,Rear-wheel drive,4,2310,6,245,4240,16.8,30.1
2001,Asia,Gasoline,Rear-wheel drive,4,2130,6,231,4100,19.5,31.7
2011,USA,Gasoline,All-wheel drive,4,2090,5,238,4220,17.7,30.6
1993,USA,Gasoline,Rear-wheel drive,4,2300,6,278,4170,18.8,28.9
2008,Asia,Gasoline,Front-wheel drive,4,2150,6,240,4110,17.4,31.5
2005,USA,Gasoline,Front-wheel drive,3,2570,6,287,4490,18.2,28.9
2007,Asia,Gasoline,Front-wheel drive,3,1940,6,237,4180,15.2,28.0
1995,USA,Diesel,Front-wheel drive,4,2280,6,281,4050,18.2,28.0
2010,USA,Diesel,Rear-wheel drive,3,2250,5,273,4260,17.3,33.5
2003,Asia,Diesel,All-wheel drive,4,2220,6,262,4370,19.4,30.6
1979,USA,Diesel,Front-wheel drive,4,2600,7,298,4600,19.4,25.4
2019,Asia,Diesel,All-wheel drive,4,2510,7,288,4740,20.9,32.5
1990,USA,Gasoline,Front-wheel drive,2,2430,7,291,4080,17.9,30.0
2005,Europe,Gasoline,Rear-wheel drive,4,2270,6,247,4340,17.4,27.3
1982,USA,Gasoline,Front-wheel drive,5,2330,6,253,4240,18.2,27.5
1984,Europe,Gasoline,Front-wheel drive,4,2260,6,252,4020,18.5,28.9
1982,Asia,Gasoline,Rear-wheel drive,2,2180,6,262,4220,21.5,26.5
1989,Asia,Diesel,All-wheel drive,3,2370,6,261,4400,19.7,27.9
2020,USA,Diesel,Front-wheel drive,5,2390,7,295,4380,20.0,33.1
2009,Asia,Gasoline,Front-wheel drive,4,2400,6,275,4100,18.8,30.9
1975,Asia,Gasoline,Front-wheel drive,3,2360,6,,4060,20.2,26.6
2011,USA,Gasoline,Rear-wheel drive,3,2190,6,263,4680,19.3,27.9
1978,Asia,Gasoline,Front-wheel drive,4,2280,6,244,4230,20.2,27.8
2015,USA,Gasoline,All-wheel drive,3,2530,6,271,4890,19.0,26.4
2023,USA,Gasoline,Front-wheel drive,2,2380,6,268,4440,18.5,30.8
1986,Asia,Diesel,Rear-wheel drive,3,2650,6,283,4440,17.5,24.1
2009,USA,Diesel,Rear-wheel drive,2,2230,5,254,4330,18.9,31.4
1999,Europe,Gasoline,Front-wheel drive,5,2470,7,266,4310,,31.9
1990,Asia,Diesel,All-wheel drive,3,2290,6,268,4520,19.8,32.5
2006,USA,Gasoline,Front-wheel drive,4,2200,6,284,3860,18.2,27.4
2016,Asia,Hybrid,All-wheel drive,5,2380,6,257,4630,18.3,30.1
1977,Europe,Gasoline,Front-wheel drive,4,2190,6,240,4030,18.8,28.4
2010,Europe,Diesel,Front-wheel drive,5,2210,6,257,4280,18.7,34.5
2006,USA,Gasoline,Rear-wheel drive,5,2500,7,299,4920,18.2,24.4
1988,USA,Gasoline,Front-wheel drive,2,2290,7,283,4400,18.7,26.4
1984,USA,Diesel,Front-wheel drive,3,1960,5,,3970,18.2,32.2
2011,Asia,Gasoline,Front-wheel drive,3,2180,6,235,4090,19.7,32.3
1995,USA,Diesel,All-wheel drive,4,1820,5,206,4090,17.6,32.9
1982,USA,Gasoline,Front-wheel drive,4,2470,6,286,4320,18.0,22.3
2002,Asia,Hybrid,Front-wheel drive,4,2570,7,288,4380,19.6,32.9
1979,USA,Gasoline,Front-wheel drive,4,2230,6,248,4360,18.1,27.5
2022,USA,Diesel,Front-wheel drive,3,2250,6,284,4340,18.1,35.2
1977,Asia,Hybrid,Front-wheel drive,3,2300,6,255,4330,21.1,34.7
1975,Asia,Diesel,Rear-wheel drive,4,2350,6,,4500,19.9,30.5
1976,USA,Gasoline,Front-wheel drive,2,2500,6,294,4050,19.0,27.0
1979,Asia,Gasoline,Rear-wheel drive,2,2450,6,256,4420,19.5,26.4
1980,Europe,Gasoline,Front-wheel drive,5,2310,6,253,4360,19.0,29.9
1978,USA,Hybrid,All-wheel drive,4,2400,6,266,4350,19.0,27.4
2005,Europe,Hybrid,All-wheel drive,4,2510,7,266,4730,19.8,29.9
2012,Europe,Gasoline,Front-wheel drive,4,2140,5,227,4150,18.2,34.5
2000,Asia,Diesel,Front-wheel drive,3,1980,6,246,3790,17.2,33.5
2008,USA,Gasoline,Front-wheel drive,5,2290,6,268,4130,18.5,30.8
2012,USA,Diesel,All-wheel drive,3,2190,6,267,4230,16.4,30.0
1981,USA,Gasoline,Front-wheel drive,4,2580,7,,4750,19.2,24.1
2018,Europe,Gasoline,Rear-wheel drive,5,2590,7,278,4780,20.0,28.1
2000,Europe,Gasoline,Rear-wheel drive,3,2090,6,214,4120,19.4,32.6
1982,Asia,Gasoline,Rear-wheel drive,3,2570,6,,4330,18.7,28.1
1999,Asia,Gasoline,Front-wheel drive,3,2020,5,,3940,18.5,32.7
1984,USA,Diesel,All-wheel drive,5,2280,6,,4860,22.2,28.2
2010,USA,Gasoline,Rear-wheel drive,2,2320,6,270,4540,15.9,28.7
2001,USA,Diesel,Front-wheel drive,4,2220,6,258,3990,20.1,32.8
2017,Asia,Gasoline,Front-wheel drive,5,2330,6,243,4150,18.8,34.3
1980,USA,Gasoline,Front-wheel drive,3,2420,6,,4340,19.6,25.8
1984,Asia,Gasoline,Rear-wheel drive,4,2100,6,224,4030,20.1,30.0
2007,USA,Hybrid,Front-wheel drive,3,2190,6,227,4130,18.8,35.3
1993,Europe,Diesel,All-wheel drive,3,2580,6,283,4690,19.0,26.8
1988,Asia,Gasoline,Rear-wheel drive,5,1830,6,210,4040,18.9,28.6
2000,Europe,Hybrid,Front-wheel drive,3,2500,7,258,4330,18.9,33.4
2006,USA,Gasoline,Front-wheel drive,2,2400,6,286,4390,17.8,30.9
2012,USA,Gasoline,Front-wheel drive,3,2540,7,290,4720,20.7,28.8
2019,Asia,Gasoline,Rear-wheel drive,3,2240,6,251,4130,16.5,30.8
1977,Asia,Gasoline,Front-wheel drive,4,2480,7,,4430,20.4,27.1
2016,Europe,Gasoline,Front-wheel drive,4,2350,6,260,4210,17.9,32.6
2009,Europe,Gasoline,Rear-wheel drive,2,2550,7,291,4360,18.0,29.1
1991,USA,Gasoline,Rear-wheel drive,5,2290,6,269,4550,18.3,26.9
2022,Asia,Gasoline,All-wheel drive,4,2240,6,238,4540,19.8,27.1
2013,USA,Gasoline,Rear-wheel drive,4,2370,6,275,4270,19.1,30.7
2023,Asia,Gasoline,Rear-wheel drive,3,2250,6,227,4150,20.3,31.4
2004,USA,Gasoline,Rear-wheel drive,3,2220,6,244,4490,20.9,29.1
1982,USA,Gasoline,All-wheel drive,5,2150,6,,4370,16.2,25.7
1997,USA,Gasoline,Rear-wheel drive,3,2000,5,242,4360,17.8,27.8
2007,USA,Gasoline,Front-wheel drive,5,2250,6,253,4220,17.7,28.0
2023,Asia,Gasoline,All-wheel drive,4,2340,6,261,4320,17.3,30.6
2008,Europe,Gasoline,Front-wheel drive,5,1960,5,212,4020,21.4,33.0
2020,USA,Gasoline,Rear-wheel drive,2,2210,6,270,4120,17.2,29.4
2010,USA,Hybrid,Front-wheel drive,4,2730,7,292,4550,20.1,33.0
2010,USA,Gasoline,Front-wheel drive,3,2240,6,258,4130,17.6,31.6
2023,Asia,Gasoline,Front-wheel drive,2,2220,6,236,4040,15.8,31.5
1976,Asia,Gasoline,Front-wheel drive,3,2130,6,239,4220,21.4,26.9
1992,Europe,Gasoline,All-wheel drive,3,2220,7,235,4310,21.6,28.2
1980,Europe,Diesel,Front-wheel drive,4,1940,5,218,3720,,32.2
1995,Europe,Gasoline,Rear-wheel drive,4,2120,6,,4400,21.5,29.5
1998,Europe,Hybrid,Front-wheel drive,4,2390,6,254,4200,20.0,35.0
2016,Asia,Gasoline,Front-wheel drive,4,2320,6,252,4380,18.6,29.6
2019,USA,Gasoline,Rear-wheel drive,4,2220,6,246,4480,18.9,31.2
1977,Asia,Gasoline,Rear-wheel drive,3,2340,6,248,4250,20.1,25.3
1992,USA,Gasoline,Front-wheel drive,2,2210,6,242,4190,20.8,30.1
1985,Asia,Diesel,Front-wheel drive,3,2020,5,246,4010,16.4,32.5
2015,USA,Diesel,Front-wheel drive,2,1920,5,240,3780,18.0,35.4
2018,USA,Gasoline,Rear-wheel drive,3,2450,7,268,4420,19.3,28.4
1978,USA,Gasoline,Front-wheel drive,5,2050,5,,4080,19.6,29.7
2011,USA,Gasoline,Rear-wheel drive,3,2240,6,,4570,19.8,28.9
1997,USA,Diesel,Front-wheel drive,3,2210,6,251,4070,18.9,29.8
2010,USA,Gasoline,Front-wheel drive,2,2200,6,267,4090,18.5,30.7
2006,Asia,Gasoline,Rear-wheel drive,5,1930,5,201,4120,17.9,32.4
1988,USA,Gasoline,Front-wheel drive,4,2400,6,306,4410,19.2,26.0
1985,USA,Diesel,Front-wheel drive,4,2370,7,285,4630,18.5,25.3
2017,Europe,Gasoline,Front-wheel drive,2,2130,6,228,3940,,31.9
1976,USA,Gasoline,All-wheel drive,5,2410,7,,4660,19.1,23.0
2021,USA,Gasoline,All-wheel drive,4,2270,6,259,4730,20.7,26.9
1997,Asia,Gasoline,Rear-wheel drive,3,2330,6,259,4690,20.1,29.2
2015,Europe,Gasoline,All-wheel drive,2,2220,6,251,4070,19.4,30.3
2001,Europe,Diesel,Front-wheel drive,3,2320,6,258,4410,18.8,32.0
1975,Europe,Diesel,Front-wheel drive,4,2240,6,247,4100,,32.1
2009,USA,Diesel,Front-wheel drive,4,2360,6,257,4320,18.8,32.9
1991,USA,Gasoline,Front-wheel drive,4,2080,6,266,4190,20.4,27.5
2007,Asia,Hybrid,Front-wheel drive,4,2150,6,248,3970,16.9,32.6
1990,USA,Gasoline,Front-wheel drive,4,2250,6,259,4480,18.9,27.1
1985,Asia,Gasoline,Front-wheel drive,3,2100,6,227,4130,21.8,32.6
2017,Asia,Hybrid,Front-wheel drive,3,2270,6,231,4010,20.6,36.7
2021,USA,Gasoline,Front-wheel drive,3,2380,7,297,4320,17.3,28.9
2000,Asia,Gasoline,Front-wheel drive,2,2250,6,240,3960,17.7,29.1
2000,USA,Gasoline,Rear-wheel drive,3,2750,7,292,4600,19.3,25.4
2018,Asia,Gasoline,Front-wheel drive,3,2400,6,259,4060,17.1,31.9
2014,USA,Gasoline,Front-wheel drive,3,2320,6,246,4100,19.0,32.5
2013,Asia,Diesel,Front-wheel drive,5,1880,5,235,3720,19.8,33.6
2009,Asia,Gasoline,Front-wheel drive,4,2360,6,253,4440,17.8,32.1
1987,Asia,Diesel,Rear-wheel drive,4,2050,6,249,4240,20.1,30.8
1998,USA,Gasoline,All-wheel drive,5,2630,7,293,4840,18.9,23.2
2017,USA,Diesel,Rear-wheel drive,3,2130,6,259,4270,20.5,33.6
2013,Europe,Hybrid,Front-wheel drive,4,2150,6,253,4340,18.8,35.0
2013,USA,Hybrid,All-wheel drive,2,2230,6,258,4450,18.9,33.3
1981,Asia,Gasoline,All-wheel drive,3,2210,6,233,4270,19.4,26.3
1987,USA,Gasoline,All-wheel drive,2,2350,6,292,4340,18.6,27.7
1985,Europe,Gasoline,Front-wheel drive,5,2360,6,236,4410,19.1,27.1
2023,Europe,Diesel,Rear-wheel drive,5,2330,6,252,4260,16.1,31.8
2006,Asia,Gasoline,Front-wheel drive,4,2580,7,283,4480,20.7,28.2
2007,Asia,Gasoline,Front-wheel drive,4,2310,6,234,4310,18.5,32.4
2016,USA,Diesel,Front-wheel drive,3,2480,7,276,4420,19.0,33.6
1981,Europe,Diesel,Rear-wheel drive,3,2540,6,255,4620,21.7,26.9
2021,Europe,Hybrid,Front-wheel drive,5,2180,6,,4160,19.4,35.9
1995,Asia,Diesel,Rear-wheel drive,4,1960,5,259,4220,20.4,33.0
2013,USA,Gasoline,Front-wheel drive,4,2480,7,283,4620,19.7,26.9
1983,Asia,Gasoline,Front-wheel drive,3,2100,6,,3970,18.7,29.0
2018,USA,Diesel,Front-wheel drive,3,2180,6,256,4160,19.2,34.4
1993,Europe,Gasoline,All-wheel drive,3,2080,6,219,4220,19.6,27.1
2009,USA,Gasoline,Front-wheel drive,3,2220,6,245,4050,18.1,29.4
2001,USA,Diesel,Rear-wheel drive,4,2360,6,259,4470,17.6,29.3
1977,USA,Gasoline,Front-wheel drive,4,2300,5,257,4310,18.8,28.3
2014,USA,Gasoline,Front-wheel drive,2,2060,6,255,4060,18.2,32.3
2014,Europe,Gasoline,Rear-wheel drive,3,2550,7,259,4720,17.5,29.1
1981,Asia,Diesel,Front-wheel drive,4,2060,5,243,4280,18.8,28.9
2011,Europe,Gasoline,Front-wheel drive,3,2180,6,248,4090,,32.5
1981,USA,Gasoline,All-wheel drive,4,2510,6,,4700,20.1,24.0
2003,USA,Gasoline,Rear-wheel drive,5,2170,6,252,4150,17.8,30.3
2003,Europe,Diesel,Front-wheel drive,4,2020,5,236,3890,17.3,33.7
1999,Asia,Gasoline,Front-wheel drive,4,2360,7,248,4400,17.3,29.9
1976,USA,Gasoline,Front-wheel drive,2,2400,6,278,4210,19.2,28.1
2020,Asia,Gasoline,All-wheel drive,4,2090,5,219,4040,18.6,33.4
1993,Asia,Gasoline,Rear-wheel drive,5,1910,5,208,4040,18.6,29.4
2010,USA,Gasoline,Rear-wheel drive,4,2100,5,256,4280,17.9,29.2
1982,Asia,Diesel,Front-wheel drive,4,2220,6,,4210,17.0,30.4
2023,USA,Diesel,Rear-wheel drive,2,1930,5,239,4040,20.2,35.7
1991,USA,Diesel,Front-wheel drive,2,2240,5,254,4130,17.9,28.4
2019,USA,Gasoline,Front-wheel drive,3,2220,6,271,3870,17.9,30.0
2015,Asia,Gasoline,Rear-wheel drive,3,2460,6,262,4640,20.3,30.4
1997,USA,Gasoline,Front-wheel drive,5,2280,6,226,4310,17.2,28.2
1986,Europe,Diesel,Front-wheel drive,4,2550,6,281,4320,,32.9
1990,USA,Gasoline,Front-wheel drive,2,2360,6,264,4240,18.1,27.9
1992,USA,Gasoline,Front-wheel drive,5,2050,5,221,3920,18.9,30.0
1992,Europe,Gasoline,Front-wheel drive,5,2590,6,273,4530,,30.4
2023,Asia,Gasoline,Front-wheel drive,3,2300,6,248,4210,16.3,30.1
2009,USA,Diesel,Front-wheel drive,3,2100,5,244,3910,17.9,30.9
1990,Europe,Gasoline,Front-wheel drive,2,2530,7,267,4450,18.1,29.7
2012,Europe,Gasoline,Front-wheel drive,2,2340,6,273,4220,17.7,33.5
1980,USA,Gasoline,Front-wheel drive,5,2390,6,269,4730,19.6,24.2
2011,USA,Diesel,All-wheel drive,3,1880,5,251,4370,19.6,32.5
2005,Asia,Gasoline,Front-wheel drive,2,2090,6,257,4030,19.7,32.7
1995,USA,Gasoline,Rear-wheel drive,4,2000,6,231,4350,21.1,29.4
1999,Europe,Hybrid,Front-wheel drive,3,2080,6,262,3960,17.2,31.9
2009,Asia,Gasoline,Front-wheel drive,4,2250,6,227,4200,20.7,29.6
2017,Europe,Gasoline,Rear-wheel drive,4,2210,6,238,4210,19.3,31.5
2013,Asia,Diesel,All-wheel drive,3,2060,6,255,4000,17.9,32.3
1989,Asia,Gasoline,Front-wheel drive,4,2110,6,243,4000,19.6,29.3
2011,USA,Gasoline,All-wheel drive,5,2520,6,283,4860,19.3,27.3
1984,Europe,Gasoline,Front-wheel drive,3,2410,7,,4110,22.3,29.3
2018,Asia,Gasoline,Front-wheel drive,2,2220,6,244,3860,16.9,35.2
2008,Europe,Gasoline,All-wheel drive,2,2030,5,241,4160,18.3,28.2
2001,Asia,Gasoline,Front-wheel drive,2,2370,6,260,4180,19.3,29.9
2006,USA,Gasoline,Front-wheel drive,2,2100,5,233,3850,17.8,30.6
2003,USA,Gasoline,Rear-wheel drive,2,2180,6,280,4260,18.8,29.9
2019,USA,Gasoline,All-wheel drive,3,2710,7,332,5100,18.7,26.9
1996,USA,Gasoline,Front-wheel drive,4,2630,7,281,4630,20.8,26.3
2010,USA,Gasoline,Rear-wheel drive,3,2380,6,282,4400,18.3,26.4
2006,Asia,Gasoline,All-wheel drive,4,2270,6,221,4630,19.6,28.5
1998,USA,Gasoline,Rear-wheel drive,4,2080,5,249,3980,19.7,29.6
1975,Asia,Hybrid,Front-wheel drive,5,2500,6,267,4310,19.0,32.4
2016,Asia,Gasoline,Front-wheel drive,4,2300,6,244,4280,19.3,31.0
2004,Europe,Diesel,Rear-wheel drive,2,2400,7,311,4420,18.6,29.5
1994,Europe,Hybrid,Front-wheel drive,4,2220,6,258,4270,20.3,32.3
2003,Europe,Gasoline,All-wheel drive,5,2250,6,235,4390,19.6,27.9
1985,Europe,Gasoline,Rear-wheel drive,3,2200,6,241,3880,19.0,30.9
2021,USA,Gasoline,Front-wheel drive,5,1800,5,218,3490,15.6,34.4
2017,USA,Diesel,All-wheel drive,4,2100,6,259,4610,19.6,32.7
1981,Asia,Hybrid,Front-wheel drive,3,2430,6,277,4080,17.9,31.9
2002,USA,Gasoline,Front-wheel drive,5,2320,6,278,3940,18.6,30.3
1990,USA,Hybrid,Front-wheel drive,5,2410,6,269,4340,18.1,32.7
1986,Europe,Diesel,Front-wheel drive,4,2170,6,255,4280,17.4,33.4
2011,USA,Diesel,Rear-wheel drive,3,2230,6,263,4280,19.0,31.2
2018,Asia,Gasoline,Front-wheel drive,3,2700,6,272,4310,19.2,30.9
2004,Europe,Diesel,Rear-wheel drive,3,2460,6,246,4350,19.2,31.2
1985,Europe,Hybrid,Front-wheel drive,4,2220,6,240,4170,18.0,32.0
2011,Europe,Gasoline,Front-wheel drive,5,2380,6,254,4190,19.4,33.4
2000,Asia,Gasoline,All-wheel drive,4,2400,7,260,4580,19.9,28.6
2019,USA,Hybrid,Front-wheel drive,3,2270,6,237,4400,17.9,35.0
2014,USA,Gasoline,Rear-wheel drive,4,2280,6,,4310,17.5,28.7
1985,Europe,Gasoline,Front-wheel drive,3,2740,7,292,4660,19.5,24.4
1978,Asia,Gasoline,All-wheel drive,4,1810,5,200,3940,19.5,27.9
1982,USA,Gasoline,All-wheel drive,5,2400,6,258,4600,19.8,24.3
1976,Europe,Gasoline,Rear-wheel drive,3,2170,5,,4430,18.1,30.7
1994,Europe,Gasoline,Front-wheel drive,5,2230,6,217,4400,20.9,27.3
2001,Asia,Gasoline,Front-wheel drive,3,2210,6,257,3840,18.8,32.6
2013,USA,Gasoline,Front-wheel drive,4,2450,6,275,4540,17.7,28.3
2021,USA,Gasoline,Front-wheel drive,3,2260,6,237,4370,18.7,28.7
1999,Asia,Gasoline,Front-wheel drive,3,2370,7,262,4130,18.0,31.0
1982,Europe,Gasoline,Front-wheel drive,4,2520,7,249,4490,18.2,27.8
1979,USA,Hybrid,All-wheel drive,3,2390,6,,4530,19.7,29.7
1992,Asia,Gasoline,Front-wheel drive,4,1840,5,206,3880,19.5,31.4
1987,USA,Gasoline,All-wheel drive,4,2180,6,,4460,18.3,28.2
2014,Europe,Gasoline,Front-wheel drive,3,2170,6,253,4430,18.6,27.9
2012,Europe,Gasoline,Rear-wheel drive,3,2090,6,243,4150,18.3,36.9
1976,USA,Gasoline,Rear-wheel drive,2,2500,6,,4560,20.1,28.5
1986,Asia,Gasoline,Front-wheel drive,5,2200,6,233,4020,18.4,31.9
2018,USA,Gasoline,Rear-wheel drive,4,2480,7,273,4540,19.6,27.3
1987,Asia,Diesel,Front-wheel drive,5,2350,7,287,4130,18.4,32.2
1988,Asia,Gasoline,Rear-wheel drive,4,2480,7,274,4520,20.3,29.5
2022,USA,Gasoline,All-wheel drive,5,2170,6,238,4360,19.3,29.0
1985,Europe,Diesel,Rear-wheel drive,2,2240,5,249,4110,18.7,28.4
1981,USA,Gasoline,Rear-wheel drive,5,2380,6,273,4440,19.3,24.7
2019,USA,Gasoline,Front-wheel drive,5,2150,6,273,4020,17.6,32.4
2002,USA,Gasoline,Front-wheel drive,3,1840,5,217,3740,18.8,30.5
2014,USA,Hybrid,Rear-wheel drive,3,2490,7,268,4920,20.4,32.9
1981,Asia,Gasoline,Front-wheel drive,5,1940,5,,4150,17.5,31.0
1991,USA,Diesel,Front-wheel drive,3,2420,6,287,4200,19.6,30.7
2001,Europe,Gasoline,Rear-wheel drive,5,2260,7,264,4490,19.8,28.5
2003,Asia,Gasoline,Rear-wheel drive,3,2340,6,268,4070,19.9,28.9
1983,USA,Gasoline,Front-wheel drive,3,2190,6,,4270,18.2,27.3
1998,Europe,Hybrid,Front-wheel drive,4,2000,5,210,3870,19.4,38.0
1984,Europe,Hybrid,Front-wheel drive,2,2120,6,234,3950,17.1,33.8
1987,Europe,Diesel,Rear-wheel drive,3,2400,6,274,4510,21.2,29.2
2008,Asia,Gasoline,Front-wheel drive,4,2030,6,224,4160,18.1,30.6
1999,USA,Gasoline,All-wheel drive,3,2300,7,274,4630,20.7,26.0
1989,USA,Gasoline,Front-wheel drive,4,2150,6,263,3990,19.0,28.8
1990,USA,Hybrid,Rear-wheel drive,5,2310,6,236,4550,19.4,30.6
2007,USA,Gasoline,Rear-wheel drive,4,2710,6,293,4920,19.0,26.4
1977,Asia,Diesel,All-wheel drive,4,2240,6,260,4270,19.5,28.5
1991,USA,Gasoline,All-wheel drive,3,1940,6,212,3920,19.6,27.5
2019,Asia,Diesel,Front-wheel drive,3,2270,6,243,3940,19.2,31.0
1996,USA,Gasoline,All-wheel drive,2,2190,6,256,4350,17.4,26.9
1982,USA,Diesel,Front-wheel drive,4,2290,6,271,4380,20.1,29.6
1979,USA,Gasoline,Front-wheel drive,4,2580,6,266,4400,17.1,24.0
1993,USA,Gasoline,All-wheel drive,2,2570,6,271,4590,20.7,24.5
1995,Europe,Gasoline,Front-wheel drive,2,2170,6,219,4050,20.0,29.9
1977,Europe,Gasoline,Front-wheel drive,2,2250,6,,3890,18.4,30.1
1977,Asia,Gasoline,Front-wheel drive,4,2550,6,263,4520,18.2,27.0
1993,Europe,Gasoline,Rear-wheel drive,3,2310,6,244,4180,20.2,29.0
2001,Asia,Gasoline,Front-wheel drive,4,1920,5,214,3550,19.5,35.2
1989,Asia,Diesel,Front-wheel drive,3,2110,5,255,3850,18.8,31.6
1977,USA,Gasoline,Front-wheel drive,3,2160,6,,4230,19.1,28.0
2007,USA,Gasoline,Front-wheel drive,5,2230,6,236,4420,17.1,30.0
2004,Europe,Gasoline,All-wheel drive,4,2270,6,249,4450,18.5,30.2
1991,Asia,Diesel,All-wheel drive,3,2280,6,257,4300,18.4,29.2
2013,Asia,Diesel,Front-wheel drive,4,2270,6,260,4280,18.5,34.2
2008,Asia,Gasoline,Front-wheel drive,3,2330,7,267,4060,19.4,32.6
1992,USA,Diesel,Rear-wheel drive,4,2730,7,284,4760,17.5,24.0
1988,USA,Gasoline,Front-wheel drive,4,2390,7,278,4500,18.2,24.7
2000,Europe,Gasoline,All-wheel drive,4,2150,5,237,4440,18.3,28.9
1992,USA,Diesel,Front-wheel drive,5,2430,6,257,4540,17.9,29.4
2015,USA,Gasoline,Rear-wheel drive,4,2100,5,,4500,18.9,31.5
2018,Europe,Gasoline,Front-wheel drive,5,2360,6,263,4300,19.1,29.5
2005,Europe,Gasoline,Rear-wheel drive,3,2490,6,288,4690,18.1,27.0
2000,USA,Gasoline,Front-wheel drive,5,1970,5,223,4430,19.9,28.3
2019,Asia,Gasoline,All-wheel drive,2,2500,6,265,4310,20.5,31.6
2014,USA,Gasoline,Rear-wheel drive,3,2270,6,245,4390,18.4,30.3
1989,Asia,Gasoline,Front-wheel drive,3,2140,6,244,3920,18.6,30.2
1982,USA,Hybrid,Rear-wheel drive,3,2340,6,,4290,20.1,28.6
2005,Europe,Gasoline,Rear-wheel drive,3,2270,6,246,4220,20.0,29.7
2020,Asia,Gasoline,Rear-wheel drive,5,2150,6,,4630,20.0,31.1
1978,USA,Gasoline,Front-wheel drive,3,2170,6,243,4030,19.2,25.4
2008,USA,Hybrid,Front-wheel drive,4,2120,6,245,4240,18.2,33.7
2023,USA,Gasoline,All-wheel drive,4,2370,6,266,4610,19.7,30.0
2007,USA,Gasoline,Rear-wheel drive,2,1920,5,246,3970,18.8,27.5
2006,Europe,Gasoline,Front-wheel drive,2,2360,7,264,4210,17.8,31.5
2022,Asia,Gasoline,Front-wheel drive,4,2410,6,252,4630,19.3,35.1
2013,Europe,Gasoline,Front-wheel drive,4,2240,6,226,3930,17.3,31.3
1983,Europe,Gasoline,Front-wheel drive,3,2250,5,,3940,21.2,27.8
2020,USA,Gasoline,All-wheel drive,4,2460,7,278,4860,19.6,26.3
2010,USA,Gasoline,Rear-wheel drive,3,2360,6,271,4360,18.4,29.5
2001,USA,Gasoline,All-wheel drive,2,2340,6,259,4390,17.2,27.1
1984,Asia,Gasoline,Front-wheel drive,5,2310,6,,4370,21.1,27.1
2008,Asia,Gasoline,Rear-wheel drive,4,2460,7,259,4710,19.6,27.4
1980,USA,Diesel,All-wheel drive,4,2030,5,254,4120,19.6,26.5
2022,Asia,Gasoline,Front-wheel drive,3,2100,6,235,4130,19.0,33.1
2000,Asia,Gasoline,Front-wheel drive,5,2190,6,245,4130,18.8,29.6
1979,Asia,Gasoline,All-wheel drive,3,2140,6,230,4500,18.6,27.0
2018,Europe,Hybrid,Front-wheel drive,3,2210,6,249,4130,19.5,35.8
2007,USA,Gasoline,Rear-wheel drive,4,2450,7,301,4740,19.1,27.7
2016,USA,Diesel,Rear-wheel drive,3,2250,6,264,4150,17.5,32.7
2009,USA,Gasoline,All-wheel drive,4,2390,6,280,4710,22.4,26.1
1979,Asia,Diesel,All-wheel drive,2,2400,6,266,4300,18.8,29.8
2004,Asia,Gasoline,Front-wheel drive,3,2030,6,241,4070,20.5,30.4
2015,USA,Hybrid,Front-wheel drive,3,2330,6,262,4310,17.8,32.8
1975,Asia,Gasoline,All-wheel drive,2,2380,6,,4350,19.5,27.2
2008,USA,Diesel,Rear-wheel drive,4,2230,6,285,4250,20.0,29.8
1992,Europe,Hybrid,Rear-wheel drive,3,2070,6,262,4170,19.7,31.2
1976,Asia,Gasoline,Rear-wheel drive,3,2320,6,250,4630,19.2,25.7
2006,USA,Diesel,Front-wheel drive,4,2420,7,284,4690,19.0,27.4
2016,Europe,Diesel,All-wheel drive,5,2060,5,211,3940,18.4,35.4
1989,USA,Gasoline,Front-wheel drive,5,2450,6,269,4400,18.4,24.1
2003,USA,Hybrid,Rear-wheel drive,4,2290,6,268,4550,16.1,31.6
1981,Europe,Diesel,All-wheel drive,3,2270,6,222,4460,19.1,27.6
1996,USA,Gasoline,Front-wheel drive,5,1900,5,216,4080,18.5,28.8
1985,Europe,Gasoline,Rear-wheel drive,2,2390,6,287,4340,18.6,26.4
1980,Europe,Gasoline,Front-wheel drive,4,2030,6,240,4160,18.7,27.6
2011,Asia,Hybrid,Front-wheel drive,2,2040,6,228,4130,17.5,35.0
1989,USA,Gasoline,Front-wheel drive,3,2240,6,268,4390,18.6,28.1
1989,USA,Gasoline,All-wheel drive,4,2060,6,235,4340,18.9,25.8
1992,USA,Gasoline,Front-wheel drive,4,2070,5,230,4100,19.0,30.4
2006,USA,Gasoline,Rear-wheel drive,4,2030,6,251,4260,19.6,31.5
1978,Asia,Gasoline,Front-wheel drive,2,2120,6,,3740,17.8,27.7
1986,Europe,Hybrid,Front-wheel drive,4,2120,6,235,4100,18.9,31.4
2005,Asia,Gasoline,Front-wheel drive,4,2160,6,259,4310,20.2,31.4
1992,Asia,Diesel,Front-wheel drive,4,2010,6,229,3940,19.5,30.9
2009,Asia,Gasoline,All-wheel drive,5,2190,6,271,3950,17.0,30.5
2004,Asia,Gasoline,Front-wheel drive,5,1930,6,235,3910,17.7,33.0
2005,Asia,Gasoline,Front-wheel drive,5,2410,6,258,4350,18.5,32.3
2021,USA,Gasoline,All-wheel drive,2,2350,6,257,4680,17.6,28.8
2015,Asia,Gasoline,Front-wheel drive,4,2270,6,239,4200,17.7,29.1
2001,USA,Diesel,All-wheel drive,4,2360,7,283,4320,19.2,29.1
1976,Asia,Gasoline,Rear-wheel drive,2,2070,5,,3980,19.9,30.8
1999,Europe,Gasoline,Rear-wheel drive,5,2320,6,235,4420,17.8,30.6
1981,Europe,Gasoline,Front-wheel drive,3,2510,6,268,4180,17.8,26.7
1993,Asia,Gasoline,Front-wheel drive,4,2620,7,281,4640,18.6,27.8
2019,Asia,Gasoline,Rear-wheel drive,5,2300,6,244,4460,19.9,33.5
1976,Europe,Gasoline,Front-wheel drive,2,2070,6,238,3860,20.1,29.6
2008,Europe,Diesel,All-wheel drive,3,2280,6,261,4100,18.7,32.9
2010,USA,Diesel,Front-wheel drive,4,2270,6,285,4350,19.0,29.1
1988,USA,Gasoline,All-wheel drive,5,2550,6,285,4960,21.8,23.9
1982,Asia,Gasoline,Front-wheel drive,5,1700,5,191,3820,20.0,31.5
2023,Asia,Diesel,Rear-wheel drive,4,2200,6,247,4360,18.2,34.9
1980,Asia,Gasoline,All-wheel drive,3,2080,5,220,3890,17.9,28.8
2024,USA,Gasoline,All-wheel drive,3,2170,6,237,4380,16.0,30.8
2014,USA,Gasoline,All-wheel drive,5,2320,6,,4440,17.7,26.3
2000,USA,Gasoline,Front-wheel drive,4,2280,6,292,4360,19.7,27.0
2018,USA,Gasoline,Rear-wheel drive,4,2080,6,245,3860,18.0,30.4
1998,Europe,Gasoline,Front-wheel drive,5,2140,6,226,3880,19.7,31.7
2012,Europe,Gasoline,Rear-wheel drive,4,2670,7,258,4830,20.7,31.2
2010,Asia,Gasoline,Front-wheel drive,3,2360,6,260,4320,18.2,31.3
2023,USA,Gasoline,All-wheel drive,4,2330,6,264,4670,20.6,28.1
2013,Asia,Diesel,Front-wheel drive,4,2180,6,253,4200,18.9,34.1
1979,Europe,Gasoline,All-wheel drive,4,2130,6,219,4370,21.3,25.9
2008,USA,Gasoline,Front-wheel drive,3,2210,6,226,3910,18.6,32.6
2003,USA,Gasoline,All-wheel drive,3,2010,5,231,4440,17.9,29.9
2015,Europe,Hybrid,Front-wheel drive,4,2150,6,225,4100,19.5,39.0
2010,Europe,Gasoline,Front-wheel drive,2,2170,6,231,3860,18.4,32.4
2009,USA,Gasoline,Front-wheel drive,3,2480,7,,4390,18.8,28.5
1997,Europe,Gasoline,Front-wheel drive,2,1900,5,209,3590,19.0,32.6
1997,Asia,Gasoline,Rear-wheel drive,4,2200,5,219,4160,19.2,28.7
1977,Asia,Gasoline,All-wheel drive,2,2720,7,,4810,20.3,24.1
1999,Asia,Diesel,Front-wheel drive,3,2510,6,280,4200,18.8,29.2
2005,USA,Gasoline,Front-wheel drive,3,2140,6,,4100,18.7,31.0
1986,Europe,Gasoline,Front-wheel drive,4,2200,6,246,4030,17.4,30.2
2020,USA,Diesel,Front-wheel drive,3,2260,6,261,4290,19.6,32.1
1981,Asia,Gasoline,Rear-wheel drive,3,2210,6,252,4370,17.7,27.9
1995,Asia,Diesel,Rear-wheel drive,2,2180,6,261,4540,20.8,28.9
2011,USA,Gasoline,Rear-wheel drive,4,2680,7,302,4920,17.8,26.6
1989,Europe,Gasoline,Rear-wheel drive,4,2100,6,233,4500,20.2,28.9
2001,Asia,Gasoline,Front-wheel drive,3,2270,6,248,4280,18.1,31.4
2015,USA,Diesel,Rear-wheel drive,3,2530,7,289,4710,20.2,30.3
2016,USA,Gasoline,Rear-wheel drive,4,2300,6,252,4610,19.9,29.3
1986,Europe,Gasoline,Front-wheel drive,4,2110,6,252,4210,20.7,24.0
1994,Europe,Gasoline,All-wheel drive,5,2130,6,227,4110,18.5,28.3
2005,Europe,Gasoline,Front-wheel drive,4,2050,6,240,4200,20.1,30.8
1979,Europe,Gasoline,Front-wheel drive,4,2180,6,261,4120,19.3,31.0
1990,Asia,Diesel,All-wheel drive,4,2370,6,271,4730,19.6,29.3
1990,USA,Diesel,All-wheel drive,2,2400,6,286,4630,20.1,27.7
1984,Asia,Gasoline,Front-wheel drive,4,2140,6,,4180,19.2,28.3
2022,USA,Hybrid,Rear-wheel drive,3,2570,7,276,4980,18.5,33.5
2018,USA,Gasoline,Front-wheel drive,4,2530,6,288,4620,17.5,29.0
2006,USA,Gasoline,Rear-wheel drive,4,2350,6,261,4510,20.3,26.6
2015,USA,Gasoline,Front-wheel drive,4,2290,6,264,4200,18.0,28.4
2001,Europe,Diesel,Rear-wheel drive,3,2260,6,232,4460,20.1,31.1
1992,USA,Hybrid,All-wheel drive,2,2600,7,303,4910,16.3,28.2
1993,Asia,Diesel,Front-wheel drive,4,2360,7,274,4370,16.2,27.4
1976,USA,Gasoline,Front-wheel drive,4,2080,6,,4040,18.4,25.2
2006,Asia,Gasoline,Rear-wheel drive,4,2280,6,263,4500,19.8,30.2
2015,USA,Gasoline,All-wheel drive,2,2540,7,268,4750,18.6,28.0
1977,USA,Gasoline,Front-wheel drive,2,1900,5,,3850,20.1,27.1
2021,Asia,Gasoline,Front-wheel drive,3,2080,5,219,4010,16.6,32.7
1990,USA,Gasoline,Front-wheel drive,2,2210,6,202,4200,18.4,26.4
1982,USA,Gasoline,Front-wheel drive,2,2260,6,255,4010,20.6,28.7
1975,USA,Gasoline,Front-wheel drive,3,2540,6,262,4170,19.3,28.9
2003,Europe,Gasoline,Front-wheel drive,4,2530,7,264,4690,19.1,29.9
2022,USA,Gasoline,Rear-wheel drive,5,2330,7,,4640,18.2,29.4
1994,USA,Hybrid,Front-wheel drive,2,2480,7,274,4480,20.6,33.2
2014,Asia,Gasoline,Front-wheel drive,4,2130,5,231,3830,16.4,33.9
2019,USA,Diesel,All-wheel drive,2,2560,6,291,4670,18.1,31.3
1989,Europe,Gasoline,Rear-wheel drive,4,2440,6,267,4680,20.1,24.9
2014,USA,Gasoline,Front-wheel drive,3,2010,6,251,4030,19.0,31.0
2017,USA,Gasoline,Front-wheel drive,2,2560,6,299,4500,19.8,29.7
2002,Asia,Gasoline,Rear-wheel drive,5,2340,6,249,4360,19.9,29.7
2002,Asia,Gasoline,All-wheel drive,5,2030,5,233,4430,20.7,29.5
2019,Europe,Gasoline,Front-wheel drive,4,2250,6,235,3960,17.8,32.1
1983,Asia,Gasoline,All-wheel drive,4,2160,6,251,4200,19.8,26.4
1991,USA,Gasoline,All-wheel drive,3,2050,5,247,4550,20.4,26.8
2020,Europe,Hybrid,All-wheel drive,3,2130,6,223,4190,,32.4
2023,Asia,Gasoline,Front-wheel drive,5,2010,6,219,4210,20.7,33.1
1986,Europe,Gasoline,All-wheel drive,4,2290,6,258,4320,18.8,26.6
1987,Europe,Gasoline,Front-wheel drive,3,2200,6,237,4300,18.5,27.9
1975,USA,Gasoline,Front-wheel drive,5,2200,5,236,4190,18.8,24.2
1983,Europe,Gasoline,Front-wheel drive,4,1930,6,,4050,19.6,29.1
1975,USA,Diesel,Rear-wheel drive,4,2290,6,279,4630,19.5,27.0
1988,Asia,Hybrid,Front-wheel drive,4,2470,7,249,4080,19.7,31.7
1985,Europe,Hybrid,Front-wheel drive,4,2270,6,246,4320,20.0,32.2
1996,Europe,Gasoline,Front-wheel drive,2,2070,5,232,3890,18.9,32.5
2022,USA,Gasoline,Front-wheel drive,3,2480,6,265,4290,17.9,27.8
2000,Europe,Gasoline,Front-wheel drive,3,2130,5,215,3820,18.1,28.9
2016,Europe,Gasoline,Front-wheel drive,4,2600,7,,4390,17.1,32.0
1993,USA,Hybrid,Front-wheel drive,3,2450,6,281,4560,18.8,30.7
1980,Europe,Gasoline,Front-wheel drive,3,2130,6,244,3930,19.0,26.6
1990,USA,Gasoline,All-wheel drive,3,2110,6,255,4390,19.1,24.8
1981,Asia,Diesel,Front-wheel drive,4,2060,6,247,4040,17.3,31.9
1995,Asia,Gasoline,Front-wheel drive,4,2350,6,228,4120,19.6,28.3
1994,Asia,Gasoline,Rear-wheel drive,2,2530,6,267,4570,19.7,27.9
2002,USA,Gasoline,Front-wheel drive,3,2240,6,248,4340,21.4,27.8
2000,Asia,Gasoline,Front-wheel drive,3,2220,6,253,4040,17.3,29.6
1977,Asia,Gasoline,Front-wheel drive,4,2290,6,,4140,19.0,27.7
2008,Europe,Diesel,Rear-wheel drive,4,2370,6,289,4450,21.0,30.7
1981,Europe,Gasoline,Front-wheel drive,3,1950,6,,3660,16.9,29.7
1996,Asia,Gasoline,Front-wheel drive,3,2200,6,224,4000,19.8,32.4
1998,Asia,Hybrid,Front-wheel drive,5,1930,5,215,3730,17.8,36.6
1990,Asia,Diesel,Front-wheel drive,4,2320,6,251,4430,19.7,31.5
2018,USA,Diesel,Front-wheel drive,4,2340,6,,4480,18.8,32.9
1976,Asia,Diesel,Rear-wheel drive,4,2250,6,,4210,19.8,24.5
1987,USA,Gasoline,Rear-wheel drive,3,2370,6,258,4420,18.4,26.2
2000,USA,Hybrid,All-wheel drive,2,2130,6,270,4260,19.8,30.2
2022,Europe,Gasoline,Front-wheel drive,3,2210,6,244,4110,,32.0
1981,USA,Hybrid,Front-wheel drive,4,2330,7,272,4200,17.7,32.2
1987,USA,Gasoline,Rear-wheel drive,4,2330,6,282,4410,19.4,24.6
2022,USA,Gasoline,Front-wheel drive,5,2120,6,255,4200,19.3,32.2
2007,Europe,Hybrid,Rear-wheel drive,4,1990,6,225,3910,18.3,32.8
2005,Europe,Gasoline,Rear-wheel drive,3,2340,6,262,4580,20.1,28.5
2013,USA,Gasoline,Front-wheel drive,4,2290,6,260,4160,17.0,30.3
2001,Asia,Diesel,Front-wheel drive,3,2210,6,258,4210,16.1,31.9
2020,USA,Gasoline,Front-wheel drive,4,2240,6,269,4230,18.8,30.6
2013,USA,Gasoline,All-wheel drive,4,2540,7,302,4800,18.4,28.6
1997,Asia,Gasoline,Front-wheel drive,3,2300,6,260,4290,18.4,29.9
2000,Europe,Gasoline,Front-wheel drive,5,2370,6,259,4130,16.4,31.0
1998,Asia,Gasoline,Front-wheel drive,5,1920,5,190,4000,19.0,30.8
1987,Asia,Gasoline,All-wheel drive,4,2280,6,254,4170,18.8,26.5
1985,Asia,Gasoline,All-wheel drive,2,2330,6,229,4360,19.8,28.2
1981,USA,Gasoline,Front-wheel drive,4,2310,6,246,4850,21.7,25.2
1996,Asia,Hybrid,Rear-wheel drive,4,2420,6,251,4240,16.1,31.9
1986,Asia,Gasoline,Rear-wheel drive,4,2250,6,244,4140,18.8,30.8
2007,USA,Gasoline,All-wheel drive,4,2430,7,265,4930,20.4,27.6
2016,Asia,Diesel,Front-wheel drive,2,2170,6,248,3730,21.5,32.9
1998,Europe,Gasoline,Front-wheel drive,5,2220,6,253,4630,18.6,29.0
1989,USA,Gasoline,Front-wheel drive,5,2460,7,308,4370,18.3,27.2
1981,USA,Hybrid,Front-wheel drive,5,2180,6,,4100,19.2,31.3
2005,Asia,Diesel,Rear-wheel drive,4,1840,5,229,3940,17.8,34.2
1982,USA,Gasoline,Front-wheel drive,3,2410,6,,4140,19.5,26.7
2001,Europe,Gasoline,Front-wheel drive,5,2170,6,232,4190,18.7,30.9
1984,USA,Gasoline,Front-wheel drive,3,2260,6,270,4300,18.9,26.0
2011,USA,Gasoline,Front-wheel drive,4,2220,6,262,4450,18.2,31.4
1978,USA,Gasoline,Rear-wheel drive,2,2230,6,248,4230,16.8,24.5
2005,Asia,Gasoline,Front-wheel drive,4,2430,6,267,4310,18.5,28.3
2023,Asia,Diesel,Rear-wheel drive,5,2040,6,243,4550,19.2,34.9
2007,Asia,Gasoline,Front-wheel drive,3,2550,6,269,4010,18.9,29.6
1989,Asia,Gasoline,Front-wheel drive,2,2420,6,260,4270,18.3,27.3
2021,Asia,Gasoline,All-wheel drive,4,2450,6,270,4730,19.4,30.7
1980,USA,Gasoline,Front-wheel drive,5,2450,6,262,4530,19.2,24.8
2017,Europe,Gasoline,Front-wheel drive,4,2310,6,258,4420,18.9,32.7
2022,Europe,Gasoline,Front-wheel drive,2,2010,5,217,3880,19.8,36.7
1980,Europe,Gasoline,Front-wheel drive,4,2330,6,,4410,20.0,29.8
2023,Europe,Gasoline,Rear-wheel drive,4,2490,7,262,4420,18.9,29.1
1994,USA,Gasoline,Front-wheel drive,2,2320,6,255,4120,17.6,29.2
2020,Asia,Gasoline,All-wheel drive,2,2310,5,266,4220,18.0,28.1
2007,Asia,Gasoline,Rear-wheel drive,3,2390,6,262,4380,20.4,28.1
1984,Europe,Gasoline,Front-wheel drive,3,2250,6,234,4020,16.5,28.8
2020,Europe,Hybrid,Rear-wheel drive,2,2210,6,223,4070,,37.3
2023,USA,Gasoline,Rear-wheel drive,4,1920,5,225,4050,18.8,31.3
1985,Asia,Diesel,Front-wheel drive,2,2140,5,247,3990,20.3,34.5
1995,USA,Diesel,Front-wheel drive,5,2230,6,267,4380,21.0,30.6
2008,Europe,Gasoline,Front-wheel drive,3,2680,7,290,4210,17.1,30.1
1989,USA,Gasoline,Front-wheel drive,3,2560,6,284,4570,17.9,26.2
2005,Asia,Gasoline,Front-wheel drive,4,2120,6,222,4120,19.6,29.0
2018,Europe,Gasoline,Rear-wheel drive,3,2190,7,245,4090,20.1,30.0
1984,USA,Gasoline,Front-wheel drive,2,2140,6,,3910,19.4,28.2
2017,Europe,Diesel,Front-wheel drive,2,2220,6,250,4010,17.5,34.4
2023,USA,Diesel,Front-wheel drive,5,2750,7,315,4760,18.7,31.3
2004,Asia,Gasoline,Front-wheel drive,5,1950,5,230,3930,17.8,32.2
1977,USA,Gasoline,Front-wheel drive,5,2010,5,,3980,18.5,28.4
2019,USA,Diesel,All-wheel drive,4,2310,6,269,4710,18.6,31.3
1984,USA,Gasoline,Rear-wheel drive,4,2470,7,281,4730,18.1,25.5
1985,Europe,Gasoline,All-wheel drive,3,2150,6,224,4350,19.9,28.0
2022,USA,Gasoline,Front-wheel drive,5,2110,6,236,4180,18.5,32.3
1981,Europe,Gasoline,Front-wheel drive,4,2090,6,235,4170,20.6,27.2
2002,USA,Gasoline,All-wheel drive,3,2430,7,268,4760,20.3,26.9
2013,Asia,Gasoline,Front-wheel drive,4,2590,7,257,4290,19.3,28.6
1976,Asia,Hybrid,Front-wheel drive,2,2310,7,268,4140,18.2,29.1
2000,USA,Gasoline,Front-wheel drive,4,2210,6,256,4280,19.0,31.0
2021,Asia,Diesel,Front-wheel drive,3,2510,7,,4380,18.2,35.6
2007,USA,Gasoline,Front-wheel drive,5,2160,6,240,4170,19.8,30.3
2016,USA,Gasoline,Front-wheel drive,4,1950,5,207,4260,21.2,32.9
1978,USA,Diesel,Rear-wheel drive,3,2330,6,,4530,20.5,27.8
1995,Asia,Diesel,Front-wheel drive,3,2350,6,261,4470,18.5,30.7
2022,Asia,Diesel,Rear-wheel drive,4,2220,6,243,4340,16.0,32.3
1990,USA,Gasoline,Front-wheel drive,4,2370,7,291,4340,18.9,25.7
1980,USA,Gasoline,All-wheel drive,3,2210,6,250,4620,19.8,24.8
2004,USA,Gasoline,All-wheel drive,2,2300,6,261,4440,18.2,28.9
2016,Asia,Gasoline,Front-wheel drive,3,2150,6,247,3910,20.2,31.9
2002,Europe,Gasoline,All-wheel drive,3,2440,6,282,4250,15.9,25.8
1984,Asia,Gasoline,Rear-wheel drive,3,2190,6,,4230,19.0,27.1
2007,USA,Hybrid,All-wheel drive,3,2490,7,285,4850,21.0,28.5
2013,Europe,Gasoline,All-wheel drive,5,2100,6,236,4280,19.2,29.4
1978,Europe,Gasoline,Rear-wheel drive,2,2540,7,261,4710,19.6,23.8
1998,Europe,Gasoline,Rear-wheel drive,3,2330,6,233,4180,17.7,26.3
1991,Europe,Diesel,Front-wheel drive,3,2110,6,255,4180,,31.6
1996,USA,Gasoline,Front-wheel drive,5,2170,6,270,4220,19.6,26.7
1978,Europe,Diesel,Front-wheel drive,2,2180,6,224,3940,19.0,32.8
2000,USA,Gasoline,All-wheel drive,5,2480,7,291,4630,20.2,25.1
1982,Asia,Diesel,Front-wheel drive,4,2250,6,233,4320,19.6,31.4
2014,Asia,Gasoline,All-wheel drive,3,2080,6,249,4260,21.9,32.8
1981,Asia,Gasoline,Rear-wheel drive,4,2400,6,,4470,20.9,27.5
2012,Europe,Gasoline,All-wheel drive,4,2380,6,259,4280,19.1,31.3
1981,Asia,Gasoline,Front-wheel drive,5,2340,6,,4460,17.7,26.8
2008,USA,Diesel,Front-wheel drive,3,2150,6,256,4120,18.6,30.2
2001,Europe,Diesel,All-wheel drive,3,2650,7,300,4740,18.7,29.8
2002,Europe,Gasoline,All-wheel drive,2,2460,6,233,4350,17.1,28.7
1978,USA,Gasoline,Rear-wheel drive,3,2330,6,,4620,21.0,27.7
1977,Asia,Gasoline,All-wheel drive,3,2260,6,236,4490,21.7,26.1
1993,USA,Gasoline,Front-wheel drive,4,1840,5,195,3970,17.0,32.6
2013,Asia,Gasoline,All-wheel drive,4,2200,6,254,4270,16.5,31.3
1990,USA,Gasoline,Rear-wheel drive,4,2370,6,265,4740,19.1,27.1
2010,Asia,Diesel,Front-wheel drive,4,2400,6,262,4320,20.3,33.8
1995,USA,Gasoline,All-wheel drive,5,2370,6,264,5070,21.0,25.4
1980,Europe,Gasoline,Rear-wheel drive,3,2160,6,256,4120,19.7,28.6
1990,Asia,Diesel,Front-wheel drive,2,2180,6,265,3740,17.9,37.6
1993,USA,Gasoline,Front-wheel drive,4,2250,6,274,4520,19.2,28.1
2012,Europe,Gasoline,Rear-wheel drive,5,2250,6,247,4390,18.1,29.8
1995,USA,Diesel,Front-wheel drive,3,1910,6,252,3890,18.8,32.9
2011,Europe,Gasoline,Front-wheel drive,3,2190,6,242,4010,18.9,31.4
2015,USA,Hybrid,Front-wheel drive,4,2160,6,247,3840,18.6,37.4
2011,Asia,Gasoline,Front-wheel drive,2,2330,6,246,4560,17.7,32.4
1983,Asia,Gasoline,Rear-wheel drive,3,2020,6,216,4020,17.9,31.0
2012,Europe,Gasoline,All-wheel drive,4,2170,6,241,4360,19.7,30.1
1989,USA,Hybrid,Front-wheel drive,3,2520,6,275,4190,20.6,32.3
2017,Asia,Hybrid,Front-wheel drive,5,2060,6,196,3910,19.4,39.8
2007,USA,Gasoline,Rear-wheel drive,3,2330,6,261,4400,20.0,25.0
2000,Asia,Gasoline,Front-wheel drive,5,2310,6,242,4310,21.6,30.5
1992,Asia,Diesel,Front-wheel drive,4,2510,7,288,4510,19.5,29.5
1994,Asia,Gasoline,Front-wheel drive,4,2330,6,243,4160,19.4,32.6
2020,USA,Diesel,Front-wheel drive,5,2330,6,275,4550,21.7,30.8
2015,USA,Hybrid,Front-wheel drive,4,2370,6,274,4560,18.5,30.2
1992,USA,Hybrid,Rear-wheel drive,3,2120,6,250,4210,19.1,31.0
2021,Europe,Gasoline,Front-wheel drive,3,2290,6,253,4080,17.9,32.7
1995,Asia,Gasoline,Front-wheel drive,3,2430,6,290,4200,16.5,29.3
1978,Europe,Diesel,Front-wheel drive,4,2250,6,276,4230,17.5,30.5
1983,Europe,Gasoline,Front-wheel drive,4,2360,6,234,4310,22.4,26.6
2017,USA,Gasoline,All-wheel drive,3,2320,6,250,4410,18.3,26.9
2007,Europe,Gasoline,Rear-wheel drive,4,2350,6,291,4230,21.8,29.0
2022,Asia,Diesel,Front-wheel drive,2,1910,5,217,3320,17.7,36.3
2009,Europe,Hybrid,All-wheel drive,3,2470,6,242,4390,,34.9
2010,USA,Hybrid,Front-wheel drive,4,2440,7,277,4290,19.0,35.0
1984,USA,Diesel,Front-wheel drive,3,2480,6,,4380,20.9,29.1
2017,USA,Gasoline,Front-wheel drive,4,2310,7,281,4430,18.8,28.3
1978,Asia,Diesel,Front-wheel drive,3,2110,6,251,4000,16.8,29.2
2015,Asia,Gasoline,All-wheel drive,2,2070,6,212,4190,17.5,34.3
1981,USA,Gasoline,Front-wheel drive,3,2030,6,257,4110,17.5,28.5
2004,Asia,Hybrid,Front-wheel drive,5,2350,6,239,4300,19.8,35.2
2008,Asia,Gasoline,Front-wheel drive,3,2120,6,242,3940,19.1,31.2
2013,Europe,Diesel,Front-wheel drive,3,2130,6,286,4030,,32.5
1998,Europe,Hybrid,Front-wheel drive,3,1940,5,213,3810,19.4,36.7
2008,USA,Gasoline,Front-wheel drive,3,2350,6,274,4100,16.8,30.3
1975,USA,Gasoline,All-wheel drive,3,2240,6,275,4410,19.4,22.1
2023,USA,Gasoline,Rear-wheel drive,2,2220,7,232,4250,18.2,33.2
2009,Europe,Gasoline,Front-wheel drive,4,2220,6,238,4090,19.5,31.3
2004,Europe,Diesel,Front-wheel drive,3,2260,7,258,4220,18.5,29.7
2024,USA,Gasoline,Rear-wheel drive,3,2250,6,251,4390,19.4,32.2
2018,Europe,Hybrid,Rear-wheel drive,4,2220,6,249,4320,18.7,33.0
2019,USA,Gasoline,All-wheel drive,5,2230,6,257,4430,19.2,27.4
1995,Europe,Gasoline,Rear-wheel drive,3,2070,6,218,4110,18.0,29.4
1981,Europe,Diesel,Front-wheel drive,3,2290,6,,4170,19.0,31.6
1981,Europe,Gasoline,All-wheel drive,2,2330,6,,4380,,25.5
2005,Asia,Diesel,Front-wheel drive,3,1930,6,252,3690,16.6,36.9
2005,USA,Gasoline,All-wheel drive,3,2590,7,264,4740,21.4,26.2
1991,Europe,Gasoline,Front-wheel drive,5,2230,6,264,4070,17.6,31.5
2004,Europe,Gasoline,Rear-wheel drive,2,2020,5,216,3880,,29.3
2015,Europe,Gasoline,Rear-wheel drive,3,2230,6,244,4180,19.5,30.5
2000,Asia,Gasoline,Rear-wheel drive,4,2560,6,263,4680,19.0,28.2
2007,Asia,Gasoline,Front-wheel drive,3,2180,5,212,3930,19.3,32.9
2010,Europe,Gasoline,Rear-wheel drive,4,2330,6,265,4470,17.1,29.2
2010,Asia,Diesel,Rear-wheel drive,4,2020,5,235,4130,19.5,33.5
2001,USA,Gasoline,Rear-wheel drive,4,2360,6,262,4730,18.1,24.1
1980,Europe,Gasoline,All-wheel drive,2,2470,6,,4450,19.9,26.0
2010,USA,Gasoline,Front-wheel drive,2,2000,6,222,3960,19.1,30.4
2019,USA,Gasoline,All-wheel drive,4,2500,6,266,4880,18.8,26.3
2004,Europe,Gasoline,Front-wheel drive,5,2260,6,236,4290,,30.4
2012,USA,Gasoline,Front-wheel drive,3,2080,5,248,4290,20.3,31.6
1999,Europe,Hybrid,All-wheel drive,4,2340,6,269,4720,22.4,31.8
1996,USA,Gasoline,Front-wheel drive,4,2090,6,250,3970,19.5,30.1
1976,USA,Gasoline,All-wheel drive,3,2450,7,276,4720,20.5,23.7
1983,USA,Gasoline,Rear-wheel drive,4,2430,6,266,4610,20.6,25.8
1975,Asia,Gasoline,Rear-wheel drive,4,2200,6,229,4350,18.3,28.3
2005,USA,Gasoline,Front-wheel drive,4,2370,7,283,4660,20.3,29.5
2018,Europe,Gasoline,All-wheel drive,3,2160,6,252,4120,17.9,31.5
1999,USA,Gasoline,Front-wheel drive,3,2030,5,227,4070,19.8,30.5
1990,USA,Gasoline,Front-wheel drive,4,2380,6,272,4360,18.7,24.0
2001,USA,Gasoline,Front-wheel drive,3,2530,7,271,4590,19.5,29.6
1997,USA,Gasoline,Front-wheel drive,3,2230,6,256,4270,18.4,26.9
2004,USA,Gasoline,Front-wheel drive,5,2260,6,261,4140,18.1,29.6
2016,USA,Gasoline,Front-wheel drive,2,2210,5,243,3620,18.4,31.1
2015,Asia,Gasoline,Front-wheel drive,2,2150,6,216,3860,19.5,36.8
2019,USA,Hybrid,Rear-wheel drive,5,2350,6,275,4570,19.4,33.2
2011,USA,Gasoline,All-wheel drive,4,2260,6,253,3900,17.1,28.6
2018,USA,Gasoline,Front-wheel drive,3,2390,6,272,4280,20.0,30.8
2003,USA,Gasoline,Front-wheel drive,4,2400,6,275,4240,18.5,28.1
2008,Europe,Diesel,Front-wheel drive,4,2340,6,278,4180,18.3,29.9
2022,Asia,Gasoline,Front-wheel drive,5,2170,6,242,4390,21.1,32.2
1994,Asia,Diesel,Front-wheel drive,4,2050,6,242,4030,21.1,31.3
1995,USA,Gasoline,Rear-wheel drive,4,2060,5,245,4040,17.1,27.3
2015,Asia,Gasoline,Front-wheel drive,3,2170,6,222,3820,19.6,33.0
2018,USA,Gasoline,Rear-wheel drive,3,2580,6,268,4540,15.9,29.8
2023,Asia,Hybrid,Front-wheel drive,4,2470,7,250,4470,20.2,37.9
2009,Asia,Hybrid,Front-wheel drive,3,1960,5,223,4050,18.6,34.1
2006,Asia,Gasoline,Front-wheel drive,4,2640,7,278,4690,19.0,30.6
1988,USA,Gasoline,Rear-wheel drive,5,2540,7,280,4830,19.1,23.6
2022,Europe,Gasoline,Front-wheel drive,2,2370,7,270,4200,15.8,33.2
1989,USA,Hybrid,Rear-wheel drive,2,2160,6,260,4250,16.1,29.6
1976,Asia,Gasoline,Rear-wheel drive,2,2140,6,,4120,18.4,28.2
2018,Asia,Gasoline,Front-wheel drive,5,2360,6,255,4620,20.0,31.3
2001,Asia,Hybrid,Rear-wheel drive,4,2100,6,238,4050,17.1,32.7
2002,USA,Gasoline,Rear-wheel drive,2,2640,7,305,5070,18.0,26.8
1985,Asia,Gasoline,All-wheel drive,4,2370,6,250,4500,19.7,26.9
2007,USA,Gasoline,Rear-wheel drive,2,2380,6,282,4250,17.4,26.4
2014,Asia,Diesel,Front-wheel drive,4,1950,6,229,3990,18.6,37.4
1987,Asia,Gasoline,All-wheel drive,4,2550,7,265,4670,21.3,25.9
1995,Europe,Gasoline,All-wheel drive,2,2050,6,234,4000,18.2,31.7
2011,USA,Gasoline,Front-wheel drive,3,2420,6,274,4130,16.9,32.4
2006,USA,Gasoline,All-wheel drive,3,2250,6,272,4340,19.7,27.9
2015,Asia,Gasoline,Rear-wheel drive,3,1880,5,213,4080,20.9,31.7
1998,USA,Gasoline,All-wheel drive,3,2210,5,242,4480,18.7,29.1
1994,USA,Gasoline,All-wheel drive,4,2220,6,253,4400,18.8,28.8
2006,Europe,Gasoline,All-wheel drive,4,2840,7,324,4940,19.6,27.5
1981,USA,Gasoline,Front-wheel drive,2,2240,6,245,4100,18.7,25.9
2008,USA,Gasoline,Rear-wheel drive,3,2630,6,280,4520,18.2,29.8
1992,Europe,Diesel,Rear-wheel drive,3,2010,5,236,3800,19.1,32.2
1986,Europe,Diesel,Rear-wheel drive,3,1790,5,215,3860,18.7,31.9
1994,USA,Diesel,Rear-wheel drive,3,1970,5,238,3990,16.9,29.8
2011,Europe,Diesel,Front-wheel drive,5,2200,6,242,4120,17.5,34.0
1992,Europe,Gasoline,Rear-wheel drive,4,2420,7,244,4690,18.3,27.3
1975,USA,Gasoline,Rear-wheel drive,3,2750,7,,4980,19.9,21.2
2005,USA,Gasoline,Front-wheel drive,3,2170,6,238,4360,18.5,28.4
1993,USA,Gasoline,Front-wheel drive,4,2290,6,267,4340,19.9,26.7
2017,Asia,Gasoline,Front-wheel drive,3,2360,6,259,4140,20.5,31.4
2004,Asia,Gasoline,All-wheel drive,4,2240,6,230,4520,20.8,29.1
2005,USA,Gasoline,Front-wheel drive,4,2400,6,275,4550,18.7,29.6
2017,Asia,Gasoline,Front-wheel drive,5,2260,5,240,3900,17.6,34.4
1978,USA,Gasoline,Front-wheel drive,3,2440,7,268,4430,21.2,23.6
2018,Europe,Diesel,All-wheel drive,4,2140,6,229,4370,19.4,32.2
1984,Europe,Gasoline,All-wheel drive,3,2170,6,257,4250,18.4,28.6
2011,Asia,Diesel,Front-wheel drive,3,1890,5,231,3820,19.7,33.0
1992,USA,Gasoline,Rear-wheel drive,4,2370,6,281,4680,19.8,24.5
1977,USA,Gasoline,All-wheel drive,4,2180,6,253,4300,18.8,21.5
2013,USA,Gasoline,Front-wheel drive,2,2380,7,268,4330,20.7,28.8
1986,Europe,Gasoline,Front-wheel drive,5,2300,6,268,4370,17.7,27.8
2020,Europe,Gasoline,Front-wheel drive,4,2230,6,243,4050,19.3,32.4
2000,Asia,Diesel,Front-wheel drive,3,2190,6,259,3820,17.6,36.6
2020,USA,Gasoline,Front-wheel drive,4,2350,6,252,4190,20.3,28.9
2019,Europe,Gasoline,Front-wheel drive,3,2230,6,247,3940,19.6,31.4
1983,Asia,Gasoline,Front-wheel drive,4,2360,6,255,4160,18.2,24.8
1997,USA,Hybrid,Front-wheel drive,3,2030,6,248,4110,19.3,35.2
1986,USA,Gasoline,All-wheel drive,3,2250,6,267,4500,19.2,24.6
2008,Europe,Gasoline,Front-wheel drive,4,2100,6,253,4280,19.2,29.4
1988,USA,Diesel,Front-wheel drive,3,2380,5,272,4040,17.7,29.7
2017,Europe,Gasoline,Front-wheel drive,4,2240,6,231,3850,18.5,32.6
1991,Europe,Gasoline,All-wheel drive,4,2560,6,254,4680,18.5,26.3
2006,USA,Gasoline,Front-wheel drive,4,2230,6,254,4080,19.7,31.3
1982,Asia,Diesel,Front-wheel drive,4,2200,6,245,4190,21.8,30.6
2002,Europe,Gasoline,All-wheel drive,2,2320,6,252,4360,20.0,28.1
1989,USA,Gasoline,Front-wheel drive,4,2010,5,229,4190,20.0,29.4
1984,USA,Hybrid,Front-wheel drive,5,2360,6,299,4690,19.2,29.9
2023,USA,Gasoline,All-wheel drive,2,2330,6,241,4300,19.9,29.1
1997,Asia,Gasoline,Front-wheel drive,4,2020,5,205,4150,21.2,33.3
1975,Europe,Gasoline,Rear-wheel drive,4,1930,5,200,4000,20.8,29.6
2019,Asia,Hybrid,Front-wheel drive,3,2070,6,244,3780,17.4,38.8
2016,Europe,Diesel,Front-wheel drive,2,2390,7,289,4340,18.6,35.3
2014,USA,Diesel,Front-wheel drive,4,2320,6,277,4180,18.8,33.5
1983,Europe,Gasoline,Rear-wheel drive,5,2220,6,,4530,18.6,28.8
1982,Asia,Gasoline,Front-wheel drive,3,2260,6,252,4120,21.5,28.8
1997,Europe,Gasoline,Front-wheel drive,3,2370,6,242,4110,18.2,31.0
2001,USA,Hybrid,Front-wheel drive,5,2440,6,260,4340,19.3,31.5
2017,Europe,Gasoline,Front-wheel drive,4,1830,5,209,3880,17.9,31.6
2001,USA,Gasoline,All-wheel drive,4,2590,7,,4940,19.9,26.9
2011,Asia,Gasoline,Rear-wheel drive,3,2550,6,282,4470,18.9,28.3
2005,USA,Hybrid,Rear-wheel drive,4,2100,6,251,4260,20.0,33.9
2016,Europe,Gasoline,Rear-wheel drive,3,2470,6,275,4630,18.7,30.8
2014,Asia,Gasoline,Rear-wheel drive,4,1980,5,213,3860,17.0,33.7
2008,Asia,Gasoline,Rear-wheel drive,2,2080,6,238,4010,17.9,33.9
2021,USA,Gasoline,Front-wheel drive,3,2160,7,256,3960,17.0,32.0
1984,Europe,Gasoline,Rear-wheel drive,5,2260,6,,4540,,26.2
1995,Europe,Gasoline,Front-wheel drive,5,2470,6,251,4530,,29.2
2019,Europe,Gasoline,Front-wheel drive,4,2380,6,289,4300,17.6,30.9
1992,USA,Gasoline,Front-wheel drive,3,1700,5,198,3880,18.3,32.4
1985,Asia,Gasoline,Front-wheel drive,2,2210,6,249,3760,18.4,32.2
1996,Europe,Gasoline,Front-wheel drive,4,2230,6,235,3940,19.8,30.5
1979,USA,Gasoline,Front-wheel drive,4,2190,6,257,4100,19.1,24.1
2023,Europe,Gasoline,All-wheel drive,4,2390,6,259,4470,19.9,31.0
1980,USA,Hybrid,Front-wheel drive,2,2360,6,271,4340,17.2,30.0
1993,Asia,Gasoline,All-wheel drive,3,2390,5,238,4460,17.6,26.2
1997,Asia,Hybrid,Front-wheel drive,4,2200,6,260,4320,20.1,35.9
1983,USA,Gasoline,All-wheel drive,3,2120,6,233,3960,20.9,25.5
2001,USA,Gasoline,Front-wheel drive,4,2320,7,286,4250,16.5,28.8
2002,Europe,Diesel,Front-wheel drive,3,2430,6,256,4280,,31.9
1987,Europe,Gasoline,Front-wheel drive,3,2150,5,242,4080,17.9,30.5
1991,Asia,Gasoline,All-wheel drive,5,2460,7,279,4590,18.9,27.0
2019,USA,Hybrid,Front-wheel drive,4,2060,6,270,4180,18.8,33.8
1977,Asia,Gasoline,Rear-wheel drive,4,2170,6,,4480,21.5,27.1
1987,Asia,Gasoline,Rear-wheel drive,4,2680,7,287,4730,19.6,23.6
2014,Europe,Gasoline,All-wheel drive,2,1980,5,213,4320,20.5,28.6
2024,Europe,Hybrid,All-wheel drive,3,2230,6,221,4370,20.2,37.3
1999,USA,Gasoline,Front-wheel drive,5,2010,6,241,4400,20.5,28.2
2017,Asia,Gasoline,Front-wheel drive,4,2190,6,254,4180,18.5,36.4
2001,Europe,Gasoline,Front-wheel drive,2,2120,6,244,4040,19.8,30.5
2015,USA,Gasoline,Front-wheel drive,4,1870,6,219,4030,19.3,31.2
1981,USA,Gasoline,All-wheel drive,3,1960,6,,4140,18.6,28.2
2023,Europe,Gasoline,All-wheel drive,3,2500,7,284,4530,21.9,30.5
2022,Europe,Gasoline,Front-wheel drive,3,2340,6,269,4350,17.4,34.5
1996,Europe,Diesel,All-wheel drive,3,2610,7,297,4750,18.2,33.3
2005,Europe,Diesel,All-wheel drive,3,2270,6,269,4460,17.5,30.2
1994,Asia,Gasoline,Front-wheel drive,3,2050,6,231,4030,18.3,29.5
1976,USA,Gasoline,Rear-wheel drive,4,2520,7,276,4820,18.1,24.5
1983,Asia,Gasoline,Front-wheel drive,3,2080,6,214,4090,17.8,28.0
1990,USA,Gasoline,Front-wheel drive,3,2000,5,232,3850,17.5,29.1
2018,USA,Gasoline,Front-wheel drive,3,2230,6,,4110,17.2,30.0
1994,Europe,Diesel,Front-wheel drive,4,2300,6,262,4110,19.1,32.9
1982,Asia,Gasoline,Front-wheel drive,3,1810,5,,3710,18.5,32.1
1984,USA,Gasoline,Front-wheel drive,5,2550,7,,4390,17.1,28.0
2008,USA,Gasoline,Rear-wheel drive,2,2180,5,245,4100,17.3,30.4
1996,Asia,Gasoline,Front-wheel drive,4,1950,5,200,3930,19.7,33.6
2000,Asia,Hybrid,Front-wheel drive,4,2220,7,239,4250,19.7,30.1
2000,USA,Diesel,Front-wheel drive,3,1890,5,246,4000,18.5,30.5
2010,Europe,Gasoline,Front-wheel drive,5,2210,6,251,4210,18.6,31.3
2009,Asia,Gasoline,Front-wheel drive,4,2140,6,227,4140,18.9,32.9
1993,USA,Gasoline,Front-wheel drive,3,2290,6,268,4260,18.8,29.6
1998,Asia,Gasoline,Rear-wheel drive,3,2370,7,280,4380,18.7,27.4
1980,Europe,Gasoline,Front-wheel drive,5,2140,6,235,3970,19.3,31.2
1982,Asia,Gasoline,Front-wheel drive,4,2100,5,213,3840,19.2,29.1
2023,Asia,Hybrid,Front-wheel drive,5,2270,6,262,4590,19.5,36.4
2003,USA,Gasoline,Front-wheel drive,2,2380,7,268,4210,17.9,29.1
2019,Europe,Gasoline,Front-wheel drive,3,2030,5,208,3870,18.7,30.8
1986,USA,Gasoline,Front-wheel drive,5,2140,6,241,4480,18.7,24.5
1999,Europe,Diesel,All-wheel drive,5,2520,7,321,4850,18.8,30.0
2015,Asia,Diesel,Front-wheel drive,5,2180,6,239,4080,18.0,34.8
1981,USA,Gasoline,Front-wheel drive,4,2580,7,300,4340,19.3,28.3
2000,Asia,Gasoline,Front-wheel drive,4,2220,6,260,4280,19.9,33.8
2015,Asia,Gasoline,All-wheel drive,3,2330,6,,4320,17.9,29.9
2003,Europe,Gasoline,All-wheel drive,2,2600,6,275,4560,18.8,26.8
1981,USA,Gasoline,Rear-wheel drive,4,2250,6,262,5010,18.8,24.6
2019,Asia,Gasoline,Front-wheel drive,4,2080,6,219,3980,19.7,36.8
1999,USA,Gasoline,Front-wheel drive,3,2200,6,267,4090,18.4,30.6
2018,USA,Gasoline,Rear-wheel drive,4,2220,6,249,4430,18.7,31.8
2001,USA,Diesel,Rear-wheel drive,2,2230,6,290,4480,20.1,30.3
1991,Asia,Gasoline,All-wheel drive,4,2030,5,210,4300,18.7,29.7
1977,USA,Gasoline,All-wheel drive,3,2310,6,240,4490,19.9,24.1
2012,USA,Gasoline,Front-wheel drive,4,2290,6,252,4170,19.3,32.0
2010,Europe,Gasoline,Front-wheel drive,3,2690,7,282,4460,19.1,27.1
2001,Asia,Hybrid,Front-wheel drive,3,2280,6,225,4080,18.6,35.2
2009,USA,Diesel,Rear-wheel drive,5,2280,6,267,4530,21.2,28.9
2008,Asia,Gasoline,All-wheel drive,5,2630,7,295,4810,16.6,31.9
1975,USA,Gasoline,Rear-wheel drive,3,2580,7,,4580,18.1,21.6
2009,USA,Gasoline,Front-wheel drive,5,2560,6,288,4630,16.0,26.8
2009,Asia,Gasoline,Front-wheel drive,3,2000,6,214,4090,19.4,33.0
1996,USA,Gasoline,Front-wheel drive,4,2130,6,270,4360,18.6,24.5
1978,Europe,Gasoline,Front-wheel drive,3,2150,6,225,4110,20.0,28.1
2006,USA,Diesel,Front-wheel drive,3,2410,6,277,4240,20.1,30.1
2003,Asia,Gasoline,Rear-wheel drive,3,2220,6,256,3930,17.0,29.0
1984,Asia,Gasoline,All-wheel drive,3,1850,6,207,3970,17.9,27.7
1993,USA,Gasoline,Front-wheel drive,4,2520,7,280,4660,18.5,27.9
1978,Asia,Gasoline,Rear-wheel drive,2,2510,6,283,4200,17.7,25.2
1976,USA,Gasoline,All-wheel drive,2,2280,6,267,4440,18.0,22.8
2011,Europe,Gasoline,All-wheel drive,3,2490,6,269,4700,20.5,28.4
1987,USA,Gasoline,Front-wheel drive,3,1930,5,214,4070,16.7,27.9
1990,Asia,Gasoline,Front-wheel drive,3,2310,6,258,4100,18.9,29.0
1995,USA,Gasoline,All-wheel drive,4,2180,6,253,4550,19.3,27.3
2018,USA,Gasoline,Front-wheel drive,4,2180,6,244,4270,20.2,31.7
2023,Europe,Gasoline,Front-wheel drive,4,2270,6,,3950,18.7,34.1
1984,USA,Gasoline,Front-wheel drive,4,2280,6,265,4370,18.3,28.2
1990,Europe,Hybrid,Rear-wheel drive,4,2430,7,281,4520,18.9,29.0
2019,Asia,Diesel,Front-wheel drive,3,2490,7,307,4190,18.6,34.0
1976,Europe,Gasoline,Front-wheel drive,4,2100,6,,4110,18.3,27.6
2006,USA,Diesel,All-wheel drive,4,2220,6,242,4540,22.6,30.4
1991,USA,Gasoline,Front-wheel drive,4,2180,6,267,4080,20.0,28.9
2010,USA,Diesel,Rear-wheel drive,4,2340,6,261,4510,18.2,31.5
1988,Europe,Gasoline,All-wheel drive,3,2170,6,238,4340,18.6,26.9
1997,Europe,Diesel,Front-wheel drive,2,2280,6,264,4230,18.4,34.2
2008,Europe,Hybrid,All-wheel drive,3,2230,6,232,4460,21.5,32.9
1976,Asia,Gasoline,Front-wheel drive,4,2210,6,265,4020,18.6,32.0
2005,Europe,Diesel,Rear-wheel drive,3,2150,6,245,4180,17.8,33.2
2009,Asia,Gasoline,Rear-wheel drive,2,2440,7,248,4420,18.4,31.3
2007,Europe,Gasoline,Front-wheel drive,4,2060,6,226,3860,16.4,35.6
1979,USA,Gasoline,Rear-wheel drive,3,2180,6,,4320,19.9,26.3
1984,USA,Gasoline,Front-wheel drive,3,2300,6,264,4540,19.9,27.2
2010,USA,Diesel,Front-wheel drive,3,2140,6,270,4230,16.3,28.5
1996,Asia,Diesel,Rear-wheel drive,4,2390,7,293,4750,19.9,28.8
2006,USA,Gasoline,All-wheel drive,3,2320,6,287,4690,19.2,29.4
2020,Asia,Diesel,Front-wheel drive,4,2000,5,243,3990,20.4,33.1
1995,USA,Diesel,All-wheel drive,5,2400,7,290,4530,17.9,28.8
2016,Europe,Gasoline,Front-wheel drive,3,2210,6,246,4240,18.6,29.9
2010,Europe,Diesel,Front-wheel drive,3,2300,6,252,4190,17.1,30.9
2007,Asia,Gasoline,Front-wheel drive,5,2360,6,264,4540,17.9,30.7
1983,USA,Gasoline,Front-wheel drive,4,2520,6,287,4340,17.0,24.9
2009,Europe,Gasoline,Front-wheel drive,2,1830,5,202,3410,17.4,35.5
2008,USA,Diesel,Front-wheel drive,4,2360,7,286,4510,20.1,27.5
1996,USA,Diesel,Front-wheel drive,4,2500,7,291,4520,19.8,28.8
1994,USA,Gasoline,Rear-wheel drive,5,2240,6,277,4350,18.6,30.6
1990,USA,Diesel,Rear-wheel drive,2,2090,6,265,4230,19.8,30.9
1994,USA,Diesel,Front-wheel drive,5,2300,6,260,4150,18.7,27.9
1987,USA,Gasoline,Front-wheel drive,4,2420,7,263,4440,19.5,27.5
1981,USA,Gasoline,Rear-wheel drive,4,2150,6,241,4370,18.3,27.0
1985,Europe,Gasoline,All-wheel drive,3,2370,6,244,4360,19.4,29.9
2023,USA,Diesel,Rear-wheel drive,4,2540,7,293,4990,17.8,28.5
1993,Asia,Gasoline,Rear-wheel drive,5,2380,6,246,4230,19.0,28.8
2020,Asia,Hybrid,Front-wheel drive,4,2390,7,259,4420,19.1,34.8
2002,Europe,Gasoline,Front-wheel drive,2,2310,6,253,4140,15.6,28.6
2004,Asia,Diesel,All-wheel drive,4,2190,5,228,4500,21.4,32.2
1989,USA,Gasoline,All-wheel drive,3,1980,5,222,4490,21.7,24.9
2012,Asia,Diesel,All-wheel drive,4,2330,6,280,4450,19.4,32.2
2004,USA,Gasoline,Rear-wheel drive,3,2210,6,243,4320,18.0,30.3
2014,Asia,Gasoline,Rear-wheel drive,3,1890,5,190,3820,18.9,33.1
1987,Europe,Gasoline,Front-wheel drive,3,2000,5,224,3790,18.8,30.8
2022,Asia,Gasoline,Front-wheel drive,3,2510,6,277,4500,19.0,30.9
1978,USA,Gasoline,Front-wheel drive,2,2230,7,284,4040,19.9,27.0
1984,Asia,Hybrid,All-wheel drive,3,2300,6,,4510,17.6,34.5
2024,USA,Gasoline,Rear-wheel drive,3,2510,7,298,4780,19.8,31.1
1979,Europe,Hybrid,Front-wheel drive,4,2120,5,,3900,,31.7
1989,Asia,Gasoline,Front-wheel drive,4,2150,6,228,4000,20.6,32.3
1995,USA,Diesel,Front-wheel drive,5,2330,6,286,4390,18.9,29.2
2009,USA,Gasoline,Front-wheel drive,4,2300,6,273,4380,17.7,29.4
1975,USA,Diesel,Rear-wheel drive,4,2300,6,270,4430,20.1,29.2
1999,USA,Gasoline,Front-wheel drive,4,2170,6,235,4280,18.8,30.6
1983,Asia,Gasoline,Front-wheel drive,3,2330,6,262,4150,20.4,27.0
1976,USA,Gasoline,Front-wheel drive,2,2350,6,284,4270,20.1,26.8
1991,USA,Hybrid,All-wheel drive,4,2420,6,287,4500,17.4,29.9
1993,USA,Gasoline,Rear-wheel drive,3,2490,6,289,4690,18.9,26.2
1979,Asia,Gasoline,Front-wheel drive,5,2250,6,245,4420,19.8,28.4
2009,USA,Gasoline,Front-wheel drive,4,2290,6,267,4440,17.7,31.9
2020,Asia,Hybrid,Rear-wheel drive,5,2350,6,264,4450,19.0,35.1
2023,USA,Gasoline,Rear-wheel drive,5,2230,6,268,4660,17.7,31.2
2004,Asia,Gasoline,Front-wheel drive,4,2340,6,258,4270,20.1,33.9
2022,Asia,Gasoline,Rear-wheel drive,2,2410,6,235,4460,18.6,31.5
1980,Europe,Gasoline,Front-wheel drive,5,2160,6,242,4310,17.9,29.4
2022,Europe,Gasoline,Rear-wheel drive,4,2540,7,282,4390,17.0,31.9
2010,USA,Gasoline,All-wheel drive,5,2380,6,283,4360,19.6,26.5
1981,Europe,Gasoline,Front-wheel drive,3,2130,6,,4160,17.8,31.3
2017,USA,Diesel,Front-wheel drive,4,2130,5,268,4310,16.8,33.3
1999,Asia,Gasoline,All-wheel drive,5,2510,7,255,4990,21.1,28.3
2020,Asia,Gasoline,Front-wheel drive,4,2290,6,224,4110,16.0,32.0
2021,Europe,Gasoline,Front-wheel drive,4,2310,6,261,3910,17.4,31.7
2021,Europe,Gasoline,All-wheel drive,2,2310,6,244,4320,18.6,31.4
1996,Asia,Diesel,Front-wheel drive,5,2120,5,260,4260,19.7,30.7
2012,USA,Gasoline,Rear-wheel drive,2,2090,5,223,3760,19.7,29.8
1995,Europe,Gasoline,Front-wheel drive,4,2260,6,246,4230,19.8,27.6
2015,USA,Gasoline,Front-wheel drive,3,2040,6,231,4060,18.7,34.7
1984,Europe,Gasoline,Front-wheel drive,3,2350,6,265,4300,19.9,30.1
2009,USA,Diesel,Front-wheel drive,3,2080,5,235,4020,18.9,33.0
1979,Europe,Gasoline,Front-wheel drive,2,2050,5,,3820,18.2,27.9
1979,Europe,Gasoline,Rear-wheel drive,4,2320,6,,4530,20.7,25.8
1980,Europe,Gasoline,Front-wheel drive,3,2200,6,,4070,16.0,26.7
2013,USA,Gasoline,All-wheel drive,3,2210,6,244,4210,16.4,29.9
1989,Europe,Gasoline,Rear-wheel drive,2,2340,6,254,4380,20.5,25.8
1987,USA,Hybrid,Rear-wheel drive,3,2590,7,284,4590,20.7,28.5
1978,USA,Gasoline,Rear-wheel drive,5,2100,6,,4130,20.0,26.3
1984,USA,Hybrid,Front-wheel drive,5,2240,6,,4170,18.4,33.9
2007,Europe,Gasoline,Rear-wheel drive,2,2100,6,243,4230,19.2,31.6
1998,USA,Diesel,Rear-wheel drive,2,2330,6,279,4270,19.7,30.9
1975,USA,Gasoline,Front-wheel drive,3,2260,6,258,4320,20.3,28.1
2012,USA,Diesel,Rear-wheel drive,3,2200,6,264,4200,18.3,30.5
1994,USA,Gasoline,Front-wheel drive,3,1970,6,241,4430,19.5,27.4
2012,USA,Hybrid,Rear-wheel drive,5,2290,6,259,4390,16.3,32.9
2013,Europe,Diesel,Front-wheel drive,3,2200,6,262,4190,18.8,33.7
1997,USA,Gasoline,Front-wheel drive,4,2400,6,265,4460,19.3,28.9
1993,Europe,Diesel,Front-wheel drive,4,2380,6,256,4240,21.0,34.0
1980,Europe,Diesel,Front-wheel drive,4,2580,7,,4470,18.0,31.3
2014,Europe,Gasoline,Rear-wheel drive,4,2180,6,234,4530,18.8,29.2
1990,Europe,Gasoline,Front-wheel drive,4,2230,6,244,4080,20.2,27.3
2015,USA,Diesel,All-wheel drive,4,2350,6,278,4730,20.1,33.4
1988,USA,Gasoline,Front-wheel drive,4,2430,7,257,4560,20.0,26.7
2008,Europe,Diesel,All-wheel drive,2,2320,6,277,4350,17.5,31.4
1978,USA,Gasoline,Front-wheel drive,3,2390,6,242,4500,19.6,27.5
2019,Europe,Gasoline,Front-wheel drive,4,2180,6,230,4090,20.0,32.1
1992,USA,Gasoline,Front-wheel drive,2,2200,6,257,3760,20.1,28.7
2002,Asia,Gasoline,Rear-wheel drive,4,2510,7,279,4950,19.7,24.5
2008,USA,Diesel,Front-wheel drive,5,2070,6,223,4120,18.5,34.3
1987,Asia,Gasoline,Front-wheel drive,2,1920,5,181,3720,18.8,31.7
2023,Asia,Gasoline,All-wheel drive,3,2510,7,274,4700,18.2,29.3
1996,USA,Gasoline,Front-wheel drive,3,2160,6,252,4360,19.3,30.6
2024,Asia,Gasoline,All-wheel drive,3,2380,6,256,4670,19.3,31.2
2018,USA,Diesel,All-wheel drive,2,2350,6,268,4240,19.7,32.2
2009,Asia,Gasoline,Rear-wheel drive,4,2020,5,205,4150,20.1,30.8
2023,Asia,Hybrid,Rear-wheel drive,4,2100,5,205,3960,17.7,39.0
1996,USA,Gasoline,Front-wheel drive,2,2360,6,264,4140,17.2,28.2
2021,USA,Gasoline,All-wheel drive,4,2120,6,227,4420,20.5,29.9
2013,USA,Diesel,Rear-wheel drive,3,2390,7,285,4300,19.9,28.5
1993,Asia,Hybrid,Rear-wheel drive,4,2240,6,256,4190,19.2,30.9
1986,USA,Diesel,Front-wheel drive,4,2120,6,272,4260,18.3,31.5
2000,Asia,Gasoline,Front-wheel drive,3,2150,6,234,4170,20.3,34.6
1993,Asia,Gasoline,Front-wheel drive,4,2400,6,250,4110,17.3,31.4
1993,USA,Gasoline,All-wheel drive,4,2500,6,283,4690,18.7,23.1
1985,Asia,Diesel,Front-wheel drive,3,2190,6,237,4250,17.8,32.4
1991,Asia,Gasoline,All-wheel drive,4,2200,5,233,4270,19.8,26.7
2020,USA,Gasoline,Front-wheel drive,2,2280,6,255,3900,16.7,34.2
1994,Asia,Gasoline,Front-wheel drive,3,1980,6,222,3660,17.6,28.8
2000,USA,Gasoline,Front-wheel drive,3,2160,6,234,4190,19.1,30.4
1978,USA,Diesel,Rear-wheel drive,3,2380,6,278,4210,17.1,27.2
1979,Europe,Gasoline,Front-wheel drive,5,2110,6,247,3900,18.1,32.1
2008,USA,Gasoline,Front-wheel drive,2,2270,6,255,4270,20.9,29.2
2017,Europe,Diesel,All-wheel drive,3,2150,6,228,4310,20.0,32.4
1979,Europe,Gasoline,Front-wheel drive,4,2080,5,,3580,18.9,33.4
1986,Europe,Gasoline,Front-wheel drive,4,2360,6,253,4440,20.0,25.8
1991,Asia,Diesel,All-wheel drive,5,2400,6,265,4520,19.8,29.7
2021,USA,Diesel,All-wheel drive,3,2150,6,239,4290,18.5,31.0
2014,USA,Gasoline,Front-wheel drive,3,2360,6,255,4080,18.0,28.2
1985,USA,Gasoline,Rear-wheel drive,5,2380,6,284,4630,18.4,26.8
2011,Asia,Gasoline,Front-wheel drive,2,2170,6,234,3660,17.7,35.0
1988,Asia,Gasoline,Front-wheel drive,3,2500,6,242,4200,20.6,28.1
2005,USA,Gasoline,Rear-wheel drive,5,2400,7,296,4610,19.0,29.8
2019,Asia,Hybrid,Front-wheel drive,4,2480,7,279,4380,17.7,35.0
2010,Europe,Gasoline,Front-wheel drive,4,2320,6,236,4200,17.6,31.1
1985,Europe,Gasoline,Front-wheel drive,3,1930,6,234,3960,17.3,33.5
2021,Europe,Gasoline,Front-wheel drive,3,2220,6,251,4240,18.7,31.8
2022,Europe,Diesel,Front-wheel drive,4,2110,6,252,4130,17.5,36.5
2024,Asia,Hybrid,Front-wheel drive,2,2500,6,251,4270,19.5,37.0
2024,Europe,Diesel,Front-wheel drive,4,2070,6,250,3990,18.6,35.8
1990,USA,Hybrid,Front-wheel drive,4,2140,6,247,4220,17.3,35.1
2020,Asia,Gasoline,Front-wheel drive,3,2240,6,245,3960,17.6,30.6
2005,Europe,Hybrid,Rear-wheel drive,3,2200,6,226,4150,19.3,33.2
2013,Asia,Gasoline,Front-wheel drive,4,2510,6,260,4440,18.2,29.1
1990,Asia,Hybrid,Rear-wheel drive,2,2210,6,244,3980,17.6,36.5
2018,USA,Gasoline,Rear-wheel drive,3,2230,6,255,4600,19.7,30.3
1992,USA,Gasoline,All-wheel drive,4,2380,6,260,4660,20.0,25.3
2002,Asia,Gasoline,Rear-wheel drive,3,2260,6,246,4200,18.0,30.2
2001,Asia,Hybrid,Front-wheel drive,2,2050,6,210,3800,17.8,35.4
2010,Europe,Gasoline,Rear-wheel drive,5,2650,7,279,5040,19.1,30.9
2021,Asia,Diesel,Front-wheel drive,2,2230,6,266,4090,19.3,32.5
1978,Europe,Gasoline,Rear-wheel drive,3,2380,6,268,4340,16.8,25.4
1990,Asia,Gasoline,Front-wheel drive,2,2420,6,247,4140,20.6,26.5
1999,Europe,Gasoline,Front-wheel drive,3,2040,6,221,3970,18.3,34.6
1996,USA,Gasoline,All-wheel drive,2,2020,5,242,4040,18.1,28.6
1988,Asia,Diesel,Front-wheel drive,3,2260,7,265,4210,19.1,31.6
2013,USA,Gasoline,All-wheel drive,2,2430,7,261,4390,20.6,26.4
1976,Europe,Gasoline,Front-wheel drive,5,1880,5,,3860,19.2,30.5
1977,USA,Hybrid,All-wheel drive,4,2360,6,,4640,19.0,29.2
2001,USA,Hybrid,Front-wheel drive,3,2060,6,221,4150,17.5,33.2
1995,USA,Diesel,Front-wheel drive,3,1900,5,248,3790,17.5,29.9
2016,USA,Gasoline,All-wheel drive,5,2220,6,263,4620,19.1,32.6
2007,USA,Diesel,Rear-wheel drive,3,2150,6,266,4380,20.1,29.4
1981,Asia,Gasoline,Front-wheel drive,5,2480,6,249,4330,19.1,28.9
2023,Europe,Gasoline,Rear-wheel drive,5,2510,7,262,4650,18.8,27.7
2022,Asia,Hybrid,Rear-wheel drive,2,2640,7,272,4740,21.6,31.8
1996,Europe,Gasoline,Front-wheel drive,3,2470,6,264,4480,20.1,29.8
1986,USA,Gasoline,Front-wheel drive,2,2140,6,249,4050,16.9,29.0
1979,Europe,Diesel,Front-wheel drive,5,2760,7,295,4760,19.7,27.2
2003,Europe,Diesel,Front-wheel drive,5,2210,6,257,4350,17.0,33.7
1993,Asia,Gasoline,Front-wheel drive,5,1990,6,218,4230,18.9,34.9
2011,USA,Gasoline,Front-wheel drive,4,2370,6,284,4280,19.0,30.8
2004,Europe,Diesel,Front-wheel drive,2,1920,6,240,3680,18.1,32.6
1977,Asia,Diesel,All-wheel drive,4,2260,7,278,4330,20.8,27.6
1975,USA,Hybrid,Front-wheel drive,4,2190,6,255,4220,18.4,30.2
1990,Asia,Gasoline,Rear-wheel drive,4,2220,6,258,4350,19.9,28.2
2001,Europe,Gasoline,Rear-wheel drive,4,2440,6,255,4320,18.0,28.0
1997,Europe,Gasoline,Front-wheel drive,4,2340,6,263,4500,17.9,29.6
1978,USA,Gasoline,Front-wheel drive,3,2350,6,286,4190,17.5,26.0
2003,USA,Gasoline,Front-wheel drive,2,2390,6,255,4270,16.1,26.1
2014,Asia,Gasoline,All-wheel drive,2,2140,6,232,4210,19.9,28.4
1988,Asia,Diesel,All-wheel drive,2,2280,6,257,4330,19.0,29.4
1992,Asia,Gasoline,Front-wheel drive,4,2210,7,253,4050,21.3,30.3
2015,USA,Gasoline,Front-wheel drive,4,2310,6,271,4220,19.3,31.6
2006,USA,Diesel,Front-wheel drive,2,2340,6,259,4000,17.4,35.1
2005,Asia,Diesel,Rear-wheel drive,3,2340,6,243,4040,16.7,29.2
1979,Asia,Diesel,Rear-wheel drive,4,1970,5,245,3900,18.6,31.5
1986,Asia,Gasoline,Rear-wheel drive,5,2250,5,242,4200,19.4,29.4
2021,USA,Hybrid,Rear-wheel drive,3,1780,5,209,3700,18.1,36.2
2009,USA,Gasoline,Front-wheel drive,3,2530,7,275,4800,18.3,27.1
2022,Asia,Hybrid,Front-wheel drive,5,2560,6,287,4420,15.9,36.2
2008,Europe,Diesel,All-wheel drive,5,2180,6,255,4130,19.2,30.4
1984,Europe,Diesel,Front-wheel drive,3,2100,5,247,3930,20.9,28.9
1989,USA,Diesel,All-wheel drive,2,2420,6,273,4620,18.6,28.2
1979,Asia,Gasoline,All-wheel drive,5,2140,6,226,4530,17.6,25.2
2019,USA,Gasoline,Front-wheel drive,4,2250,6,278,4180,16.2,31.8
1983,Asia,Gasoline,Front-wheel drive,3,2290,6,,4140,20.0,28.6
2001,USA,Gasoline,Front-wheel drive,4,2340,6,269,4400,18.6,30.7
1996,USA,Gasoline,Front-wheel drive,4,2480,7,252,4490,19.1,30.1
1993,Asia,Diesel,Rear-wheel drive,4,1970,5,241,3710,19.6,31.0
2023,USA,Diesel,Rear-wheel drive,3,2000,6,257,4120,21.5,33.3
1981,USA,Diesel,Front-wheel drive,5,2400,6,270,4200,19.0,27.0
2004,USA,Gasoline,All-wheel drive,5,2570,7,285,4900,21.9,25.0
2000,USA,Gasoline,All-wheel drive,4,2140,6,265,4700,22.0,26.8
2000,Europe,Gasoline,Rear-wheel drive,3,2190,6,222,4330,19.8,30.1
2010,Asia,Gasoline,All-wheel drive,5,2240,6,256,4260,18.0,29.4
1980,USA,Gasoline,Front-wheel drive,3,2450,7,,4400,18.7,27.3
2005,USA,Gasoline,All-wheel drive,3,2330,7,294,4630,19.9,25.4
1978,Europe,Gasoline,Front-wheel drive,5,2090,6,256,4060,18.6,29.6
2003,USA,Diesel,Front-wheel drive,3,2400,6,261,4390,19.4,31.2
1983,Europe,Gasoline,Rear-wheel drive,2,2480,7,257,4670,20.4,27.0
1982,Europe,Gasoline,Front-wheel drive,4,2030,6,220,3850,17.9,29.7
2018,Asia,Gasoline,Front-wheel drive,4,2430,6,251,4530,18.5,33.3
1993,Europe,Gasoline,Rear-wheel drive,5,2420,7,276,4810,,25.6
2015,USA,Diesel,All-wheel drive,3,2230,6,263,4200,18.3,30.1
2012,USA,Hybrid,Rear-wheel drive,4,2480,7,282,4360,18.1,32.6
2016,USA,Gasoline,Rear-wheel drive,2,1820,6,231,3990,18.6,33.3
2000,USA,Gasoline,Rear-wheel drive,4,2390,6,258,4290,19.5,30.3
2002,USA,Gasoline,Front-wheel drive,4,2120,6,252,4070,17.7,32.5
1991,USA,Gasoline,Rear-wheel drive,2,2240,5,218,4240,19.7,27.6
2001,Asia,Gasoline,Front-wheel drive,3,2390,6,252,4390,18.4,28.5
1975,Asia,Gasoline,Rear-wheel drive,2,2260,7,253,4170,19.3,27.6
1987,USA,Diesel,Front-wheel drive,5,2310,7,292,4570,18.2,27.8
2009,Europe,Gasoline,Front-wheel drive,4,1920,6,223,4020,17.6,32.9
1976,Asia,Hybrid,Front-wheel drive,5,2280,6,,4230,19.4,31.0
2017,USA,Gasoline,Front-wheel drive,4,2150,6,244,4050,18.9,34.3
1979,USA,Gasoline,All-wheel drive,4,2540,7,284,4800,20.9,24.6
2012,USA,Gasoline,Rear-wheel drive,3,2190,6,273,4380,17.8,27.6
1982,USA,Diesel,Rear-wheel drive,5,2180,6,,4470,16.8,27.7
2000,Asia,Gasoline,Front-wheel drive,3,2260,6,239,4230,17.2,28.6
2015,Asia,Hybrid,Rear-wheel drive,2,1900,6,233,4190,19.0,36.0
1997,USA,Gasoline,Rear-wheel drive,5,2180,7,269,4430,18.7,26.6
1986,Europe,Gasoline,Front-wheel drive,4,2330,6,252,4170,,27.8
2008,USA,Gasoline,Rear-wheel drive,5,2140,6,243,4410,17.1,29.0
2023,Europe,Gasoline,All-wheel drive,4,2030,6,233,4100,19.3,32.9
2016,USA,Gasoline,Front-wheel drive,4,2390,6,257,4500,19.5,29.4
1991,Asia,Diesel,Rear-wheel drive,3,2090,6,240,4390,19.8,29.4
1993,Europe,Diesel,All-wheel drive,5,2010,6,242,4130,19.1,29.1
1986,USA,Diesel,Front-wheel drive,4,2080,6,246,3950,19.8,33.4
1988,USA,Gasoline,Front-wheel drive,5,2240,6,259,4110,18.8,28.8
2018,USA,Gasoline,All-wheel drive,3,1950,5,232,3940,20.1,34.0
2001,Europe,Gasoline,Rear-wheel drive,3,2590,6,295,4600,19.4,26.0
1988,Europe,Gasoline,Front-wheel drive,2,2440,6,263,4390,18.5,29.9
2006,USA,Gasoline,Front-wheel drive,4,2440,6,285,4620,19.1,30.2
1979,Asia,Gasoline,Front-wheel drive,3,2200,5,220,3770,17.8,27.9
1986,USA,Diesel,Rear-wheel drive,3,2200,6,253,4270,21.4,30.6
1991,USA,Diesel,All-wheel drive,4,2620,7,318,4660,20.2,26.8
1979,USA,Gasoline,All-wheel drive,4,2460,6,281,4780,19.9,22.7
1999,USA,Gasoline,Rear-wheel drive,3,2510,6,264,4920,20.0,26.4
2012,USA,Gasoline,Rear-wheel drive,3,2280,6,271,4730,19.6,26.8
2012,USA,Gasoline,Front-wheel drive,4,2030,5,244,3760,18.5,32.0
2004,USA,Gasoline,Front-wheel drive,5,2180,6,255,4230,18.6,28.5
2005,USA,Gasoline,Rear-wheel drive,3,2590,7,272,4640,18.3,27.7
2014,Asia,Diesel,Front-wheel drive,4,2240,6,253,4050,17.9,35.2
2015,USA,Gasoline,Front-wheel drive,5,2260,6,269,4160,16.5,30.8
1982,Asia,Gasoline,Rear-wheel drive,4,2020,6,,4280,18.6,29.6
1996,Europe,Hybrid,Front-wheel drive,2,2270,6,245,4090,,32.9
2017,USA,Gasoline,All-wheel drive,5,2050,6,240,4580,21.2,27.3
2018,USA,Gasoline,Front-wheel drive,2,2170,6,248,4030,18.7,29.6
1997,Europe,Gasoline,Rear-wheel drive,4,2260,6,243,4320,18.4,30.6
2015,Asia,Hybrid,Front-wheel drive,3,2540,6,267,4120,17.1,34.2
2017,Asia,Gasoline,Front-wheel drive,4,2310,6,233,4410,19.1,32.5
1982,USA,Diesel,All-wheel drive,3,2100,5,264,4270,19.4,27.0
1980,Asia,Gasoline,Front-wheel drive,4,2060,6,,4180,18.8,26.5
1980,Europe,Diesel,Front-wheel drive,5,1980,6,230,3800,18.8,31.4
2001,USA,Gasoline,All-wheel drive,5,2540,7,284,5100,19.9,26.3
1986,USA,Hybrid,Rear-wheel drive,3,2270,6,256,4230,20.2,28.0
2019,USA,Gasoline,All-wheel drive,5,2370,6,281,4700,18.6,27.7
2021,Europe,Gasoline,Rear-wheel drive,3,2250,5,235,3960,21.1,33.6
2007,Europe,Diesel,All-wheel drive,3,2300,6,273,4480,16.9,32.7
2003,Asia,Gasoline,All-wheel drive,4,2420,7,260,5160,20.9,29.8
2020,Asia,Gasoline,Rear-wheel drive,3,2360,7,259,4490,21.0,29.4
1977,USA,Gasoline,Rear-wheel drive,4,1800,6,218,3960,16.9,28.4
1979,Asia,Diesel,All-wheel drive,4,2100,6,,4060,21.0,32.7
1999,USA,Gasoline,Front-wheel drive,3,2210,6,259,4020,18.9,25.1
2021,USA,Gasoline,Rear-wheel drive,5,2170,6,259,4270,18.5,31.4
2020,Asia,Gasoline,Rear-wheel drive,3,2450,6,254,4520,18.5,30.1
1981,Europe,Gasoline,Front-wheel drive,4,2310,7,,4370,21.4,27.3
2016,Asia,Gasoline,Front-wheel drive,2,2300,6,252,3950,16.6,31.3
1985,Europe,Gasoline,All-wheel drive,3,2110,6,234,4380,20.2,27.9
1986,Europe,Gasoline,Rear-wheel drive,4,2210,6,235,4200,19.7,30.0
2010,USA,Gasoline,Rear-wheel drive,3,2050,6,239,4140,19.3,29.2
1981,USA,Diesel,Front-wheel drive,3,2700,7,321,4400,17.2,26.3
1994,USA,Gasoline,Front-wheel drive,3,2300,7,279,4230,18.3,28.2
1989,Europe,Gasoline,All-wheel drive,2,2160,6,244,4130,21.6,29.7
2015,Asia,Diesel,Rear-wheel drive,4,2130,5,239,4180,18.8,34.3
1988,Europe,Hybrid,Front-wheel drive,4,2520,6,259,4310,19.6,32.6
2015,USA,Hybrid,All-wheel drive,2,2580,7,297,4880,20.1,28.5
2001,USA,Hybrid,All-wheel drive,4,2550,7,296,5070,18.9,29.1
2005,Asia,Gasoline,All-wheel drive,2,2180,6,246,4420,17.6,29.8
2019,Europe,Diesel,All-wheel drive,3,2260,6,,4250,18.3,32.3
2020,USA,Gasoline,Front-wheel drive,2,2120,6,250,3990,20.1,34.3
1993,Asia,Gasoline,Rear-wheel drive,5,2350,6,236,4490,19.8,26.3
2004,Europe,Gasoline,All-wheel drive,3,2150,6,240,4220,19.8,31.8
2022,Asia,Gasoline,Rear-wheel drive,4,2150,5,230,4210,20.2,32.5
1996,Asia,Diesel,Front-wheel drive,5,2290,6,250,4300,18.9,30.9
1996,USA,Gasoline,Rear-wheel drive,5,2510,7,288,4630,19.4,26.1
2009,Asia,Gasoline,Front-wheel drive,5,2420,6,237,4430,19.9,30.2
1987,USA,Gasoline,Rear-wheel drive,3,2540,7,280,4590,19.7,24.7
1996,USA,Gasoline,Rear-wheel drive,4,2390,6,298,4530,18.1,24.9
2003,Asia,Diesel,Front-wheel drive,4,2010,6,228,3940,20.4,37.2
2010,Asia,Diesel,Front-wheel drive,5,2390,6,279,4290,18.7,35.6
2015,Asia,Gasoline,Front-wheel drive,4,2160,6,241,4060,18.0,34.6
1975,Asia,Gasoline,Front-wheel drive,5,2210,6,235,4090,20.2,29.3
1998,Asia,Diesel,Front-wheel drive,5,2190,6,246,4460,18.2,31.1
2014,USA,Hybrid,Front-wheel drive,5,2150,6,226,4340,16.2,36.3
2014,Europe,Gasoline,Rear-wheel drive,3,2260,6,235,4230,17.1,31.5
1996,Europe,Gasoline,All-wheel drive,3,2100,5,230,3890,19.5,30.4
2007,USA,Gasoline,Front-wheel drive,2,2180,6,250,4200,17.4,31.3
1998,Asia,Gasoline,Front-wheel drive,3,2230,6,238,4360,20.5,32.0
1994,USA,Gasoline,Front-wheel drive,4,2580,7,302,4880,19.8,26.9
1992,Asia,Gasoline,Front-wheel drive,3,2060,6,225,4150,18.4,29.7
2012,Asia,Gasoline,Front-wheel drive,3,2440,6,258,4550,18.2,29.1
1987,USA,Gasoline,Front-wheel drive,5,2330,6,286,4390,18.0,28.1
1978,Asia,Gasoline,Front-wheel drive,2,2130,6,243,3930,19.3,30.1
1999,USA,Diesel,Front-wheel drive,3,2180,6,245,4170,17.4,31.7
2018,Europe,Gasoline,All-wheel drive,4,2270,6,212,4660,21.3,30.9
1978,Europe,Gasoline,Rear-wheel drive,3,2180,6,243,4100,19.1,25.5
2001,USA,Gasoline,Front-wheel drive,2,2230,6,,4030,18.9,28.8
2007,Europe,Gasoline,Front-wheel drive,2,2430,6,267,4210,17.1,32.1
1984,Asia,Gasoline,All-wheel drive,2,1890,5,228,3490,19.0,30.5
1979,Asia,Hybrid,Front-wheel drive,3,2310,6,,4060,19.6,32.2
1982,Europe,Hybrid,Front-wheel drive,4,2150,6,214,4140,20.0,35.7
1980,Europe,Diesel,Rear-wheel drive,3,2240,6,,4250,20.8,32.9
2013,USA,Gasoline,Front-wheel drive,3,2520,6,287,4320,17.2,30.6
1990,USA,Gasoline,Front-wheel drive,4,2460,6,263,4240,17.1,27.2
1998,Europe,Gasoline,Front-wheel drive,4,2440,7,233,4450,,29.7
1991,Asia,Hybrid,Front-wheel drive,3,1590,5,174,3480,19.9,34.8
1999,Europe,Gasoline,Front-wheel drive,3,2230,6,251,4140,19.4,30.7
1975,Europe,Diesel,Front-wheel drive,4,2040,5,244,3720,17.3,32.2
1987,Asia,Gasoline,Front-wheel drive,4,2280,6,233,4300,18.7,25.5
1990,USA,Diesel,Front-wheel drive,2,2430,6,284,4270,17.2,30.7
2022,Asia,Diesel,Rear-wheel drive,2,2300,6,260,4820,18.7,33.0
2022,USA,Gasoline,Front-wheel drive,3,2160,6,226,4190,19.0,33.0
1980,Europe,Gasoline,Rear-wheel drive,4,2320,6,260,4070,18.4,26.0
2013,Asia,Gasoline,Front-wheel drive,3,2370,6,,4180,16.4,31.7
2021,USA,Diesel,Rear-wheel drive,4,2590,7,299,4880,19.2,29.3
1996,Asia,Gasoline,Front-wheel drive,4,2170,6,219,4240,21.1,31.3
2005,USA,Diesel,Front-wheel drive,4,2320,6,258,4200,18.3,35.6
2005,USA,Gasoline,Front-wheel drive,2,2150,6,251,4150,19.0,29.3
2020,Asia,Gasoline,Front-wheel drive,3,2210,5,259,3800,18.6,31.0
1997,Asia,Gasoline,All-wheel drive,2,2210,6,250,4200,20.9,31.0
2000,Europe,Gasoline,All-wheel drive,3,2460,7,255,4840,20.1,26.2
1994,USA,Gasoline,Front-wheel drive,4,2340,6,268,4470,20.8,27.3
2009,USA,Gasoline,Rear-wheel drive,3,2490,7,261,4710,20.4,27.3
2017,USA,Gasoline,Front-wheel drive,2,2220,6,233,4060,18.4,31.0
1997,USA,Gasoline,Front-wheel drive,2,2510,6,292,4500,19.0,27.7
1982,Asia,Gasoline,Front-wheel drive,4,2240,6,229,4240,19.6,24.4
2016,USA,Gasoline,Rear-wheel drive,2,2100,6,259,4300,16.2,27.4
1992,Europe,Gasoline,Front-wheel drive,2,2220,6,230,4180,19.3,29.8
1981,Asia,Gasoline,Front-wheel drive,4,2140,6,252,3770,19.8,31.5
1993,USA,Diesel,Rear-wheel drive,3,2370,6,283,4360,19.5,30.9
1982,Asia,Gasoline,Front-wheel drive,5,2580,7,246,4700,22.7,28.3
2006,Europe,Diesel,Front-wheel drive,5,2080,5,236,4010,,33.9
2004,Asia,Diesel,All-wheel drive,3,2520,6,255,4600,20.1,30.0
1986,USA,Diesel,Front-wheel drive,5,2370,7,292,4330,18.6,29.0
1976,USA,Gasoline,All-wheel drive,4,2500,7,275,4710,17.8,24.1
1977,USA,Gasoline,Front-wheel drive,4,2320,6,263,4210,18.9,27.0
2013,Asia,Gasoline,Front-wheel drive,2,2210,6,230,4190,19.9,30.4
1980,Asia,Gasoline,Front-wheel drive,3,2410,6,,4230,19.1,29.5
1992,USA,Gasoline,All-wheel drive,4,2000,6,224,4380,21.8,29.1
2020,USA,Gasoline,Front-wheel drive,3,2330,6,256,4610,18.4,32.6
2013,Asia,Gasoline,Front-wheel drive,3,2350,7,246,4390,17.3,31.0
2016,USA,Gasoline,Front-wheel drive,2,2160,6,244,4170,18.4,32.3
2005,USA,Diesel,Front-wheel drive,4,2150,6,260,4370,19.7,30.1
2008,USA,Gasoline,Front-wheel drive,2,2190,6,259,3890,17.6,29.8
2019,Asia,Gasoline,Front-wheel drive,4,2570,7,269,4440,17.6,32.0
1995,USA,Gasoline,Rear-wheel drive,3,2170,6,247,4140,19.0,29.4
2023,USA,Hybrid,Rear-wheel drive,2,2470,6,293,4300,16.5,30.9
2023,Europe,Hybrid,Front-wheel drive,5,2430,6,268,4440,18.8,36.2
1994,USA,Gasoline,Front-wheel drive,3,2670,7,297,4650,19.0,28.7
2003,Asia,Gasoline,Rear-wheel drive,4,2480,6,263,4520,17.3,27.7
1992,Asia,Gasoline,All-wheel drive,3,2350,6,253,4600,18.7,27.5
2016,USA,Gasoline,All-wheel drive,2,2200,6,243,4340,19.0,31.4
2009,USA,Gasoline,Front-wheel drive,3,2510,7,279,4260,19.7,26.7
2016,Europe,Gasoline,Front-wheel drive,5,2380,6,253,4100,18.5,32.1
1986,USA,Hybrid,Rear-wheel drive,3,2250,6,261,4340,19.0,27.6
1995,USA,Hybrid,Rear-wheel drive,5,2210,6,253,4430,19.1,30.4
1981,Asia,Gasoline,Rear-wheel drive,2,2530,7,280,4440,18.3,22.7
1980,USA,Gasoline,Front-wheel drive,4,2550,6,,4650,18.8,26.8
2003,Europe,Diesel,All-wheel drive,4,2240,6,262,4240,18.1,33.0
1976,Asia,Gasoline,All-wheel drive,4,2530,7,300,4560,18.8,26.9
1999,Asia,Gasoline,Front-wheel drive,2,2310,6,266,4100,17.8,31.2
2019,Asia,Gasoline,Rear-wheel drive,5,2330,7,260,4550,18.2,31.9
1986,USA,Gasoline,Front-wheel drive,4,2040,6,216,4180,19.9,30.0
2021,Asia,Gasoline,Front-wheel drive,4,2210,6,242,4090,18.0,31.2
1988,Asia,Gasoline,Front-wheel drive,3,2270,6,255,4140,17.6,30.5
2005,Europe,Diesel,Rear-wheel drive,2,2180,5,241,3990,17.0,32.6
1977,Europe,Diesel,Rear-wheel drive,4,2400,6,,4270,18.1,30.5
2013,Asia,Gasoline,Front-wheel drive,4,2300,6,229,3840,16.9,29.6
1995,USA,Gasoline,Front-wheel drive,4,2390,7,267,4690,20.2,28.9
2008,Asia,Gasoline,Front-wheel drive,4,2290,6,247,4420,18.1,28.5
1989,Europe,Gasoline,Front-wheel drive,3,1990,6,222,3960,20.8,30.9
1998,USA,Hybrid,All-wheel drive,5,2250,6,256,4720,18.3,32.7
2014,Europe,Gasoline,All-wheel drive,3,2620,6,259,4590,18.8,28.4
1984,Europe,Gasoline,Front-wheel drive,5,2120,6,230,3970,17.6,31.1
2008,Europe,Gasoline,Front-wheel drive,2,1840,5,197,3690,19.7,33.6
2020,Asia,Gasoline,Front-wheel drive,3,2210,6,252,4380,18.7,32.2
2015,Asia,Gasoline,Front-wheel drive,5,2320,6,262,4200,16.9,31.9
1976,USA,Diesel,Rear-wheel drive,5,2320,6,260,4510,19.1,29.3
2018,USA,Gasoline,Front-wheel drive,5,2350,6,259,4400,19.0,31.1
2011,Europe,Gasoline,All-wheel drive,3,2180,6,228,4550,19.0,32.0
1997,USA,Gasoline,Front-wheel drive,3,2370,6,277,4200,17.4,24.9
1985,Europe,Gasoline,Front-wheel drive,4,2290,6,246,3910,18.8,31.2
2021,Europe,Diesel,Front-wheel drive,4,2620,7,307,4690,17.2,33.1
1998,USA,Gasoline,Front-wheel drive,3,2190,5,240,4190,19.0,29.3
1978,Europe,Gasoline,Rear-wheel drive,3,2400,7,,4050,20.0,27.8
1989,Asia,Gasoline,Front-wheel drive,4,2140,6,234,4130,18.4,29.5
2021,Asia,Gasoline,Front-wheel drive,3,2170,6,246,3970,18.9,34.2
2014,USA,Gasoline,All-wheel drive,3,2110,6,247,4370,21.4,28.6
2024,Asia,Gasoline,Rear-wheel drive,2,2130,6,237,4020,16.6,32.4
1981,Europe,Gasoline,Front-wheel drive,4,2100,6,,4060,20.2,28.3
1998,Asia,Gasoline,Front-wheel drive,5,2280,6,241,4440,18.0,28.0
1995,Europe,Gasoline,Rear-wheel drive,4,1970,5,219,4150,19.2,30.5
2015,USA,Gasoline,All-wheel drive,4,2060,5,226,4460,20.9,28.7
1991,Asia,Hybrid,Rear-wheel drive,4,1930,6,222,3920,17.4,36.0
1997,USA,Gasoline,Front-wheel drive,4,1850,5,198,3790,19.7,28.8
2001,Europe,Gasoline,Front-wheel drive,4,2470,6,282,4480,18.7,27.7
1997,Asia,Gasoline,Front-wheel drive,5,2300,6,,4150,19.9,30.6
2008,Europe,Gasoline,Front-wheel drive,2,1980,6,219,4000,19.1,30.9
1987,USA,Gasoline,All-wheel drive,3,2320,6,266,4400,17.9,25.6
2004,Europe,Diesel,Rear-wheel drive,4,2300,7,285,4300,18.6,30.5
2021,Europe,Gasoline,Front-wheel drive,5,2310,6,251,4340,18.7,28.6
1987,USA,Gasoline,All-wheel drive,2,1970,5,240,4220,18.0,24.6
2024,Asia,Gasoline,Front-wheel drive,4,2400,6,260,4340,17.8,35.0
2012,USA,Gasoline,All-wheel drive,5,2340,6,269,4810,19.6,26.7
2020,Europe,Gasoline,Front-wheel drive,5,2670,7,289,4690,17.6,28.4
2006,USA,Hybrid,Front-wheel drive,5,2420,7,279,4770,19.2,32.2
1980,Europe,Gasoline,Front-wheel drive,3,2250,6,252,4190,,28.0
1996,Europe,Gasoline,Rear-wheel drive,5,2210,6,264,4410,19.3,29.5
2007,USA,Gasoline,Rear-wheel drive,4,2270,7,271,4690,20.0,28.8
2023,Europe,Gasoline,All-wheel drive,3,2460,7,274,4330,18.6,33.3
1994,USA,Gasoline,Front-wheel drive,3,2190,6,250,4380,19.6,28.1
1998,USA,Gasoline,Front-wheel drive,4,2300,6,247,4470,19.0,27.6
2017,Europe,Gasoline,Front-wheel drive,5,2310,6,253,4230,18.0,31.9
2017,USA,Gasoline,Rear-wheel drive,4,2510,7,279,4670,16.3,28.6
2009,Europe,Gasoline,Rear-wheel drive,2,2030,5,202,4040,18.1,32.8
2001,USA,Gasoline,Rear-wheel drive,5,2250,6,251,4400,18.7,30.3
1986,Asia,Gasoline,Rear-wheel drive,3,2310,6,245,4390,18.0,29.6
1999,USA,Gasoline,Front-wheel drive,5,2060,5,242,4150,17.5,26.2
1985,USA,Gasoline,Front-wheel drive,3,2330,6,266,4130,17.8,24.1
1993,Europe,Hybrid,Front-wheel drive,4,2190,6,237,3990,18.7,34.6
1983,USA,Diesel,All-wheel drive,4,2480,6,275,4590,20.5,27.8
2012,Europe,Diesel,Front-wheel drive,3,2000,6,226,3820,,32.5
2024,Europe,Gasoline,Front-wheel drive,5,2170,6,231,4010,,30.4
2004,Asia,Gasoline,Front-wheel drive,3,2270,6,246,3970,18.1,34.0
2023,USA,Gasoline,Rear-wheel drive,2,2220,6,258,4390,18.4,33.2
2011,Europe,Gasoline,Front-wheel drive,5,2370,6,266,4480,16.8,28.0
2019,USA,Hybrid,Front-wheel drive,4,2240,7,264,4290,18.5,31.1
2009,USA,Diesel,Front-wheel drive,2,2260,6,267,4150,19.4,31.0
1985,Asia,Diesel,Front-wheel drive,2,2400,7,294,4440,18.8,27.5
1997,Europe,Gasoline,Front-wheel drive,5,2610,7,286,4740,20.3,26.9
2002,USA,Gasoline,Front-wheel drive,4,2430,6,278,4500,18.8,28.1
1979,USA,Diesel,Front-wheel drive,4,2310,6,288,4210,15.5,26.6
2008,USA,Gasoline,All-wheel drive,2,2470,6,277,4750,18.7,29.5
1990,Asia,Diesel,All-wheel drive,3,2580,7,266,4810,17.3,26.1
1995,USA,Gasoline,Front-wheel drive,4,2280,6,252,4320,18.9,31.4
1999,USA,Diesel,All-wheel drive,3,1830,6,227,3970,20.8,31.0
1985,USA,Gasoline,All-wheel drive,5,2110,6,231,4540,21.1,27.1
1990,Europe,Gasoline,All-wheel drive,3,2210,6,258,4470,,29.2
2017,Asia,Gasoline,Front-wheel drive,3,2110,6,,4020,19.1,35.3
2006,Europe,Diesel,Front-wheel drive,3,2530,6,255,4180,17.0,29.9
2023,USA,Gasoline,Front-wheel drive,3,2110,6,241,4340,18.4,31.8
1998,USA,Hybrid,All-wheel drive,4,2540,6,258,4630,21.6,30.3
2023,USA,Diesel,All-wheel drive,4,2270,6,271,4590,20.3,29.2
1980,Asia,Gasoline,Front-wheel drive,3,2590,7,276,4240,18.1,27.0
2021,Asia,Gasoline,Front-wheel drive,3,2060,5,212,3770,19.4,36.2
1997,USA,Gasoline,All-wheel drive,4,2060,5,239,4100,19.0,31.0
1987,Europe,Gasoline,Rear-wheel drive,3,2320,6,258,4070,,27.6
2008,Europe,Gasoline,Front-wheel drive,4,2040,6,237,4030,19.2,32.6
1988,Asia,Diesel,Front-wheel drive,4,1990,5,238,4050,18.2,29.2
1990,USA,Gasoline,Rear-wheel drive,4,2550,6,285,4570,20.6,22.8
2004,Asia,Gasoline,Rear-wheel drive,2,2360,6,242,4140,17.7,29.8
2022,Europe,Gasoline,Front-wheel drive,2,2180,6,226,4010,19.7,33.2
1980,USA,Diesel,Front-wheel drive,2,2560,6,287,4310,18.9,29.6
1981,Asia,Gasoline,Front-wheel drive,3,2010,6,220,4110,20.2,30.1
2013,Asia,Gasoline,Front-wheel drive,3,2160,6,242,3930,17.5,32.3
1984,USA,Gasoline,Front-wheel drive,4,2230,6,252,4390,17.6,30.2
1992,USA,Gasoline,Front-wheel drive,5,2110,7,263,4380,18.8,25.7
1976,USA,Gasoline,Front-wheel drive,3,2380,6,277,4330,18.4,24.7
2019,USA,Gasoline,Front-wheel drive,3,2250,6,265,4190,19.9,30.0
1976,Asia,Gasoline,Front-wheel drive,3,2500,6,,4480,18.3,26.6
2018,USA,Gasoline,Front-wheel drive,5,2080,6,226,4260,19.2,31.1
2007,USA,Gasoline,Front-wheel drive,4,2240,6,250,4210,19.2,31.2
2023,Asia,Gasoline,Rear-wheel drive,3,2030,5,228,4220,19.8,32.3
1991,Asia,Gasoline,Front-wheel drive,5,2350,6,215,4290,19.5,31.7
1987,USA,Diesel,All-wheel drive,2,2450,6,290,4450,19.7,24.8
1992,USA,Diesel,Rear-wheel drive,4,2470,7,307,4450,19.5,29.7
2021,USA,Gasoline,Front-wheel drive,3,2300,6,251,4220,17.1,34.4
1990,Europe,Gasoline,Front-wheel drive,4,2290,6,242,4350,20.6,27.5
2003,Asia,Diesel,All-wheel drive,4,2270,6,251,4440,18.0,31.6
2018,USA,Gasoline,Rear-wheel drive,5,2160,6,245,4360,22.5,31.0
1984,USA,Gasoline,Front-wheel drive,5,2520,7,,4590,18.3,27.2
1984,Asia,Gasoline,Front-wheel drive,3,2240,6,,4290,18.6,29.7
1993,USA,Gasoline,Front-wheel drive,2,2300,6,257,4220,18.7,29.2
2017,Europe,Diesel,All-wheel drive,3,2500,7,284,4770,18.6,30.6
2015,Asia,Gasoline,Rear-wheel drive,3,2440,6,259,4350,16.8,28.4
2022,USA,Diesel,Front-wheel drive,4,2060,6,242,4280,18.4,33.8
2010,Asia,Hybrid,Front-wheel drive,3,1830,5,193,3690,16.5,36.1
2024,USA,Diesel,Front-wheel drive,4,2270,6,299,4200,16.6,32.5
2003,USA,Gasoline,All-wheel drive,4,2260,6,246,4290,21.4,28.0
2016,USA,Diesel,Front-wheel drive,3,2390,6,285,4350,14.7,30.9
1984,Europe,Gasoline,Rear-wheel drive,4,2220,6,228,4370,19.8,31.0
1987,Europe,Gasoline,Front-wheel drive,3,2310,7,263,4150,18.5,28.0
2020,Asia,Gasoline,Front-wheel drive,4,2440,7,277,4530,20.1,29.6
1995,Asia,Gasoline,Rear-wheel drive,3,2270,6,248,4390,20.9,27.0
1977,Asia,Gasoline,Front-wheel drive,3,1910,5,212,3910,17.8,30.0
2004,USA,Diesel,All-wheel drive,3,2410,7,280,4890,19.7,27.3
1996,USA,Gasoline,Rear-wheel drive,4,1870,5,223,4060,17.4,27.5
2009,Asia,Gasoline,Front-wheel drive,3,1910,5,211,3620,18.7,34.0
2009,Europe,Diesel,Front-wheel drive,3,2540,7,272,4270,18.6,30.1
2003,Europe,Diesel,Front-wheel drive,5,2260,6,264,4090,16.9,31.8
1989,USA,Gasoline,Front-wheel drive,4,2040,5,236,4150,20.0,27.9
2005,USA,Gasoline,All-wheel drive,5,2020,6,240,4460,18.1,29.1
2000,USA,Gasoline,Front-wheel drive,3,2360,6,252,4300,19.0,27.4
1999,Europe,Gasoline,Rear-wheel drive,3,2350,6,243,4260,19.7,26.8
1979,USA,Gasoline,All-wheel drive,3,2370,7,,4430,20.0,23.3
2005,USA,Hybrid,All-wheel drive,3,2210,6,257,4300,21.2,32.6
2007,Asia,Hybrid,Rear-wheel drive,3,2190,5,229,4000,19.6,34.8
1997,Europe,Gasoline,All-wheel drive,3,2400,6,240,4330,19.4,27.1
2020,USA,Gasoline,Front-wheel drive,4,2300,6,266,4290,18.8,27.5
1986,USA,Gasoline,Rear-wheel drive,4,2630,7,291,4690,20.5,25.5
2009,Europe,Gasoline,Front-wheel drive,5,2250,6,251,4450,,31.9
1975,USA,Gasoline,Front-wheel drive,4,2470,6,,4530,19.0,22.2
2021,Asia,Gasoline,All-wheel drive,5,2390,6,252,4590,21.2,30.4
2006,Europe,Gasoline,Rear-wheel drive,5,2590,7,271,4860,17.5,25.8
1983,Asia,Gasoline,All-wheel drive,3,1930,6,233,3980,16.5,27.6
1979,Asia,Diesel,Rear-wheel drive,4,2180,6,239,4500,20.1,33.0
1989,Asia,Diesel,Front-wheel drive,2,1940,5,207,3860,17.3,35.3
2012,USA,Diesel,All-wheel drive,4,2080,6,270,4180,19.4,30.4
2005,USA,Gasoline,Front-wheel drive,5,2070,6,240,4060,20.6,28.1
2021,Asia,Gasoline,All-wheel drive,3,2440,6,258,4520,18.6,29.6
2020,USA,Diesel,Front-wheel drive,3,2560,6,296,4300,17.1,34.4
2006,USA,Diesel,Front-wheel drive,5,2080,6,277,4060,19.7,32.2
1979,USA,Gasoline,Front-wheel drive,3,2180,6,,4050,18.8,27.6
1978,Europe,Hybrid,Front-wheel drive,5,2130,6,,4260,18.7,33.4
2010,Asia,Gasoline,Front-wheel drive,3,1910,5,221,3710,17.9,35.7
1999,USA,Gasoline,Rear-wheel drive,4,2340,6,260,4800,19.1,28.5
2018,Europe,Gasoline,All-wheel drive,4,2480,7,247,4760,19.3,29.1
2020,Asia,Gasoline,Front-wheel drive,4,1920,6,221,3870,18.1,32.3
2017,Europe,Gasoline,Front-wheel drive,3,2430,6,262,4440,,32.1
1995,Europe,Gasoline,Front-wheel drive,3,2310,6,269,4360,18.8,29.8
1988,Asia,Hybrid,Front-wheel drive,5,2130,6,224,3880,17.7,36.4
1988,USA,Gasoline,Rear-wheel drive,3,2400,6,280,4220,20.0,24.7
1975,USA,Diesel,Rear-wheel drive,2,2540,7,296,4650,19.9,26.9
2021,USA,Gasoline,Rear-wheel drive,3,2330,6,282,4480,18.7,29.3
1990,Europe,Diesel,Rear-wheel drive,3,2180,6,272,4040,,31.2
1978,USA,Gasoline,Front-wheel drive,4,2060,6,,4050,17.4,23.6
1987,USA,Diesel,Rear-wheel drive,3,2700,7,314,4780,19.3,31.2
1991,Asia,Gasoline,All-wheel drive,2,2170,6,229,4100,17.0,27.9
1983,Europe,Diesel,All-wheel drive,2,2100,6,232,4400,21.2,25.1
2009,Asia,Diesel,All-wheel drive,4,1820,5,236,4060,17.5,36.1
2012,Europe,Gasoline,Rear-wheel drive,3,2290,6,261,4010,,29.3
2001,USA,Gasoline,All-wheel drive,2,2170,6,253,4440,18.1,30.0
1999,USA,Gasoline,Front-wheel drive,2,2170,6,254,4150,18.1,31.4
2012,USA,Gasoline,All-wheel drive,2,2520,6,282,4630,17.5,29.4
2017,USA,Hybrid,All-wheel drive,2,2390,6,265,4310,17.7,31.4
2008,USA,Diesel,Front-wheel drive,2,2250,6,266,4090,18.4,32.1
2000,Asia,Gasoline,Rear-wheel drive,4,2030,5,226,4100,20.9,29.7
2001,Europe,Gasoline,Rear-wheel drive,4,2340,6,243,4300,,31.9
2004,Europe,Gasoline,Rear-wheel drive,2,2010,6,227,4130,17.0,31.5
1976,Asia,Gasoline,Front-wheel drive,3,2200,6,,4160,18.5,28.7
2017,Asia,Gasoline,Rear-wheel drive,4,2300,6,260,4330,18.8,33.6
2005,Asia,Gasoline,Front-wheel drive,2,2300,6,264,4290,19.4,31.7
1983,Europe,Gasoline,Front-wheel drive,4,2130,6,246,3910,19.5,31.2
1982,Asia,Diesel,Front-wheel drive,2,2300,6,,4350,19.7,32.3
2003,Asia,Gasoline,Front-wheel drive,4,2290,6,247,4090,18.6,27.4
2016,Europe,Gasoline,Front-wheel drive,4,2300,6,272,4270,20.0,31.9
1997,Europe,Gasoline,Front-wheel drive,4,2330,6,268,4370,,27.7
1999,Europe,Gasoline,Rear-wheel drive,3,2470,7,262,4580,18.5,30.5
2011,USA,Diesel,Front-wheel drive,5,2340,6,278,4540,20.5,30.6
2016,Europe,Diesel,All-wheel drive,2,2300,6,289,4620,18.5,31.2
2011,Asia,Gasoline,Front-wheel drive,5,2120,6,229,4040,21.1,29.3
2022,USA,Gasoline,Rear-wheel drive,4,2280,6,265,4370,18.9,29.6
1998,USA,Gasoline,All-wheel drive,3,2270,6,264,4270,17.0,28.6
1993,Asia,Hybrid,All-wheel drive,3,2300,6,244,4280,19.6,33.6
2010,Europe,Diesel,Front-wheel drive,3,2320,6,267,4010,17.0,35.7
2015,Europe,Diesel,All-wheel drive,4,2120,6,261,4350,19.0,31.6
1978,Europe,Diesel,Front-wheel drive,5,2040,6,239,3990,21.1,30.7
2014,USA,Gasoline,Front-wheel drive,3,2190,6,247,3810,17.9,29.9
2017,Europe,Hybrid,All-wheel drive,4,2090,6,221,4190,20.1,36.8
1995,Asia,Gasoline,Front-wheel drive,2,1810,5,,3640,19.2,32.7
2014,USA,Diesel,Rear-wheel drive,2,2440,6,266,4150,20.4,29.1
2018,Asia,Gasoline,Front-wheel drive,4,2000,5,205,4040,19.0,36.5
1999,Europe,Hybrid,All-wheel drive,2,2300,7,245,4190,20.3,32.2
2017,USA,Gasoline,Rear-wheel drive,2,2370,7,286,4420,17.6,31.1
1984,Asia,Diesel,All-wheel drive,4,2390,6,251,4440,18.9,30.2
1989,USA,Gasoline,Front-wheel drive,4,2160,6,247,4430,20.0,25.0
1980,USA,Gasoline,Front-wheel drive,4,2100,5,,4340,19.3,28.2
1995,Asia,Diesel,Front-wheel drive,4,2340,6,245,4200,18.3,31.2
1995,Europe,Gasoline,Rear-wheel drive,3,2300,6,257,4330,16.2,30.7
2024,USA,Diesel,Front-wheel drive,2,2400,6,286,4220,17.9,31.5
1978,Asia,Hybrid,Rear-wheel drive,5,2490,6,,4830,20.4,29.4
2001,USA,Diesel,Front-wheel drive,5,2180,6,253,4260,19.5,30.4
2004,Europe,Hybrid,Front-wheel drive,4,1870,6,211,4050,20.6,35.1
1976,USA,Gasoline,All-wheel drive,3,2480,7,,4600,19.8,27.3
2018,Asia,Gasoline,Front-wheel drive,2,2290,6,250,3970,18.0,31.4
1988,USA,Diesel,Front-wheel drive,4,2240,6,276,4320,19.1,28.9
2009,Asia,Gasoline,Rear-wheel drive,4,2040,6,209,4200,19.9,32.1
1988,USA,Gasoline,Front-wheel drive,3,2010,6,238,4000,18.6,25.8
2016,USA,Diesel,Front-wheel drive,2,2180,6,274,3970,15.5,30.4
1977,Asia,Gasoline,Front-wheel drive,2,1940,5,,3640,16.5,31.3
1980,Asia,Diesel,Front-wheel drive,5,2270,6,255,4270,20.7,28.5
1996,Asia,Hybrid,All-wheel drive,2,2530,6,262,4330,19.1,31.8
1981,USA,Diesel,Front-wheel drive,3,2420,6,,4300,19.7,28.9
2010,USA,Gasoline,Front-wheel drive,5,2350,6,271,4290,18.1,26.8
1999,USA,Gasoline,Front-wheel drive,3,2480,6,270,4250,17.9,26.9
2015,Asia,Gasoline,Front-wheel drive,3,2390,6,267,3990,16.1,30.0
2017,Europe,Gasoline,Front-wheel drive,3,2330,6,267,4060,17.8,30.2
1996,USA,Gasoline,Front-wheel drive,5,2240,5,234,4120,21.3,31.5
1984,USA,Gasoline,Front-wheel drive,4,2480,6,279,4660,21.0,25.2
2006,Asia,Gasoline,Rear-wheel drive,3,2140,6,243,3840,18.3,29.5
1997,Asia,Gasoline,Front-wheel drive,2,2550,6,259,4670,18.0,24.5
1988,USA,Gasoline,Front-wheel drive,2,2080,5,233,3970,20.3,31.0
1977,Asia,Hybrid,Front-wheel drive,5,2260,6,,4280,22.6,30.3
1993,Europe,Gasoline,Front-wheel drive,4,2320,6,264,4300,16.2,28.2
2020,USA,Gasoline,Rear-wheel drive,5,1850,6,203,4130,19.9,33.8
2016,USA,Gasoline,Rear-wheel drive,4,2270,6,251,4510,20.7,29.6
1987,USA,Gasoline,Front-wheel drive,4,1980,5,253,3870,19.7,27.5
1999,Europe,Gasoline,All-wheel drive,3,2090,5,236,4340,20.9,28.1
2015,Europe,Gasoline,Front-wheel drive,4,2320,6,260,3850,,35.0
2007,USA,Gasoline,Front-wheel drive,3,2420,6,253,4650,18.2,27.8
2023,USA,Gasoline,Front-wheel drive,3,2720,7,303,4310,16.6,27.8
2015,USA,Diesel,Front-wheel drive,2,2210,6,273,4310,18.0,32.8
1995,USA,Gasoline,All-wheel drive,3,2460,7,278,4970,19.6,23.0
2006,Asia,Gasoline,Front-wheel drive,5,2370,6,249,4480,19.0,29.7
1995,Europe,Gasoline,Front-wheel drive,5,2090,6,237,4260,18.9,28.4
2021,Asia,Diesel,Front-wheel drive,4,2380,7,272,4350,19.7,33.8
1987,USA,Gasoline,Front-wheel drive,3,2220,7,279,4250,17.6,26.6
2018,USA,Hybrid,Front-wheel drive,3,2430,6,277,4600,21.3,35.4
1990,Asia,Gasoline,Front-wheel drive,3,2330,6,283,4160,19.6,29.5
2002,Europe,Gasoline,Front-wheel drive,2,1930,5,209,3770,17.9,29.8
1980,Europe,Diesel,Rear-wheel drive,3,2240,6,242,4260,18.4,30.4
1998,USA,Gasoline,Front-wheel drive,2,2230,6,256,4060,17.2,29.7
2010,Asia,Gasoline,Front-wheel drive,2,2340,6,263,4200,18.9,32.2
2005,Europe,Gasoline,All-wheel drive,5,2550,7,243,4720,18.9,31.3
1984,Europe,Hybrid,Front-wheel drive,2,2290,6,,3820,15.7,33.7
1996,Asia,Gasoline,Rear-wheel drive,3,2170,6,220,3990,21.1,30.6
1996,USA,Diesel,Rear-wheel drive,4,2130,6,244,4410,19.8,28.6
1995,Europe,Gasoline,Front-wheel drive,4,2300,6,246,4210,21.0,29.6
2018,USA,Gasoline,Front-wheel drive,3,2450,6,286,4280,19.3,28.7
1991,USA,Gasoline,Rear-wheel drive,2,2250,6,248,4280,19.0,26.1
1994,USA,Diesel,Front-wheel drive,3,2290,6,280,3990,18.9,30.5
2021,Europe,Gasoline,Front-wheel drive,3,2210,6,244,3830,18.5,33.6
2010,USA,Gasoline,Front-wheel drive,3,1780,5,203,3860,19.4,31.2
2005,USA,Gasoline,Rear-wheel drive,5,2460,7,297,5020,18.6,23.0
1993,USA,Gasoline,Front-wheel drive,3,1890,5,227,4180,21.3,28.0
1994,USA,Hybrid,Rear-wheel drive,3,2080,7,249,4230,18.8,30.5
2012,USA,Gasoline,Front-wheel drive,4,1940,5,241,4130,19.4,28.4
1998,USA,Hybrid,Rear-wheel drive,3,2190,6,270,4410,15.8,31.1
1986,USA,Gasoline,Front-wheel drive,2,2030,5,212,4030,20.6,26.2
2023,USA,Gasoline,Front-wheel drive,4,2250,6,259,4110,20.2,32.6
1976,Europe,Gasoline,Front-wheel drive,5,2400,6,269,4320,19.2,28.1
1991,Europe,Gasoline,Front-wheel drive,4,2100,6,222,4110,,32.2
1984,USA,Gasoline,All-wheel drive,5,2300,6,261,4490,19.5,26.7
1984,Asia,Gasoline,Front-wheel drive,3,2330,6,248,3980,20.6,28.1
1990,Asia,Diesel,Rear-wheel drive,3,2090,6,239,4010,18.1,31.0
1993,Asia,Gasoline,Front-wheel drive,3,2130,6,243,4160,19.8,31.2
2000,Europe,Diesel,Front-wheel drive,3,2090,5,211,3370,19.4,32.6
1997,Asia,Diesel,Rear-wheel drive,4,2380,6,267,4880,19.3,30.3
2022,Europe,Gasoline,Front-wheel drive,3,2310,7,258,4290,20.7,30.8
1987,Asia,Gasoline,All-wheel drive,2,2360,6,252,4400,17.7,25.7
2009,Europe,Gasoline,Rear-wheel drive,5,2390,6,248,4090,17.3,25.4
1990,USA,Gasoline,Rear-wheel drive,3,2680,7,295,4810,19.3,24.6
1977,USA,Gasoline,Front-wheel drive,2,2310,6,258,4300,19.0,24.5
1986,Europe,Gasoline,Rear-wheel drive,5,2360,6,271,4660,19.3,25.7
2012,Europe,Gasoline,Front-wheel drive,3,2450,6,279,4130,17.4,29.0
2003,Asia,Gasoline,Rear-wheel drive,3,1810,5,201,3930,17.5,29.9
1993,Europe,Gasoline,Rear-wheel drive,4,2560,7,286,4830,19.7,28.0
2016,Asia,Diesel,Rear-wheel drive,4,2040,5,253,3980,19.2,35.0
2021,Asia,Hybrid,Front-wheel drive,4,2280,6,256,4330,18.9,37.1
2017,USA,Gasoline,Front-wheel drive,4,2480,6,276,4330,18.2,28.2
1977,Asia,Gasoline,All-wheel drive,4,2290,6,,4340,19.9,24.3
1990,Europe,Diesel,All-wheel drive,2,2450,7,261,4580,19.7,28.3
1983,Asia,Gasoline,Rear-wheel drive,2,2230,6,244,4310,18.0,29.9
2004,USA,Hybrid,Front-wheel drive,4,2170,6,267,4190,18.0,33.1
1985,Europe,Hybrid,Front-wheel drive,5,2250,6,241,4100,20.7,30.0
2003,Asia,Diesel,Rear-wheel drive,4,2240,6,260,4230,20.4,32.6
1993,USA,Diesel,Rear-wheel drive,4,2410,6,282,4450,18.2,31.8
2022,Europe,Diesel,Rear-wheel drive,4,2480,7,282,4510,17.9,31.6
2003,USA,Gasoline,Front-wheel drive,2,2050,6,231,3970,18.9,34.6
1976,Asia,Gasoline,Rear-wheel drive,5,2140,6,243,4420,19.1,25.5
2019,Europe,Gasoline,Front-wheel drive,4,2730,6,282,4840,19.4,30.7
1993,USA,Gasoline,Front-wheel drive,3,2110,6,235,4290,20.7,25.6
1998,Europe,Gasoline,Front-wheel drive,2,2190,5,247,3940,,31.6
1994,Europe,Gasoline,Rear-wheel drive,3,2240,6,246,4140,19.6,31.4
2012,Asia,Gasoline,All-wheel drive,4,2140,6,251,4160,18.5,30.2
1986,Europe,Diesel,Rear-wheel drive,2,2660,7,297,4690,,28.8
2001,Asia,Gasoline,All-wheel drive,3,2270,6,236,4330,18.0,30.2
2005,USA,Gasoline,Front-wheel drive,4,2080,6,234,4210,18.9,28.2
1997,Asia,Gasoline,Rear-wheel drive,4,2210,6,233,4340,21.5,30.6
1979,USA,Gasoline,Front-wheel drive,4,2340,7,,4380,19.3,25.4
1992,USA,Gasoline,All-wheel drive,2,2080,6,252,4350,19.2,28.7
2015,Asia,Gasoline,Front-wheel drive,2,2390,7,282,4090,17.6,30.9
1985,USA,Gasoline,Front-wheel drive,4,2270,6,277,4330,19.0,27.4
2008,USA,Diesel,Front-wheel drive,2,2080,6,251,4160,17.7,32.5
1982,USA,Diesel,All-wheel drive,3,2030,5,,4080,20.1,28.7
1975,Asia,Gasoline,Front-wheel drive,3,2010,6,239,4180,19.4,27.6
2005,Asia,Hybrid,Rear-wheel drive,3,2340,6,239,4370,18.5,32.8
2023,Europe,Gasoline,Front-wheel drive,3,2310,6,221,4300,17.7,31.3
2001,USA,Gasoline,Front-wheel drive,5,2240,6,256,4270,18.6,28.4
1999,USA,Gasoline,Rear-wheel drive,3,2180,6,259,4440,16.8,26.3
1992,Asia,Hybrid,All-wheel drive,3,2360,7,266,4770,17.4,31.6
2001,Asia,Gasoline,Front-wheel drive,3,2230,6,229,4270,17.5,33.0
2013,Europe,Gasoline,Rear-wheel drive,2,2190,7,255,4440,18.5,31.9
1996,Asia,Diesel,Front-wheel drive,4,2010,5,225,3980,19.4,33.3
2022,Asia,Gasoline,All-wheel drive,3,2590,6,256,4840,18.4,30.5
2005,Europe,Hybrid,Rear-wheel drive,4,2480,6,234,4250,17.8,33.2
1999,USA,Gasoline,Front-wheel drive,3,2690,7,305,4880,18.9,28.7
2013,Asia,Gasoline,Rear-wheel drive,3,2290,6,252,4310,18.6,26.5
2019,Europe,Gasoline,Front-wheel drive,5,2150,6,251,4480,19.1,31.0
2022,USA,Gasoline,All-wheel drive,4,2080,6,248,4680,19.5,30.0
2007,USA,Gasoline,Front-wheel drive,2,2010,5,234,3930,19.2,32.2
2023,Europe,Gasoline,Front-wheel drive,2,2490,7,280,4660,,29.9
1995,Europe,Gasoline,All-wheel drive,4,2280,5,220,4410,18.9,27.6
1985,Europe,Hybrid,Rear-wheel drive,3,2260,6,,4250,18.4,33.8
1989,USA,Gasoline,All-wheel drive,3,2200,6,239,4090,20.4,27.0
1987,USA,Gasoline,Rear-wheel drive,2,2070,5,244,4230,19.4,26.9
1982,Europe,Hybrid,Rear-wheel drive,3,2340,6,,4420,19.7,30.7
1984,Asia,Gasoline,All-wheel drive,4,2130,6,236,4480,20.2,27.3
2004,Asia,Diesel,Front-wheel drive,5,2260,6,254,4390,20.3,34.4
2000,Asia,Gasoline,Front-wheel drive,4,2260,6,230,4040,20.5,32.6
2013,Europe,Gasoline,Rear-wheel drive,5,2300,6,250,4270,18.0,29.4
2008,Europe,Gasoline,Front-wheel drive,4,2460,6,252,4340,19.9,28.5
1981,USA,Gasoline,Rear-wheel drive,5,2250,6,272,4260,18.8,27.5
1995,USA,Gasoline,Front-wheel drive,3,2590,7,295,4640,19.7,26.0
1979,Europe,Gasoline,Front-wheel drive,3,2080,6,226,3760,18.5,29.8
1986,Europe,Diesel,All-wheel drive,4,2300,7,304,4530,20.2,31.1
2021,Asia,Diesel,Rear-wheel drive,5,2090,6,230,4610,19.1,30.2
2018,Asia,Gasoline,All-wheel drive,3,2260,6,263,4150,18.8,30.1
2011,USA,Diesel,Front-wheel drive,3,2360,6,283,4520,19.5,29.0
1975,Asia,Gasoline,Front-wheel drive,5,2280,6,,4580,21.9,23.9
2022,Europe,Gasoline,Rear-wheel drive,4,2490,6,279,4450,17.9,31.3
1992,USA,Diesel,Front-wheel drive,2,2390,7,268,4410,18.9,32.4
2000,USA,Diesel,Front-wheel drive,3,2350,6,262,4180,20.5,31.5
2021,USA,Diesel,All-wheel drive,4,2120,6,267,4570,17.7,32.5
1994,USA,Gasoline,Front-wheel drive,3,2180,6,252,4230,19.9,26.2
1981,Europe,Hybrid,Front-wheel drive,4,2280,5,237,3960,18.3,31.1
1988,Asia,Gasoline,All-wheel drive,2,2470,6,264,4460,18.5,25.7
2015,Asia,Gasoline,Rear-wheel drive,3,2130,6,239,4190,17.7,28.8
2017,USA,Gasoline,Rear-wheel drive,3,2550,6,267,4740,21.9,27.9
2011,USA,Diesel,All-wheel drive,2,2340,6,287,4450,18.8,29.9
1989,Asia,Gasoline,All-wheel drive,4,2380,6,236,4660,20.4,27.9
2023,USA,Diesel,Front-wheel drive,4,2180,6,254,4460,17.8,33.8
1984,Asia,Gasoline,Rear-wheel drive,4,2280,6,232,4250,19.5,28.9
1998,Europe,Hybrid,Front-wheel drive,4,1990,5,223,3930,18.1,33.9
2021,Asia,Gasoline,All-wheel drive,4,2040,5,223,3970,18.2,32.4
1978,Asia,Gasoline,Front-wheel drive,3,2450,7,274,4290,18.7,28.1
2024,USA,Gasoline,All-wheel drive,4,2500,6,271,4760,21.0,29.1
2004,USA,Gasoline,Front-wheel drive,3,2220,6,268,4360,17.3,31.0
1982,USA,Gasoline,Front-wheel drive,4,2370,7,290,4610,18.0,25.6
1981,USA,Gasoline,All-wheel drive,4,2270,6,251,4530,20.3,22.7
2008,Europe,Gasoline,Front-wheel drive,2,1940,5,226,3910,,32.7
1979,Europe,Hybrid,Front-wheel drive,2,2180,6,249,3970,18.5,32.5
1980,Asia,Gasoline,Rear-wheel drive,4,2320,6,,4230,21.1,28.2
2020,Europe,Gasoline,Front-wheel drive,5,2390,6,263,4370,19.7,32.8
2009,Europe,Gasoline,Rear-wheel drive,3,2480,6,268,4660,17.5,28.1
1980,USA,Gasoline,All-wheel drive,4,2220,7,,4410,19.9,29.4
1992,USA,Gasoline,Front-wheel drive,2,2560,6,276,4520,18.9,25.6
2023,USA,Gasoline,All-wheel drive,4,2100,6,239,4360,18.7,31.8
1978,USA,Gasoline,Front-wheel drive,3,2130,6,249,4010,17.9,30.7
1997,Asia,Gasoline,Front-wheel drive,3,2390,6,256,4100,18.1,31.0
2012,USA,Gasoline,Front-wheel drive,2,2480,6,275,4090,17.9,29.7
1987,Europe,Gasoline,Front-wheel drive,3,2160,6,239,4050,18.5,31.3
2015,USA,Gasoline,Front-wheel drive,5,2490,7,,4300,18.4,29.1
1981,Asia,Gasoline,All-wheel drive,5,2280,6,238,4520,21.0,26.2
2011,USA,Gasoline,All-wheel drive,3,2280,6,245,4580,20.8,28.6
1995,Europe,Diesel,Front-wheel drive,4,2460,6,271,4240,18.6,29.4
1993,USA,Gasoline,Front-wheel drive,3,2050,6,241,3730,20.1,32.8
2012,Europe,Gasoline,Rear-wheel drive,2,2080,6,216,4080,19.6,31.9
2016,Asia,Gasoline,Rear-wheel drive,4,2000,5,216,3990,16.8,33.5
1996,Asia,Gasoline,Rear-wheel drive,2,1920,6,231,3990,20.2,32.8
1976,USA,Gasoline,All-wheel drive,4,2410,7,280,4840,19.3,21.7
1994,Asia,Hybrid,Front-wheel drive,5,1690,5,200,3580,18.3,37.3
2009,USA,Gasoline,Rear-wheel drive,3,2340,5,247,4520,19.6,29.1
1989,Asia,Gasoline,Front-wheel drive,2,2040,5,188,3900,20.9,31.5
1992,Europe,Hybrid,Rear-wheel drive,3,2470,6,256,4110,19.4,32.2
1990,USA,Diesel,All-wheel drive,4,2060,6,260,4430,20.2,30.0
1982,USA,Gasoline,Front-wheel drive,4,2430,6,273,4410,18.0,26.1
2014,Asia,Gasoline,Rear-wheel drive,3,2320,6,244,4130,17.5,29.2
2013,USA,Gasoline,Front-wheel drive,3,2050,6,229,4270,17.3,30.9
2010,USA,Gasoline,Front-wheel drive,3,2220,6,254,4140,18.8,30.6
2009,USA,Diesel,All-wheel drive,4,2210,6,263,4940,18.8,29.7
1976,USA,Gasoline,Rear-wheel drive,3,2090,6,,4280,16.9,28.1
1996,USA,Gasoline,Rear-wheel drive,4,2240,6,266,4360,20.1,26.9
2019,USA,Gasoline,All-wheel drive,3,2080,6,254,4380,20.6,29.5
1980,Europe,Hybrid,All-wheel drive,5,2120,6,,4320,21.1,29.0
1975,Europe,Gasoline,Rear-wheel drive,5,2280,6,237,4340,18.9,25.3
2022,Europe,Diesel,Front-wheel drive,4,1880,5,228,3820,19.5,38.2
2021,Europe,Gasoline,Rear-wheel drive,4,2280,6,228,4310,19.6,32.1
2002,USA,Gasoline,Front-wheel drive,4,2100,6,252,3990,18.0,29.2
2000,USA,Diesel,Front-wheel drive,3,2030,5,239,3850,18.7,31.0
2008,Europe,Gasoline,All-wheel drive,2,2050,5,230,4200,18.1,29.9
1981,Asia,Gasoline,Rear-wheel drive,4,2460,6,267,4580,19.6,25.4
1984,USA,Diesel,Front-wheel drive,3,2600,7,307,4700,19.5,28.3
2004,USA,Gasoline,Front-wheel drive,3,2280,6,255,4400,17.2,31.6
2018,Europe,Diesel,Front-wheel drive,4,2170,6,260,3910,18.9,36.2
2013,USA,Diesel,Front-wheel drive,3,2550,7,297,4550,18.0,33.0
1990,Europe,Gasoline,Front-wheel drive,2,2380,7,270,4770,17.8,26.3
1998,Europe,Gasoline,Front-wheel drive,3,2410,6,274,4220,18.6,30.7
2022,Asia,Gasoline,Front-wheel drive,4,1980,5,233,4060,18.9,32.9
1983,Asia,Gasoline,Front-wheel drive,3,3020,8,334,5200,19.6,25.1
1986,Asia,Gasoline,Front-wheel drive,5,2240,6,251,4540,20.6,31.6
1994,USA,Gasoline,Rear-wheel drive,4,2360,7,259,4450,19.6,23.0
1985,Asia,Gasoline,Rear-wheel drive,3,2310,6,,4300,19.5,26.5
2011,Asia,Gasoline,Front-wheel drive,2,2030,6,206,3910,18.6,34.3
1991,Europe,Gasoline,All-wheel drive,3,2190,6,248,4320,20.1,27.2
2005,Europe,Gasoline,Rear-wheel drive,4,2020,5,219,3870,18.7,30.0
1981,Asia,Gasoline,Front-wheel drive,5,2110,6,,3930,20.7,32.6
2011,USA,Diesel,Front-wheel drive,2,2400,6,268,4490,19.6,32.4
1992,USA,Gasoline,Front-wheel drive,2,1990,6,239,4110,20.2,26.6
1980,Europe,Gasoline,Front-wheel drive,4,2120,6,232,4020,20.5,26.4
2009,Asia,Hybrid,Front-wheel drive,5,2440,6,233,4390,19.9,33.9
2023,Asia,Gasoline,Front-wheel drive,2,2090,5,226,3690,18.5,35.4
2018,USA,Gasoline,Front-wheel drive,4,2320,6,254,4460,20.2,30.9
1994,Asia,Gasoline,All-wheel drive,3,2180,6,233,4550,18.2,33.7
1984,Asia,Gasoline,Front-wheel drive,3,2430,7,,4340,17.7,27.9
1997,Europe,Gasoline,Rear-wheel drive,3,2650,7,,4700,19.0,26.5
2012,Europe,Gasoline,Front-wheel drive,3,2130,6,232,3900,18.5,34.5
2000,Europe,Gasoline,Rear-wheel drive,4,2310,6,237,4390,20.7,27.6
2003,Asia,Gasoline,Front-wheel drive,4,2430,6,266,4160,18.9,33.6
2022,Europe,Gasoline,Front-wheel drive,5,2460,6,278,4450,18.4,30.4
2018,USA,Gasoline,Front-wheel drive,4,1940,5,202,3730,18.9,33.3
1996,Europe,Gasoline,Front-wheel drive,4,2150,6,214,4080,18.9,31.0
1978,Europe,Diesel,Front-wheel drive,4,2280,6,249,4350,21.2,29.9
1983,Asia,Gasoline,Front-wheel drive,3,2190,6,234,4040,15.9,29.8
1997,Asia,Diesel,All-wheel drive,4,2560,7,308,4740,18.9,30.0
2019,USA,Gasoline,Front-wheel drive,3,2140,6,269,4180,18.1,30.1
2009,USA,Diesel,Rear-wheel drive,4,2160,6,269,4590,19.6,30.9
1981,USA,Gasoline,Rear-wheel drive,3,2390,6,254,4700,21.3,28.1
1984,Europe,Diesel,Front-wheel drive,2,2280,6,247,3890,19.5,30.7
1976,Asia,Gasoline,All-wheel drive,5,2670,7,,4900,19.5,21.3
1986,USA,Gasoline,Front-wheel drive,3,2330,6,251,4260,18.0,26.7
2020,Europe,Diesel,Front-wheel drive,4,1970,6,252,3840,18.8,35.8
2010,Asia,Gasoline,Front-wheel drive,4,2210,6,235,4200,17.5,32.2
2006,USA,Gasoline,All-wheel drive,5,2330,6,280,4570,20.0,29.8
1992,Asia,Gasoline,All-wheel drive,3,2250,6,253,4120,17.2,29.5
2022,Asia,Gasoline,Front-wheel drive,4,2400,6,250,4390,18.4,31.8
1986,Europe,Gasoline,All-wheel drive,2,2480,7,273,4840,20.6,25.3
1982,Asia,Gasoline,Front-wheel drive,3,2200,6,248,4060,18.6,29.7
2014,USA,Gasoline,All-wheel drive,3,2430,6,258,4610,17.8,31.3
1996,USA,Gasoline,Front-wheel drive,2,2300,6,268,4170,20.3,29.4
2005,USA,Diesel,Front-wheel drive,5,2220,6,258,4300,18.8,30.2
1994,Europe,Gasoline,Rear-wheel drive,3,2440,6,275,4520,20.1,31.7
2017,USA,Gasoline,Front-wheel drive,3,2230,6,243,4260,18.5,31.9
1995,Asia,Gasoline,Front-wheel drive,3,2430,7,261,4630,20.1,28.4
2022,Asia,Gasoline,Front-wheel drive,4,1890,5,219,3860,19.1,30.6
1997,USA,Diesel,All-wheel drive,3,2480,7,305,4600,19.4,30.2
2001,Europe,Gasoline,Front-wheel drive,4,2280,6,265,4070,17.6,32.1
1982,USA,Gasoline,Front-wheel drive,3,2510,6,280,4560,18.0,25.8
1992,USA,Gasoline,Rear-wheel drive,3,2390,7,281,4610,18.7,27.4
2011,USA,Diesel,Rear-wheel drive,4,2290,6,255,4510,19.9,28.1
2016,USA,Diesel,Rear-wheel drive,5,2340,6,247,4720,20.8,31.9
2012,USA,Hybrid,Rear-wheel drive,5,2490,7,289,4700,21.2,33.2
2001,Europe,Gasoline,Rear-wheel drive,3,2190,6,239,4120,17.5,31.4
2013,USA,Gasoline,Front-wheel drive,3,1940,5,226,3900,19.3,28.6
1975,Asia,Gasoline,All-wheel drive,2,1880,5,,4080,18.7,28.2
2021,USA,Gasoline,Front-wheel drive,5,1990,5,241,4130,16.9,32.1
2007,Europe,Diesel,Front-wheel drive,4,2130,6,250,4020,19.5,35.5
1982,Asia,Gasoline,Front-wheel drive,4,2220,6,228,3950,17.2,30.1
1993,Asia,Diesel,Rear-wheel drive,4,2270,6,252,4330,18.3,27.5
1977,USA,Gasoline,Front-wheel drive,5,2300,6,,4400,20.1,26.1
1980,Asia,Gasoline,Front-wheel drive,4,1910,5,200,4180,19.3,30.5
1986,USA,Gasoline,Front-wheel drive,5,2540,7,276,4640,20.4,24.7
1992,Europe,Gasoline,Front-wheel drive,2,2200,6,230,3950,19.3,28.4
1979,USA,Gasoline,All-wheel drive,4,2170,5,232,4300,17.4,26.9
2000,USA,Gasoline,All-wheel drive,3,2210,6,260,4200,16.5,28.4
2000,Asia,Gasoline,All-wheel drive,4,2160,6,231,4180,18.4,25.5
1993,USA,Hybrid,Front-wheel drive,2,2430,6,278,4360,19.9,33.3
2016,Asia,Gasoline,Front-wheel drive,3,2380,6,274,4200,16.4,31.0
1995,Europe,Gasoline,Rear-wheel drive,3,2330,7,265,4480,18.9,27.4
2010,Europe,Hybrid,Front-wheel drive,3,2270,6,248,4180,18.5,36.1
1981,Asia,Gasoline,All-wheel drive,3,2120,5,,4010,16.6,28.0
2004,Europe,Gasoline,Front-wheel drive,4,2170,6,265,4090,18.2,30.4
2012,Asia,Gasoline,Front-wheel drive,3,2180,6,266,4170,17.0,31.6
2007,Europe,Gasoline,Front-wheel drive,5,2440,6,269,4640,19.2,31.1
2018,USA,Gasoline,Front-wheel drive,3,2190,6,248,4080,18.8,28.1
2019,USA,Gasoline,Front-wheel drive,5,2270,6,270,4430,18.7,29.4
2014,USA,Diesel,Rear-wheel drive,2,2640,6,297,4330,19.6,30.0
1983,USA,Gasoline,Front-wheel drive,4,2480,6,282,4380,20.3,25.5
2021,Asia,Gasoline,Front-wheel drive,5,2340,7,273,4440,18.9,30.7
1999,Asia,Gasoline,Front-wheel drive,4,2210,6,231,4220,19.2,29.5
2008,Asia,Gasoline,Front-wheel drive,3,2470,6,245,4360,17.9,29.8
2023,Asia,Gasoline,All-wheel drive,3,2190,6,224,4190,19.8,32.0
1984,USA,Gasoline,Front-wheel drive,4,2010,6,249,4220,19.0,25.3
1992,USA,Gasoline,Front-wheel drive,2,2570,6,287,4460,20.6,28.7
1975,USA,Diesel,Front-wheel drive,3,2150,5,267,4170,18.1,27.2
2006,USA,Gasoline,Front-wheel drive,4,2440,6,274,4430,17.8,27.0
2008,Asia,Gasoline,All-wheel drive,2,2330,6,255,4250,19.4,27.1
1983,USA,Gasoline,Front-wheel drive,3,2580,7,301,4280,19.1,27.6
1984,USA,Gasoline,Front-wheel drive,2,2310,6,260,4010,19.7,28.9
1988,USA,Gasoline,Front-wheel drive,2,2420,6,249,4360,20.0,29.1
2019,Asia,Diesel,Front-wheel drive,5,2370,7,269,4540,18.8,35.5
2000,Asia,Diesel,All-wheel drive,5,2370,6,250,4670,18.2,31.8
1995,USA,Gasoline,Rear-wheel drive,4,2180,5,247,4270,20.1,28.8
2006,USA,Gasoline,Front-wheel drive,2,2230,6,258,3950,18.1,29.6
1998,Europe,Gasoline,Rear-wheel drive,3,2020,5,224,4030,18.8,28.7
1990,USA,Gasoline,All-wheel drive,4,2390,6,265,4790,21.1,26.5
2014,Europe,Diesel,Front-wheel drive,3,2310,6,264,4300,18.6,31.7
1995,USA,Gasoline,Front-wheel drive,2,2480,7,284,4520,17.6,27.2
1997,USA,Gasoline,All-wheel drive,3,2260,6,249,4620,21.7,27.3
1977,USA,Gasoline,Front-wheel drive,5,2300,6,,4250,20.2,24.9
1989,Europe,Gasoline,Front-wheel drive,3,2160,6,254,4030,19.2,31.3
2021,Asia,Gasoline,Rear-wheel drive,5,2250,6,256,4670,19.9,31.2
2004,USA,Gasoline,Front-wheel drive,4,2050,6,257,4020,17.3,31.2
1986,Europe,Gasoline,Rear-wheel drive,3,2740,7,296,4420,19.4,26.8
2009,Asia,Diesel,Front-wheel drive,2,2360,7,262,4000,18.3,35.6
1990,Asia,Gasoline,Rear-wheel drive,2,2410,7,250,4390,20.9,25.8
1985,USA,Gasoline,Front-wheel drive,5,2420,6,291,4360,16.8,29.5
1982,USA,Gasoline,Front-wheel drive,4,2100,5,238,4140,18.2,30.3
1993,USA,Diesel,Rear-wheel drive,4,2510,7,281,4580,18.3,29.5
2011,USA,Hybrid,Front-wheel drive,2,2330,6,266,4320,19.9,33.2
1995,Asia,Hybrid,Front-wheel drive,4,1890,5,229,3810,19.8,34.8
1980,Asia,Diesel,Rear-wheel drive,4,2320,6,288,4280,19.6,28.7
1996,USA,Gasoline,Rear-wheel drive,4,1970,6,231,4130,22.0,29.5
1990,USA,Gasoline,All-wheel drive,4,2650,7,309,5080,18.0,22.3
2011,USA,Hybrid,Front-wheel drive,4,2200,6,273,4440,19.9,33.2
2003,Europe,Gasoline,All-wheel drive,4,2220,6,225,4450,19.8,28.4
2008,Asia,Gasoline,Front-wheel drive,4,1930,5,203,3700,17.6,32.5
2016,Asia,Hybrid,Rear-wheel drive,2,2110,6,202,4140,18.7,33.6
2000,Europe,Gasoline,Rear-wheel drive,4,2260,6,239,4420,18.8,32.4
1994,Asia,Gasoline,Front-wheel drive,3,2340,6,271,3850,19.3,31.8
1985,Asia,Gasoline,Front-wheel drive,4,2270,6,246,4190,19.4,30.8
1988,Europe,Gasoline,All-wheel drive,3,1860,5,206,4020,17.9,27.6
2006,USA,Gasoline,All-wheel drive,4,2180,6,236,4370,18.8,27.6
1985,Europe,Gasoline,Front-wheel drive,3,2080,6,221,3940,18.4,26.6
2011,USA,Diesel,Front-wheel drive,2,2290,6,275,4330,19.2,26.8
1996,USA,Gasoline,Rear-wheel drive,4,2110,5,240,4100,17.8,24.1
2016,USA,Gasoline,Rear-wheel drive,3,2260,6,244,4310,20.2,29.3
2017,Asia,Gasoline,Rear-wheel drive,3,2130,6,242,4340,19.5,27.2
2002,Europe,Diesel,Rear-wheel drive,2,2100,6,245,4260,18.0,30.2
1987,Europe,Gasoline,Front-wheel drive,2,1860,5,184,3440,19.3,34.7
2004,Europe,Diesel,Front-wheel drive,4,2160,6,261,4160,19.2,32.1
2015,Europe,Hybrid,Rear-wheel drive,4,2000,6,217,3920,21.7,37.2
2019,Europe,Gasoline,Rear-wheel drive,4,2430,7,259,4450,18.8,30.4
2016,USA,Diesel,Rear-wheel drive,4,1990,5,241,4000,17.1,31.6
2003,USA,Gasoline,Front-wheel drive,4,2260,6,242,4140,17.2,29.2
1996,Europe,Gasoline,Front-wheel drive,5,2270,6,249,3930,16.1,34.2
1999,Europe,Gasoline,Rear-wheel drive,2,1920,5,228,3960,18.7,28.5
2018,USA,Gasoline,All-wheel drive,3,2380,6,278,4710,18.5,27.9
2022,USA,Gasoline,Rear-wheel drive,4,2050,6,219,4210,19.9,33.4
2006,Asia,Gasoline,All-wheel drive,5,2210,6,253,4620,19.1,27.7
1991,USA,Gasoline,Front-wheel drive,2,2320,6,259,3870,17.6,31.1
2011,USA,Diesel,Rear-wheel drive,4,2200,6,283,4510,20.0,32.7
1975,Asia,Diesel,Front-wheel drive,4,2240,6,275,4330,18.3,28.6
2022,USA,Gasoline,All-wheel drive,2,2200,6,234,4690,20.2,31.8
2000,Europe,Diesel,Front-wheel drive,3,2390,6,252,4250,17.4,33.2
1978,Europe,Gasoline,Rear-wheel drive,2,2050,5,225,4220,18.6,28.2
2022,USA,Gasoline,Rear-wheel drive,3,2240,5,240,4210,19.5,29.3
2015,USA,Gasoline,Front-wheel drive,4,2050,5,224,4130,20.0,29.4
2014,Europe,Gasoline,Front-wheel drive,4,2190,6,262,4280,17.8,29.7
2012,Europe,Gasoline,All-wheel drive,3,1990,5,252,4160,,30.6
1991,Asia,Diesel,Front-wheel drive,4,2460,6,287,4300,17.5,30.7
1983,Europe,Hybrid,Front-wheel drive,4,2380,7,249,4300,19.6,30.8
1990,Asia,Gasoline,Front-wheel drive,3,2220,6,236,3800,18.0,30.3
2001,Europe,Gasoline,Front-wheel drive,3,2500,7,295,4560,18.2,30.1
1984,USA,Gasoline,All-wheel drive,3,2420,7,274,4780,20.1,24.3
1989,USA,Diesel,Front-wheel drive,2,2430,6,281,4310,19.7,29.6
1977,USA,Diesel,Front-wheel drive,3,2580,7,304,4540,20.6,27.4
1977,Asia,Gasoline,Rear-wheel drive,4,2290,6,254,4500,19.0,28.2
2019,Asia,Hybrid,Rear-wheel drive,4,2230,6,244,4530,18.4,38.8
1994,USA,Diesel,Front-wheel drive,4,2160,6,269,4090,16.4,35.0
1982,USA,Gasoline,All-wheel drive,2,1980,6,223,4210,17.5,26.3
2018,Asia,Gasoline,Front-wheel drive,3,2370,6,265,4300,19.9,31.5
1999,Asia,Diesel,All-wheel drive,4,2150,6,250,4100,19.5,28.2
1994,Asia,Gasoline,All-wheel drive,4,2310,7,249,4720,19.5,25.1
1998,Europe,Diesel,Rear-wheel drive,4,2630,7,293,4500,17.6,30.8
1984,USA,Gasoline,Front-wheel drive,3,2050,6,248,3820,17.1,28.0
1995,USA,Diesel,Front-wheel drive,4,2260,6,270,4150,19.1,32.2
2013,USA,Diesel,Front-wheel drive,3,2550,7,310,4420,18.1,32.0
2021,Asia,Diesel,Rear-wheel drive,2,2350,7,279,4270,17.2,35.0
2014,USA,Gasoline,Front-wheel drive,3,2190,5,239,4190,17.6,30.4
2022,Europe,Gasoline,Front-wheel drive,3,2420,6,254,4160,17.4,31.3
2008,USA,Gasoline,Front-wheel drive,4,2440,6,239,4150,19.9,27.9
1994,USA,Gasoline,Front-wheel drive,4,2350,6,257,4260,20.3,28.0
2014,Asia,Gasoline,Front-wheel drive,3,2140,6,241,4040,18.2,31.8
2009,Europe,Hybrid,Rear-wheel drive,4,2330,6,258,4130,18.7,36.6
1999,Asia,Gasoline,Front-wheel drive,4,2350,6,262,4380,20.5,32.7
2018,Asia,Diesel,Front-wheel drive,5,2400,7,273,4550,19.8,33.5
2009,Europe,Diesel,All-wheel drive,2,2130,5,255,4130,17.2,32.0
2003,USA,Hybrid,All-wheel drive,5,2330,6,246,4880,16.7,34.4
2016,USA,Hybrid,Rear-wheel drive,3,2170,6,230,4370,17.7,35.3
1989,Asia,Gasoline,All-wheel drive,4,2110,6,227,4050,18.4,31.1
1976,Asia,Diesel,Rear-wheel drive,5,2360,6,247,4560,17.8,28.0
1994,Europe,Gasoline,Rear-wheel drive,4,2280,6,241,4320,,28.4
1979,Asia,Gasoline,Front-wheel drive,3,2230,6,,4040,17.7,29.1
2001,Asia,Gasoline,Rear-wheel drive,4,2620,6,254,4600,18.8,26.7
1996,USA,Gasoline,Rear-wheel drive,3,2230,6,252,4050,18.6,29.2
1976,Asia,Gasoline,Rear-wheel drive,4,2380,6,235,4360,21.1,27.7
2002,USA,Diesel,Front-wheel drive,3,2300,6,253,4180,19.9,31.5
2004,USA,Gasoline,Rear-wheel drive,3,2440,6,271,4520,16.8,29.7
1976,Europe,Diesel,Front-wheel drive,3,2080,6,238,3950,17.2,30.7
2010,Asia,Gasoline,Front-wheel drive,3,2200,6,252,3920,17.3,30.7
2022,USA,Gasoline,Rear-wheel drive,5,2260,6,259,4230,17.1,30.3
2002,USA,Gasoline,All-wheel drive,3,2340,6,244,4610,19.8,25.5
1999,USA,Gasoline,Rear-wheel drive,4,2900,7,316,5050,20.0,22.1
2019,Europe,Gasoline,All-wheel drive,4,2510,7,270,4360,18.0,32.0
1990,Europe,Gasoline,Front-wheel drive,4,2330,6,259,4060,15.9,30.6
2008,Asia,Hybrid,All-wheel drive,4,2400,6,256,4320,18.2,32.8
2014,USA,Gasoline,All-wheel drive,4,2210,6,251,4690,20.2,29.1
2022,Europe,Gasoline,All-wheel drive,3,2130,6,256,4190,19.2,33.8
2014,USA,Gasoline,Front-wheel drive,4,2180,6,254,4350,19.3,28.7
2016,USA,Gasoline,Front-wheel drive,3,2210,6,253,4240,20.5,30.7
1992,Europe,Gasoline,Front-wheel drive,3,2140,6,246,3950,19.5,26.9
2004,Europe,Gasoline,Rear-wheel drive,5,2260,6,257,4430,19.5,31.2
1988,USA,Hybrid,All-wheel drive,5,2230,5,251,4560,19.2,31.4
2005,Asia,Gasoline,Front-wheel drive,4,2410,7,315,4350,15.3,31.4
1986,Europe,Gasoline,Front-wheel drive,3,2340,7,244,4290,17.8,29.6
2012,USA,Gasoline,Front-wheel drive,4,2310,6,279,4240,16.9,31.7
1999,Europe,Gasoline,Rear-wheel drive,5,2460,6,268,4490,18.4,28.2
1978,USA,Diesel,All-wheel drive,4,1920,5,250,4280,20.3,31.7
1997,USA,Gasoline,Front-wheel drive,2,2290,6,258,4080,17.4,28.1
1978,USA,Diesel,All-wheel drive,5,2510,6,293,4830,19.0,27.6
1979,Asia,Gasoline,Front-wheel drive,2,2180,6,252,3990,18.6,26.7
1998,Europe,Diesel,Rear-wheel drive,4,2300,6,269,4390,20.6,32.8
2024,Europe,Gasoline,Rear-wheel drive,5,2770,6,286,4800,19.7,28.7
1996,USA,Gasoline,Rear-wheel drive,2,2420,6,282,4350,20.2,29.0
2017,Asia,Gasoline,Front-wheel drive,5,2260,6,248,4130,18.7,34.7
1982,USA,Gasoline,Front-wheel drive,4,2280,6,258,4560,19.8,25.6
1981,Asia,Gasoline,Rear-wheel drive,2,2000,6,,3890,18.1,29.2
2018,Asia,Gasoline,Front-wheel drive,4,1970,5,217,3950,22.4,35.1
1976,Europe,Gasoline,Front-wheel drive,3,2250,6,,4190,,29.9
1988,Europe,Gasoline,Front-wheel drive,3,2380,6,253,4610,18.9,28.3
1980,USA,Gasoline,Front-wheel drive,2,2610,7,299,4450,18.2,26.9
2021,USA,Diesel,Front-wheel drive,4,2080,5,240,4320,19.4,31.0
2004,Europe,Gasoline,Front-wheel drive,5,2250,6,236,4070,18.8,28.8
2004,Asia,Gasoline,Front-wheel drive,5,2230,6,250,4320,21.3,30.6
2018,Asia,Hybrid,All-wheel drive,3,1990,6,,4250,18.4,34.7
1995,Europe,Gasoline,Rear-wheel drive,2,2020,5,252,4040,20.3,31.6
1987,Europe,Gasoline,Front-wheel drive,5,2190,6,253,4390,18.8,27.1
1997,USA,Hybrid,Rear-wheel drive,4,2230,6,244,4300,21.0,31.1
1984,USA,Gasoline,Rear-wheel drive,3,2360,6,,4320,18.5,27.7
2007,Asia,Hybrid,Rear-wheel drive,3,2350,6,256,4700,19.5,31.9
1994,Europe,Gasoline,Front-wheel drive,3,2300,6,260,4160,16.4,33.6
1999,Asia,Gasoline,All-wheel drive,2,2270,6,237,4260,19.0,30.6
2002,Asia,Diesel,Front-wheel drive,3,1880,6,211,3670,19.5,33.0
1975,Asia,Gasoline,All-wheel drive,3,2330,6,,4530,20.1,23.4
2018,Asia,Diesel,Front-wheel drive,5,2320,6,261,4420,17.7,32.4
2014,Europe,Gasoline,Front-wheel drive,4,2270,6,233,3960,18.2,30.5
1988,USA,Gasoline,Rear-wheel drive,5,3110,8,325,5460,20.4,20.5
1988,USA,Gasoline,All-wheel drive,3,2100,6,251,4220,17.2,28.8
2014,Asia,Diesel,Rear-wheel drive,2,2190,6,258,4080,19.4,33.4
2008,USA,Diesel,Front-wheel drive,4,2470,6,290,4420,19.6,27.0
1986,Asia,Gasoline,Rear-wheel drive,5,2050,6,233,4410,18.5,27.9
2012,Europe,Gasoline,Front-wheel drive,3,2150,6,223,4270,17.3,33.6
2017,USA,Diesel,Front-wheel drive,4,2290,6,271,4310,19.7,32.6
2024,Europe,Gasoline,All-wheel drive,3,2300,6,271,4470,20.3,30.3
2010,Europe,Gasoline,Front-wheel drive,4,2340,6,247,4270,18.1,29.9
1993,Europe,Diesel,Front-wheel drive,4,2300,6,252,4010,17.2,31.6
2004,Europe,Gasoline,All-wheel drive,5,2310,6,261,4590,18.3,31.2
1999,USA,Gasoline,Rear-wheel drive,3,2160,6,223,4670,19.2,29.1
2007,Asia,Gasoline,Front-wheel drive,4,2340,6,246,4170,19.8,29.0
2019,USA,Gasoline,Front-wheel drive,3,2480,7,311,4280,18.5,31.7
1978,Asia,Gasoline,Front-wheel drive,4,2460,6,,4380,18.5,25.4
1990,USA,Gasoline,Front-wheel drive,5,2430,6,271,4440,17.8,28.1
1993,USA,Gasoline,Front-wheel drive,4,2080,6,242,4250,17.6,27.0
1990,Europe,Gasoline,Front-wheel drive,3,2360,6,251,4280,21.0,29.0
1999,Europe,Gasoline,Rear-wheel drive,4,2640,7,286,4870,19.7,29.9
2011,USA,Gasoline,Front-wheel drive,2,2030,6,261,4020,17.7,28.9
2013,Asia,Gasoline,All-wheel drive,3,2210,6,231,4160,17.7,30.7
1992,USA,Gasoline,Rear-wheel drive,5,1930,6,230,4170,19.3,28.8
2005,Europe,Gasoline,Front-wheel drive,5,2050,5,238,3840,18.9,31.3
2002,USA,Gasoline,Front-wheel drive,2,2090,5,218,3810,16.8,32.3
2000,USA,Gasoline,Front-wheel drive,5,2150,6,236,4240,18.5,29.2
1982,Europe,Gasoline,All-wheel drive,3,2390,6,257,4340,18.4,29.1
1978,USA,Gasoline,Rear-wheel drive,4,2520,6,276,4840,18.9,21.8
2013,Europe,Gasoline,All-wheel drive,3,2430,6,246,4660,19.4,30.1
2015,Europe,Gasoline,Front-wheel drive,5,2100,6,230,4120,20.0,32.1
2008,Asia,Diesel,Rear-wheel drive,5,2180,5,245,4510,18.5,28.3
2017,Europe,Diesel,Front-wheel drive,4,2180,6,250,4130,19.5,34.6
1995,Europe,Hybrid,Rear-wheel drive,4,2080,6,235,4250,18.8,34.2
2010,USA,Hybrid,Front-wheel drive,4,2160,6,259,3990,19.6,34.4
2002,Asia,Gasoline,All-wheel drive,5,2530,7,266,4770,19.1,29.3
1999,Europe,Gasoline,All-wheel drive,3,2700,7,287,4630,18.7,26.1
1987,USA,Diesel,Front-wheel drive,3,2320,5,278,3960,16.9,28.1
2017,Asia,Gasoline,Front-wheel drive,5,2250,6,241,4330,20.6,31.7
1982,USA,Gasoline,Rear-wheel drive,3,2090,6,,4330,17.4,27.1
1998,Europe,Gasoline,All-wheel drive,5,1980,5,205,4210,19.5,31.1
2021,Europe,Gasoline,Rear-wheel drive,5,2340,6,263,4270,17.8,32.5
1976,USA,Diesel,Front-wheel drive,2,2300,6,270,4210,18.3,28.5
2021,Europe,Gasoline,All-wheel drive,5,2380,6,246,4490,19.6,29.3
2017,Europe,Diesel,Front-wheel drive,4,2210,6,238,4210,22.2,34.7
1975,Europe,Diesel,All-wheel drive,5,2280,6,262,4490,20.6,26.5
1998,USA,Gasoline,Front-wheel drive,4,1990,5,243,4220,19.1,26.9
1983,Asia,Gasoline,Front-wheel drive,4,2110,6,252,4220,19.3,30.5
2014,Europe,Hybrid,Rear-wheel drive,4,2390,6,248,4270,19.5,36.0
1986,USA,Hybrid,All-wheel drive,5,2410,6,267,4500,19.2,28.3
1992,Europe,Diesel,Front-wheel drive,4,2260,6,270,4240,17.9,30.3
2006,USA,Gasoline,Front-wheel drive,4,2400,7,298,4560,18.9,29.9
2004,Asia,Gasoline,Front-wheel drive,2,1860,5,195,3720,19.0,32.6
1976,Asia,Gasoline,Front-wheel drive,3,2140,5,,4260,21.7,29.2
1989,Europe,Gasoline,Front-wheel drive,2,2380,6,270,4320,18.8,28.6
2019,USA,Gasoline,Rear-wheel drive,3,1960,5,226,4120,19.8,30.2
2013,Asia,Gasoline,Rear-wheel drive,2,1930,6,240,4020,20.2,33.4
2017,Asia,Gasoline,Rear-wheel drive,5,2170,6,246,4670,19.0,32.8
1989,Asia,Gasoline,Front-wheel drive,3,2370,6,268,4180,19.6,28.7
2006,USA,Hybrid,Front-wheel drive,4,2290,6,251,4550,21.1,34.6
2007,Europe,Hybrid,Rear-wheel drive,5,1860,5,208,4070,19.0,33.2
1994,Europe,Gasoline,All-wheel drive,3,2410,6,269,4360,18.8,30.4
1989,Asia,Gasoline,All-wheel drive,4,2410,7,244,4510,17.6,26.6
1992,Europe,Diesel,Rear-wheel drive,4,2340,6,270,4290,17.9,28.8
1980,Asia,Gasoline,Front-wheel drive,3,2130,5,,4110,18.0,27.2
1982,USA,Gasoline,All-wheel drive,3,2530,6,293,4570,20.1,26.0
1989,USA,Gasoline,Rear-wheel drive,2,2210,6,262,4230,18.0,26.0
2007,Asia,Gasoline,All-wheel drive,4,2100,5,239,4460,17.2,30.9
1983,Asia,Gasoline,Rear-wheel drive,2,2020,5,219,3700,18.7,29.3
2015,USA,Gasoline,Rear-wheel drive,4,2380,6,274,4480,18.2,32.7
2002,Europe,Diesel,Front-wheel drive,3,2640,7,301,4340,17.5,30.1
2013,Asia,Gasoline,Front-wheel drive,4,2110,6,234,4150,19.8,31.6
2021,USA,Gasoline,Front-wheel drive,3,2000,5,235,3830,18.7,35.3
2021,Europe,Hybrid,Rear-wheel drive,5,2410,6,267,4400,18.4,35.3
1989,USA,Gasoline,Rear-wheel drive,3,2430,7,275,4470,16.4,25.4
1975,USA,Gasoline,All-wheel drive,3,2480,7,,4810,19.5,20.9
1992,Europe,Gasoline,Rear-wheel drive,4,2210,6,229,4270,18.5,33.5
1980,USA,Gasoline,Front-wheel drive,3,2140,6,,3760,15.5,26.3
1981,USA,Gasoline,Front-wheel drive,3,2140,6,257,3800,18.2,29.2
2014,Europe,Gasoline,Front-wheel drive,2,2550,6,260,4470,18.0,27.7
2020,Asia,Gasoline,Rear-wheel drive,3,2260,6,255,4500,20.0,30.4
2009,USA,Diesel,Front-wheel drive,4,2460,6,284,4420,19.0,30.4
2000,USA,Gasoline,Front-wheel drive,2,2360,6,269,4290,17.9,28.5
2017,USA,Gasoline,Front-wheel drive,3,1910,5,213,3910,17.2,32.2
2006,Europe,Gasoline,All-wheel drive,2,2030,5,228,3980,,32.2
2016,Europe,Diesel,All-wheel drive,4,2060,6,222,4200,20.4,35.9
1982,Europe,Gasoline,Rear-wheel drive,4,1940,5,,4080,18.2,29.7
1979,USA,Gasoline,All-wheel drive,2,2050,6,,4160,19.4,24.7
1989,USA,Gasoline,Front-wheel drive,3,1860,5,217,3730,18.1,27.3
1996,USA,Gasoline,Front-wheel drive,5,2330,6,268,4300,20.6,25.7
1996,Europe,Gasoline,Front-wheel drive,4,2490,7,292,4090,,27.5
1991,Asia,Gasoline,Front-wheel drive,5,2250,6,255,4110,20.0,28.6
1991,Europe,Gasoline,All-wheel drive,4,2290,6,245,4470,20.2,26.5
1999,Asia,Diesel,Rear-wheel drive,4,2140,6,249,4270,18.9,30.9
1988,Europe,Gasoline,All-wheel drive,4,2190,5,244,4480,,26.5
2005,Asia,Gasoline,Rear-wheel drive,4,2410,6,243,4580,19.7,27.1
1980,USA,Hybrid,Front-wheel drive,2,2160,6,253,4020,19.8,33.7
2021,USA,Gasoline,Rear-wheel drive,3,2460,6,278,4630,18.4,29.4
2008,Asia,Gasoline,Front-wheel drive,4,2350,6,,4350,18.5,30.7
2012,Europe,Hybrid,Front-wheel drive,3,2250,6,250,4120,16.6,37.1
1985,Asia,Gasoline,Front-wheel drive,3,2110,6,231,4120,17.7,31.5
2007,Asia,Gasoline,Rear-wheel drive,2,2320,6,265,4260,17.3,30.2
2011,USA,Gasoline,Rear-wheel drive,4,2100,6,258,4060,16.7,29.0
1983,USA,Diesel,Front-wheel drive,5,2190,6,275,4390,19.1,31.1
1988,Europe,Gasoline,All-wheel drive,4,2110,6,,4150,19.7,29.4
2015,Asia,Diesel,Front-wheel drive,5,1990,5,206,4010,21.1,36.3
1996,Europe,Gasoline,All-wheel drive,3,2380,6,264,4560,18.2,24.9
2001,Asia,Diesel,Rear-wheel drive,5,2140,5,234,4500,22.3,31.2
1996,USA,Diesel,All-wheel drive,4,2390,6,284,4630,20.7,29.6
1981,USA,Hybrid,Front-wheel drive,4,2370,6,,4330,19.0,29.5
2013,Europe,Gasoline,Rear-wheel drive,2,2480,6,245,4330,18.7,31.6
1987,USA,Gasoline,All-wheel drive,3,2240,6,266,4240,16.9,26.7
2010,USA,Hybrid,Front-wheel drive,5,2050,5,224,4250,17.6,36.9
2022,USA,Gasoline,Front-wheel drive,4,2220,6,245,4080,18.0,31.3
1993,USA,Diesel,Front-wheel drive,2,2070,6,256,4300,19.0,32.3
1982,USA,Gasoline,Front-wheel drive,2,2570,7,281,4250,19.9,26.7
2015,USA,Diesel,Front-wheel drive,5,2500,6,279,4550,18.1,29.5
2001,USA,Gasoline,Front-wheel drive,5,2250,6,244,4240,18.8,29.8
2014,USA,Gasoline,All-wheel drive,2,2360,6,282,4390,20.0,28.2
2010,USA,Diesel,Front-wheel drive,4,2030,5,252,4030,19.5,31.6
2011,Asia,Gasoline,Front-wheel drive,3,2020,5,226,3830,18.4,33.3
2000,Europe,Gasoline,Rear-wheel drive,2,2060,6,232,3890,16.3,30.5
1979,USA,Gasoline,All-wheel drive,3,2370,6,272,4240,19.3,24.5
2014,USA,Gasoline,All-wheel drive,4,2510,6,271,4760,19.6,28.2
2007,Europe,Diesel,Front-wheel drive,3,2140,6,229,3980,19.0,32.2
2023,Asia,Diesel,Front-wheel drive,3,1980,5,226,3840,17.9,37.2
1999,USA,Gasoline,All-wheel drive,4,2250,6,269,4420,20.1,27.8
1993,Europe,Gasoline,Rear-wheel drive,4,2660,7,270,4860,20.5,27.1
1996,USA,Gasoline,Front-wheel drive,2,2280,6,265,4330,19.3,29.5
2016,USA,Gasoline,Front-wheel drive,3,2060,6,255,3980,19.0,33.3
1997,USA,Hybrid,All-wheel drive,4,2250,6,261,4620,19.0,31.6
2012,USA,Gasoline,Front-wheel drive,4,2030,6,215,4210,19.6,29.5
2007,Asia,Diesel,Rear-wheel drive,4,2260,6,255,4470,20.2,33.0
1981,USA,Hybrid,Front-wheel drive,4,2180,6,,4480,19.1,32.7
2012,Europe,Gasoline,All-wheel drive,2,2130,6,226,4080,18.8,30.2
1984,Europe,Gasoline,Front-wheel drive,4,2290,6,253,4210,21.2,31.2
1994,USA,Diesel,Front-wheel drive,4,1730,5,228,3870,18.0,34.8
1985,Asia,Gasoline,Front-wheel drive,5,2070,6,237,3900,19.9,29.3
1978,Asia,Gasoline,All-wheel drive,4,2070,6,,4290,21.0,28.6
1992,Asia,Gasoline,Front-wheel drive,5,2300,6,249,4430,19.0,28.6
2014,USA,Gasoline,Front-wheel drive,4,2010,5,236,3780,17.4,28.4
1995,Europe,Gasoline,Rear-wheel drive,2,2680,7,281,4480,20.1,27.6
1988,Asia,Gasoline,Front-wheel drive,3,2310,7,257,4230,20.1,29.0
1990,USA,Diesel,Rear-wheel drive,3,2410,6,283,4430,18.0,31.5
2019,USA,Diesel,Rear-wheel drive,5,2140,6,273,4300,18.5,29.8
1988,Europe,Gasoline,Front-wheel drive,4,2640,7,286,4570,18.8,29.9
2024,Europe,Gasoline,Front-wheel drive,3,1980,5,242,4150,17.2,33.3
1989,Europe,Gasoline,Front-wheel drive,2,2190,6,239,3800,,27.7
1985,Asia,Gasoline,Front-wheel drive,5,2340,6,256,4170,17.6,26.4
2023,USA,Gasoline,All-wheel drive,3,2320,6,279,4250,18.6,30.0
1979,USA,Gasoline,Rear-wheel drive,2,2220,6,242,4150,20.4,26.8
2002,USA,Gasoline,Front-wheel drive,3,2090,5,219,3930,18.0,28.9
1998,USA,Gasoline,All-wheel drive,3,2430,6,281,4380,18.1,26.1
2005,USA,Gasoline,Rear-wheel drive,2,2100,5,233,4060,19.1,30.2
2006,Asia,Gasoline,Front-wheel drive,3,2380,6,246,4280,18.5,28.8
2017,USA,Diesel,Front-wheel drive,5,2240,6,283,4540,18.9,32.7
2002,Asia,Gasoline,Front-wheel drive,4,2300,6,225,4170,19.0,31.6
2010,USA,Gasoline,Rear-wheel drive,3,2370,7,275,4610,18.5,26.6
1989,USA,Gasoline,Front-wheel drive,4,2090,6,234,3880,18.3,32.2
2018,Asia,Gasoline,Front-wheel drive,3,2210,6,226,3920,18.6,33.8
2022,USA,Gasoline,Front-wheel drive,2,2220,6,255,4140,19.0,28.1
1983,Europe,Gasoline,All-wheel drive,5,2250,6,,4410,18.7,25.1
2006,USA,Diesel,All-wheel drive,3,2120,5,252,4140,19.1,30.7
1981,Europe,Hybrid,Front-wheel drive,4,2480,6,267,4460,19.5,32.2
1998,Asia,Gasoline,Rear-wheel drive,2,2510,7,282,4470,20.7,26.6
1985,Asia,Hybrid,Front-wheel drive,3,2360,6,275,4250,17.8,31.0
2000,USA,Gasoline,Rear-wheel drive,3,2140,6,241,4320,18.8,30.3
1986,Europe,Gasoline,Front-wheel drive,4,2210,6,231,4090,20.6,30.4
2010,Europe,Gasoline,Front-wheel drive,3,2310,6,238,4280,19.3,32.1
2021,Europe,Gasoline,Front-wheel drive,5,2010,6,232,3980,20.4,36.2
1979,Europe,Gasoline,All-wheel drive,4,2100,6,241,4180,18.9,27.4
2013,USA,Hybrid,Front-wheel drive,5,2220,6,258,4230,17.5,34.4
1978,Europe,Gasoline,Rear-wheel drive,3,1860,5,209,3430,20.2,30.7
2021,Asia,Gasoline,All-wheel drive,3,2360,6,252,4430,18.2,29.8
2004,Europe,Gasoline,Front-wheel drive,3,2260,6,252,4040,18.9,30.5
1991,USA,Gasoline,Rear-wheel drive,3,1970,6,252,4180,19.1,24.6
1983,USA,Gasoline,Front-wheel drive,4,2650,7,319,4930,19.8,23.8
1984,Europe,Gasoline,All-wheel drive,4,2370,6,253,4450,18.9,27.5
1984,USA,Gasoline,Rear-wheel drive,3,2580,7,287,4580,16.9,23.1
1997,USA,Gasoline,All-wheel drive,3,2250,6,267,4250,19.0,28.5
1997,USA,Diesel,Front-wheel drive,3,2500,7,307,4570,19.2,28.1
2003,USA,Diesel,Front-wheel drive,3,2400,6,268,4410,20.1,32.1
2022,Asia,Diesel,Front-wheel drive,3,2240,6,261,4150,16.3,31.8
1979,Asia,Gasoline,Front-wheel drive,3,1860,5,,3980,19.6,32.4
1993,Asia,Gasoline,Rear-wheel drive,5,2040,6,239,4080,19.0,31.7
1988,Europe,Gasoline,Front-wheel drive,4,2640,7,277,4650,19.7,27.9
1997,Asia,Gasoline,All-wheel drive,4,2010,5,228,4140,19.9,30.9
1978,Asia,Gasoline,Front-wheel drive,4,2200,6,232,4120,17.9,28.8
1977,USA,Diesel,Front-wheel drive,5,2170,6,278,4510,19.7,25.9
1999,Asia,Diesel,Rear-wheel drive,3,2290,6,253,4290,19.6,32.4
1977,USA,Diesel,All-wheel drive,4,2530,7,298,4760,20.7,25.3
2019,Asia,Gasoline,All-wheel drive,4,2330,6,253,4560,18.4,30.4
1990,Asia,Gasoline,All-wheel drive,5,2310,6,274,4500,17.6,26.9
1996,Europe,Gasoline,Front-wheel drive,5,2120,6,,4250,19.3,27.3
2001,Asia,Gasoline,Front-wheel drive,3,2190,6,227,4330,19.7,31.5
1991,USA,Gasoline,All-wheel drive,4,2250,6,265,4780,17.6,25.4
2002,Europe,Gasoline,All-wheel drive,4,2410,6,263,4670,21.6,28.4
1977,USA,Gasoline,Rear-wheel drive,5,2200,5,,4300,20.7,26.2
1989,USA,Diesel,Front-wheel drive,5,2110,6,264,4240,16.2,26.1
2017,USA,Gasoline,Front-wheel drive,4,2220,6,,4110,18.5,31.0
1998,USA,Diesel,Front-wheel drive,3,2170,6,249,4260,18.9,33.3
1996,USA,Gasoline,Front-wheel drive,4,2220,6,251,4150,19.5,30.1
2004,Asia,Hybrid,Front-wheel drive,4,2520,7,257,4520,19.7,35.2
1993,USA,Gasoline,Front-wheel drive,3,2530,7,306,4430,18.0,27.4
1995,Europe,Gasoline,Front-wheel drive,2,2330,6,236,3990,19.6,29.5
1976,Europe,Diesel,Front-wheel drive,4,2190,6,238,4060,19.5,31.4
2004,Asia,Gasoline,Rear-wheel drive,3,2330,6,251,4350,19.2,29.5
2023,Europe,Diesel,Front-wheel drive,3,2180,6,254,3960,,36.8
1992,Asia,Gasoline,Front-wheel drive,3,2310,6,252,4180,16.4,26.6
1978,USA,Diesel,All-wheel drive,3,2370,6,260,4380,19.3,26.5
2023,Europe,Gasoline,Front-wheel drive,5,2080,6,245,4110,19.4,33.2
2003,Europe,Gasoline,All-wheel drive,2,2500,6,276,4590,19.1,26.7
2010,Europe,Hybrid,Front-wheel drive,4,2220,6,226,4030,18.6,35.4
2023,USA,Hybrid,Rear-wheel drive,3,2590,6,266,4540,17.0,31.1
2000,USA,Gasoline,Front-wheel drive,3,2250,6,253,4200,20.6,32.0
2012,USA,Diesel,All-wheel drive,3,2180,6,247,4320,19.0,29.1
1992,Asia,Gasoline,All-wheel drive,4,2490,6,287,4640,20.4,25.4
2013,USA,Gasoline,Rear-wheel drive,4,2490,6,285,4850,18.9,26.5
2018,USA,Gasoline,Front-wheel drive,3,2120,5,247,4020,19.7,33.2
1975,USA,Gasoline,Front-wheel drive,2,2110,6,,4160,20.0,27.0
2016,USA,Hybrid,Front-wheel drive,4,2160,5,255,4220,17.7,34.8
2018,Asia,Gasoline,Front-wheel drive,4,2400,7,244,4370,18.6,32.5
2016,Asia,Hybrid,Front-wheel drive,3,2340,6,254,4160,19.2,35.5
1983,USA,Gasoline,Front-wheel drive,5,2160,6,243,4350,19.9,26.0
2008,Europe,Gasoline,Rear-wheel drive,2,2150,6,222,4330,19.4,35.4
2008,Asia,Gasoline,Rear-wheel drive,2,2380,6,241,4330,21.9,29.8
1989,USA,Gasoline,All-wheel drive,3,2080,6,230,4290,20.3,26.4
2008,USA,Gasoline,All-wheel drive,3,2260,6,250,4350,19.0,28.8
2016,USA,Gasoline,Front-wheel drive,4,2160,6,,4140,18.5,30.5
2007,Asia,Hybrid,Front-wheel drive,2,2090,6,239,3820,18.8,35.5
1998,Europe,Hybrid,Rear-wheel drive,4,2430,7,281,4510,16.6,30.3
1996,Asia,Diesel,Rear-wheel drive,4,2250,6,249,4340,18.7,28.4
2018,Europe,Gasoline,All-wheel drive,5,2190,5,235,4290,18.3,31.8
1992,USA,Gasoline,All-wheel drive,2,2260,6,256,4450,18.2,25.5
2012,Europe,Hybrid,Front-wheel drive,3,2240,6,260,3660,16.7,36.6
2012,USA,Gasoline,Front-wheel drive,2,2320,6,284,4140,17.4,28.0
1995,Asia,Diesel,All-wheel drive,5,2160,6,236,4460,17.7,32.9
2023,Europe,Hybrid,Front-wheel drive,3,2270,6,251,4080,,34.9
1994,USA,Gasoline,Front-wheel drive,2,2110,6,268,4010,17.8,27.8
1992,USA,Gasoline,Rear-wheel drive,5,2320,6,257,4580,19.0,27.5
2002,Asia,Gasoline,Rear-wheel drive,2,2050,6,247,3830,18.3,29.3
2015,USA,Gasoline,Front-wheel drive,2,2040,5,247,3830,17.6,30.6
2001,Asia,Gasoline,Front-wheel drive,3,2260,6,253,4080,17.6,32.1
2016,Europe,Gasoline,Front-wheel drive,2,2330,6,243,4280,18.3,29.5
1981,Asia,Gasoline,Front-wheel drive,3,2250,7,,4140,15.8,25.0
1994,Asia,Gasoline,All-wheel drive,5,2250,6,250,4420,18.7,28.2
2018,USA,Diesel,Front-wheel drive,4,2660,6,283,4640,17.2,29.8
1983,Europe,Gasoline,Rear-wheel drive,3,2290,6,,4080,20.7,27.9
2018,Europe,Gasoline,Front-wheel drive,3,2340,6,270,4480,18.9,30.2
2008,Europe,Gasoline,All-wheel drive,3,2740,7,270,4790,20.3,30.8
1993,Asia,Gasoline,Front-wheel drive,5,2290,6,240,4130,20.9,29.0
1995,USA,Gasoline,Front-wheel drive,4,2070,5,263,4290,18.6,27.5
2005,Asia,Gasoline,Front-wheel drive,3,2360,6,233,4080,18.7,31.7
1989,USA,Diesel,Front-wheel drive,4,2460,7,294,4620,20.6,28.6
2003,Asia,Gasoline,Front-wheel drive,2,1930,5,209,3800,18.4,33.3
1993,USA,Gasoline,Rear-wheel drive,4,2420,6,259,4210,17.9,27.3
2005,USA,Gasoline,All-wheel drive,5,2220,6,245,4770,19.6,28.8
1976,USA,Gasoline,Front-wheel drive,5,2290,7,244,4240,21.5,28.2
1979,USA,Gasoline,All-wheel drive,3,2210,6,,4600,17.8,28.0
1975,Asia,Gasoline,Front-wheel drive,4,2060,5,222,3930,19.2,28.4
2018,Europe,Gasoline,All-wheel drive,2,2360,6,246,4200,20.0,31.5
2014,USA,Diesel,All-wheel drive,5,2460,7,318,4710,16.2,31.4
2019,Asia,Gasoline,Front-wheel drive,2,2100,6,224,4110,21.1,31.6
1981,Europe,Gasoline,All-wheel drive,4,1960,6,204,4180,20.1,27.0
1989,Asia,Gasoline,Front-wheel drive,3,1800,6,207,3810,19.1,34.8
2006,USA,Diesel,Rear-wheel drive,5,2300,5,267,4330,18.0,31.4
2010,USA,Gasoline,All-wheel drive,2,2350,6,259,4270,19.6,29.6
2022,Europe,Gasoline,Rear-wheel drive,3,2490,7,282,4700,20.6,33.5
1978,Europe,Gasoline,Rear-wheel drive,4,2400,6,,4290,18.8,30.5
1993,Asia,Gasoline,Front-wheel drive,3,2380,6,271,4430,17.8,32.7
2005,Europe,Gasoline,Front-wheel drive,3,2100,5,208,3990,19.7,33.2
1988,USA,Gasoline,Rear-wheel drive,5,2570,7,299,4520,21.5,23.4
2014,USA,Gasoline,Front-wheel drive,2,2150,6,256,4080,18.5,30.8
1988,Asia,Gasoline,Front-wheel drive,3,2440,6,273,4060,18.6,29.7
1982,Europe,Hybrid,Rear-wheel drive,3,2470,6,256,4390,,29.7
1994,USA,Diesel,Front-wheel drive,5,2430,6,280,4540,19.0,29.8
1995,Europe,Gasoline,Rear-wheel drive,5,2240,6,233,4420,19.2,28.3
1994,Asia,Gasoline,Front-wheel drive,3,2210,5,236,4010,17.2,30.7
1977,USA,Gasoline,Front-wheel drive,2,2280,6,266,4410,20.3,26.8
1975,Europe,Hybrid,Rear-wheel drive,5,2460,6,252,4630,21.2,29.2
1983,USA,Gasoline,Front-wheel drive,4,2540,7,,4560,18.1,27.1
1983,USA,Diesel,Front-wheel drive,4,1870,5,252,3850,17.9,33.1
2006,Europe,Diesel,Rear-wheel drive,4,2250,6,271,4180,17.3,35.3
2000,Asia,Gasoline,Front-wheel drive,5,2160,6,252,4360,19.7,30.4
2016,Europe,Gasoline,Rear-wheel drive,4,2320,6,259,4120,19.3,31.7
2019,USA,Diesel,Rear-wheel drive,3,2180,6,290,3960,16.7,35.6
2005,USA,Gasoline,Rear-wheel drive,4,2130,5,236,4270,20.8,29.1
2018,Asia,Diesel,Front-wheel drive,5,2210,5,260,4110,18.3,34.3
2018,Asia,Diesel,Front-wheel drive,4,2350,7,269,4270,18.8,35.2
1996,Europe,Gasoline,All-wheel drive,4,2350,6,250,4340,17.5,27.1
2018,Asia,Gasoline,All-wheel drive,3,1870,5,199,3720,18.6,33.9
2011,Asia,Hybrid,All-wheel drive,4,2230,6,250,4340,20.0,35.4
2009,Europe,Diesel,Rear-wheel drive,3,2210,6,244,4000,20.9,32.7
2021,USA,Gasoline,Rear-wheel drive,3,2090,5,215,4400,17.4,28.6
1982,Asia,Diesel,Rear-wheel drive,5,1990,5,231,3770,18.5,32.0
2023,Europe,Gasoline,Front-wheel drive,5,2380,6,240,4440,18.6,30.1
1982,USA,Gasoline,Front-wheel drive,2,2380,6,,4210,19.0,27.2
2005,USA,Diesel,Front-wheel drive,3,2350,6,258,4100,17.9,32.7
2008,USA,Gasoline,Front-wheel drive,4,2510,6,284,4460,19.9,29.9
2017,USA,Diesel,Front-wheel drive,4,2310,6,276,4240,16.3,31.4
1983,Asia,Gasoline,Rear-wheel drive,4,2160,5,223,4530,22.0,26.8
1996,USA,Gasoline,Rear-wheel drive,4,2520,7,289,4830,19.6,26.9
2017,USA,Gasoline,Front-wheel drive,4,2250,6,269,4440,21.4,28.2
2015,Asia,Gasoline,Rear-wheel drive,3,2090,6,237,4170,21.3,32.7
1985,USA,Gasoline,Front-wheel drive,2,2850,7,325,4730,21.6,25.9
1978,Asia,Gasoline,Front-wheel drive,4,2310,6,247,4060,17.7,29.8
2019,USA,Diesel,Front-wheel drive,4,2580,6,297,4420,17.1,31.4
1997,Europe,Diesel,Front-wheel drive,4,2230,6,252,4350,18.8,30.2
2010,USA,Gasoline,All-wheel drive,2,2080,6,258,4050,19.6,27.2
2018,USA,Hybrid,Front-wheel drive,2,2170,6,232,4190,18.2,34.8
2012,USA,Diesel,All-wheel drive,3,2390,7,280,4890,19.9,29.1
2024,Europe,Gasoline,Rear-wheel drive,4,2520,7,270,4510,16.3,27.8
2004,USA,Hybrid,Front-wheel drive,3,2240,6,263,4190,18.8,36.6
2005,USA,Diesel,Front-wheel drive,4,2430,6,270,4590,20.0,32.8
2008,Asia,Gasoline,Front-wheel drive,4,2610,6,289,4260,16.3,30.2
1984,Asia,Gasoline,Front-wheel drive,4,2250,6,248,4120,18.5,27.0
2019,USA,Gasoline,All-wheel drive,2,2220,6,270,4210,16.5,28.4
1983,Asia,Diesel,Rear-wheel drive,3,1770,5,203,4180,19.7,32.8
1997,Europe,Gasoline,Front-wheel drive,3,2160,6,222,4190,17.5,31.5
2013,USA,Gasoline,Front-wheel drive,5,2350,6,273,4430,19.7,32.5
2022,Asia,Diesel,Rear-wheel drive,5,2270,6,228,4090,19.3,33.1
2004,Europe,Hybrid,Front-wheel drive,2,2150,6,237,4110,17.6,34.9
2017,USA,Gasoline,Front-wheel drive,2,2350,6,285,4370,20.2,31.0
1992,Asia,Diesel,Rear-wheel drive,4,2060,6,247,4320,21.5,30.2
2004,USA,Gasoline,Front-wheel drive,2,2220,7,269,4060,20.0,29.9
1977,Europe,Diesel,Front-wheel drive,2,2140,6,,3930,18.9,30.4
1977,USA,Gasoline,Rear-wheel drive,3,2360,5,263,4020,18.5,28.5
2016,USA,Diesel,Front-wheel drive,2,2490,6,277,4280,18.0,30.8
2014,Asia,Gasoline,Front-wheel drive,4,2080,6,236,4200,19.9,32.0
1992,USA,Diesel,Front-wheel drive,2,2250,6,247,4070,17.3,30.4
1983,USA,Diesel,All-wheel drive,3,2630,7,314,4880,20.6,27.8
2017,USA,Gasoline,Front-wheel drive,2,2280,6,255,4230,18.6,31.6
1993,Asia,Diesel,Rear-wheel drive,4,2450,6,268,4540,19.3,27.9
2018,Europe,Hybrid,Front-wheel drive,4,2160,6,250,4050,18.2,37.6
1997,USA,Hybrid,Front-wheel drive,4,2450,6,272,4560,17.7,32.6
1982,USA,Diesel,Rear-wheel drive,4,2130,5,240,4410,17.3,29.7
1986,USA,Gasoline,All-wheel drive,2,2280,6,267,4570,19.6,25.2
1976,Asia,Hybrid,Front-wheel drive,4,2070,6,251,3880,17.0,32.3
1978,Asia,Diesel,Front-wheel drive,3,2100,6,,3610,17.2,31.4
2017,Europe,Gasoline,Front-wheel drive,2,2220,6,243,4020,,33.1
1987,USA,Gasoline,All-wheel drive,3,2360,6,241,4350,19.7,27.9
2001,Asia,Gasoline,Front-wheel drive,5,2210,6,263,4280,17.2,30.3
1987,USA,Gasoline,All-wheel drive,2,2700,7,291,4830,20.1,25.0
2001,USA,Hybrid,Front-wheel drive,3,2370,6,254,4290,18.7,31.9
1991,USA,Gasoline,Rear-wheel drive,4,2580,6,291,4600,20.6,30.1
1989,USA,Hybrid,Rear-wheel drive,3,2630,7,313,4650,20.0,28.3
1993,Europe,Gasoline,Front-wheel drive,4,2490,6,271,4480,,28.9
1984,USA,Gasoline,Front-wheel drive,4,2470,6,266,4480,20.5,23.8
2018,Europe,Diesel,All-wheel drive,3,1970,6,234,4000,18.4,30.6
1995,Europe,Diesel,All-wheel drive,4,2320,6,271,4450,18.7,30.3
2005,USA,Diesel,Front-wheel drive,4,2060,6,250,4160,18.8,34.6
2018,USA,Gasoline,All-wheel drive,3,2110,5,242,4360,19.7,29.3
1995,USA,Gasoline,Front-wheel drive,5,2500,7,274,4430,17.0,30.0
1983,Europe,Gasoline,Front-wheel drive,3,2330,6,,4120,19.8,28.8
1980,Europe,Gasoline,Front-wheel drive,4,2290,6,244,4070,18.4,29.2
2002,USA,Gasoline,Front-wheel drive,4,2000,6,213,4130,18.2,29.6
1998,USA,Gasoline,Front-wheel drive,3,2180,6,279,4080,18.1,27.9
1977,Europe,Gasoline,All-wheel drive,3,2340,7,,4270,19.3,25.9
2007,USA,Diesel,Front-wheel drive,2,2370,6,269,4150,19.9,35.2
2021,Asia,Hybrid,Front-wheel drive,4,1940,6,211,4100,19.3,39.1
2021,USA,Gasoline,Rear-wheel drive,5,2250,6,247,4520,19.5,30.6
1999,Europe,Hybrid,Front-wheel drive,3,2080,6,232,3910,19.2,34.8
2005,USA,Hybrid,Front-wheel drive,3,2250,6,268,4290,19.6,34.3
1981,Asia,Diesel,Front-wheel drive,4,2040,5,253,3860,19.1,31.5
1999,Europe,Gasoline,Front-wheel drive,2,2310,6,252,4160,18.6,31.0
1998,USA,Hybrid,Front-wheel drive,5,2040,5,221,4140,19.2,33.8
2019,Asia,Diesel,Front-wheel drive,5,2030,5,258,3820,16.9,35.5
1977,Europe,Gasoline,Front-wheel drive,5,2260,5,249,4060,18.5,30.2
1979,USA,Gasoline,All-wheel drive,5,2050,6,,4430,20.4,26.7
1997,USA,Gasoline,All-wheel drive,4,2610,7,,4840,19.2,27.0
1991,USA,Diesel,All-wheel drive,4,2290,6,273,4300,18.1,26.0
1980,USA,Gasoline,Front-wheel drive,4,2160,6,248,4210,17.7,28.2
2009,Asia,Hybrid,Front-wheel drive,4,2130,6,235,3960,17.7,35.8
1988,Europe,Diesel,Rear-wheel drive,3,2100,5,257,4130,17.3,30.7
1996,Europe,Gasoline,Rear-wheel drive,2,2440,6,272,4240,,26.5
2019,USA,Gasoline,Front-wheel drive,2,2400,6,276,4120,18.2,32.2
1981,USA,Gasoline,Front-wheel drive,3,2420,6,,4150,17.4,27.4
1976,Asia,Diesel,Front-wheel drive,4,2390,6,262,4280,19.1,26.2
1981,Asia,Hybrid,Front-wheel drive,5,1710,5,208,3740,19.9,36.0
1976,USA,Gasoline,Front-wheel drive,2,2460,6,273,4260,18.2,26.1
1990,Europe,Gasoline,Front-wheel drive,4,2370,6,243,4740,20.5,26.8
1990,Europe,Diesel,Front-wheel drive,4,2250,6,241,4190,18.3,29.8
1993,USA,Diesel,All-wheel drive,2,2190,6,254,4390,18.5,30.5
1979,USA,Gasoline,All-wheel drive,2,2160,5,234,4310,18.9,25.5
1976,Europe,Gasoline,All-wheel drive,4,2550,7,282,4820,20.0,25.2
2024,USA,Gasoline,All-wheel drive,2,2150,6,256,4250,19.0,31.9
2017,USA,Gasoline,Front-wheel drive,4,2340,7,265,4170,17.9,29.2
2021,USA,Gasoline,All-wheel drive,5,2280,6,252,4680,18.8,29.2
1983,USA,Gasoline,Front-wheel drive,2,2180,6,,4430,20.3,26.7
1990,Asia,Diesel,All-wheel drive,2,2350,6,257,4410,22.0,29.6
1999,Europe,Diesel,All-wheel drive,4,2310,6,269,4520,17.6,29.6
2013,USA,Gasoline,Rear-wheel drive,4,2160,6,254,4430,18.7,29.3
2007,USA,Gasoline,All-wheel drive,4,2300,6,264,4530,20.6,27.9
1991,Europe,Gasoline,Front-wheel drive,2,1870,5,209,3660,18.0,32.5
2013,Europe,Gasoline,Front-wheel drive,5,2200,6,249,4230,18.2,30.8
2016,USA,Diesel,Rear-wheel drive,3,2260,6,285,4440,18.8,30.9
2008,Asia,Gasoline,All-wheel drive,3,2350,6,255,4190,18.8,31.0
2009,Europe,Diesel,All-wheel drive,4,2390,6,281,4560,,30.0
2014,USA,Gasoline,Rear-wheel drive,4,2170,6,237,4230,19.7,31.3
2011,Asia,Gasoline,Rear-wheel drive,3,2210,6,243,4310,16.8,29.6
2018,USA,Gasoline,All-wheel drive,4,2440,6,271,4530,17.6,29.7
1976,Asia,Gasoline,Front-wheel drive,5,2230,6,230,4100,19.2,29.2
1989,Asia,Hybrid,All-wheel drive,3,2380,7,280,4710,18.3,30.8
2006,USA,Gasoline,Front-wheel drive,3,2330,6,262,4370,20.1,29.7
1983,USA,Gasoline,Rear-wheel drive,4,2380,6,242,4510,18.0,26.5
1988,Europe,Hybrid,All-wheel drive,3,2210,6,232,4070,20.9,35.4
2015,USA,Gasoline,Rear-wheel drive,3,2410,6,260,4490,20.5,27.2
2005,Europe,Gasoline,All-wheel drive,4,2340,6,267,4480,18.5,28.4
2002,Europe,Gasoline,Rear-wheel drive,5,2270,6,214,4500,20.3,30.9
2012,Europe,Gasoline,Rear-wheel drive,2,2200,6,236,4180,18.6,31.7
1983,USA,Gasoline,Rear-wheel drive,5,2450,7,255,4630,20.3,26.0
1979,Asia,Gasoline,Front-wheel drive,4,1920,6,214,4170,19.1,29.9
2010,Asia,Gasoline,All-wheel drive,5,2540,6,,4870,21.0,25.7
1990,USA,Diesel,Rear-wheel drive,2,2410,7,,4450,18.8,27.0
2006,Asia,Diesel,All-wheel drive,4,2370,6,264,4470,20.1,29.0
1986,Asia,Hybrid,Front-wheel drive,2,2350,5,250,4110,19.3,32.7
2013,USA,Diesel,Rear-wheel drive,4,2250,6,266,4610,18.3,32.3
1975,Asia,Gasoline,Front-wheel drive,3,2580,7,289,4420,19.2,25.6
1986,USA,Gasoline,All-wheel drive,3,2430,6,273,4580,17.5,23.2
2006,USA,Gasoline,Rear-wheel drive,3,2610,6,305,4380,18.8,28.4
2021,Asia,Diesel,Front-wheel drive,2,2210,6,256,3970,16.8,35.9
2004,Europe,Gasoline,Front-wheel drive,4,2350,6,257,4180,19.8,30.9
1984,Europe,Gasoline,Front-wheel drive,4,2200,6,,4020,20.1,31.1
1982,Europe,Gasoline,Rear-wheel drive,2,2430,6,237,4590,20.3,29.6
1978,Asia,Gasoline,Front-wheel drive,4,2320,6,,4400,21.8,27.4
1991,USA,Diesel,Rear-wheel drive,3,2410,6,286,4410,18.9,28.9
2020,Asia,Gasoline,Rear-wheel drive,4,2280,6,261,4470,17.7,31.8
2021,USA,Gasoline,Front-wheel drive,4,1760,5,220,3750,18.4,32.1
2003,Europe,Gasoline,Front-wheel drive,3,2090,6,229,3910,,29.2
2009,Asia,Gasoline,Front-wheel drive,4,1960,5,,3770,19.8,32.1
2016,Asia,Diesel,Rear-wheel drive,3,2410,6,271,4300,17.7,29.8
2006,USA,Gasoline,Rear-wheel drive,5,2080,6,243,4320,19.9,28.2
1978,USA,Gasoline,All-wheel drive,2,2120,6,250,4270,18.5,27.0
2006,USA,Diesel,Rear-wheel drive,5,2450,7,266,4580,19.5,31.6
2012,USA,Gasoline,Front-wheel drive,3,2420,6,275,4470,18.5,31.9
2002,Europe,Gasoline,Front-wheel drive,4,2360,6,251,4180,18.8,31.7
1996,Asia,Gasoline,Front-wheel drive,3,2100,6,235,3950,17.3,32.7
2019,USA,Diesel,Front-wheel drive,5,2140,6,246,4240,17.8,34.3
2001,Europe,Diesel,Rear-wheel drive,5,2570,7,293,4630,18.4,29.9
2002,USA,Diesel,Front-wheel drive,4,2430,6,322,4340,16.5,31.3
1995,USA,Hybrid,All-wheel drive,3,2360,6,268,4830,21.8,30.8
2002,USA,Gasoline,Front-wheel drive,2,2340,7,271,4480,17.3,30.3
1997,USA,Gasoline,Front-wheel drive,3,2230,6,265,3990,17.3,31.1
1985,USA,Gasoline,All-wheel drive,2,2190,6,268,4280,17.3,27.4
1990,Asia,Gasoline,Rear-wheel drive,5,2480,7,262,4540,19.7,25.0
2014,Europe,Gasoline,All-wheel drive,3,2310,6,245,4400,19.8,27.8
1981,Asia,Gasoline,All-wheel drive,4,2220,6,252,4390,19.8,27.5
1984,USA,Gasoline,Front-wheel drive,5,2280,6,270,4520,18.1,27.5
2010,USA,Diesel,Rear-wheel drive,3,2530,7,303,4550,19.4,30.5
1980,USA,Diesel,Front-wheel drive,4,2330,6,,4280,17.0,31.4
2015,Asia,Gasoline,Front-wheel drive,2,2260,6,231,4050,19.6,35.6
1995,USA,Gasoline,Front-wheel drive,3,2720,7,277,4640,17.2,29.1
2005,USA,Hybrid,All-wheel drive,4,2590,6,292,4730,19.4,33.1
1991,Europe,Diesel,All-wheel drive,4,2550,6,271,4870,18.5,25.3
2010,Europe,Hybrid,Front-wheel drive,3,1850,5,212,3700,17.0,37.1
2018,USA,Gasoline,Front-wheel drive,4,2110,6,234,4150,17.5,31.7
1983,USA,Gasoline,Rear-wheel drive,4,2140,6,,4550,21.2,27.1
1981,Europe,Gasoline,Front-wheel drive,3,2350,6,,4220,19.1,29.3
2010,USA,Hybrid,All-wheel drive,5,2210,6,250,4510,20.8,34.0
1975,Asia,Gasoline,All-wheel drive,5,2490,7,278,4960,20.1,23.9
1995,Europe,Gasoline,Front-wheel drive,4,2220,5,244,3940,18.7,30.1
1988,Asia,Gasoline,Front-wheel drive,4,2120,6,222,3810,20.5,32.1
2002,Europe,Gasoline,Front-wheel drive,5,2560,7,277,4790,19.2,29.8
1981,Europe,Gasoline,Front-wheel drive,5,2050,6,221,3940,20.9,28.0
2004,Asia,Gasoline,Front-wheel drive,3,1950,5,220,3860,19.5,30.0
2013,Europe,Gasoline,Rear-wheel drive,5,2530,7,279,4800,23.0,28.8
2018,USA,Diesel,All-wheel drive,2,2310,6,275,4560,18.6,31.3
1982,Europe,Diesel,Rear-wheel drive,3,2270,6,242,4390,20.5,31.3
2022,Asia,Gasoline,Front-wheel drive,3,2120,6,215,3990,18.8,37.1
2007,Asia,Gasoline,Rear-wheel drive,3,2570,7,286,4660,21.5,27.3
2012,Europe,Hybrid,All-wheel drive,3,1850,5,212,3980,20.3,36.5
1983,USA,Hybrid,Rear-wheel drive,2,2420,6,,4470,19.8,31.4
2005,Europe,Gasoline,Front-wheel drive,3,2450,7,257,4000,17.6,31.4
1998,USA,Gasoline,All-wheel drive,5,2530,7,305,4750,18.4,24.8
2023,Asia,Gasoline,All-wheel drive,2,2210,6,229,4330,18.9,36.2
2001,Europe,Gasoline,Front-wheel drive,4,2320,6,230,4230,17.1,31.2
2009,USA,Diesel,Front-wheel drive,3,2420,6,303,4510,22.2,30.0
2016,USA,Gasoline,Front-wheel drive,4,2430,6,272,4330,20.0,32.6
2008,Europe,Gasoline,Front-wheel drive,4,2530,7,258,4400,19.4,28.9
1984,Europe,Gasoline,Front-wheel drive,3,2180,6,,4150,20.5,29.2
2008,Europe,Gasoline,Front-wheel drive,5,2120,6,231,3840,16.4,28.0
2001,USA,Gasoline,Front-wheel drive,5,2340,6,256,4620,19.4,27.1
1977,USA,Gasoline,All-wheel drive,4,2260,6,266,4760,19.2,24.3
1979,USA,Gasoline,All-wheel drive,4,2140,6,242,4400,20.6,29.0
1977,USA,Gasoline,Rear-wheel drive,4,2160,6,255,4400,21.5,25.0
2012,USA,Diesel,All-wheel drive,5,2590,7,321,4810,19.9,25.1
1999,Europe,Diesel,All-wheel drive,3,2250,5,243,4480,,29.7
2019,Europe,Diesel,Front-wheel drive,4,2250,6,251,4240,18.0,35.3
2000,USA,Hybrid,Front-wheel drive,4,2660,7,280,4800,18.2,31.1
1980,Europe,Diesel,Rear-wheel drive,2,2650,7,,4360,18.6,26.5
2010,Asia,Gasoline,Front-wheel drive,4,2150,6,241,4110,20.2,31.0
1982,Asia,Diesel,Front-wheel drive,4,2430,7,280,4400,18.1,30.8
1982,USA,Gasoline,Front-wheel drive,4,2530,7,284,4370,19.9,26.7
1975,Asia,Gasoline,Front-wheel drive,3,2060,6,220,3920,21.4,30.4
2011,USA,Diesel,Front-wheel drive,3,1860,6,217,3790,15.8,35.4
2015,Asia,Gasoline,Front-wheel drive,4,2390,7,240,4480,19.6,29.9
2019,USA,Hybrid,All-wheel drive,3,2190,6,248,4460,19.1,32.5
2020,Asia,Diesel,All-wheel drive,3,2510,6,294,4590,16.9,31.7
2000,Europe,Hybrid,Front-wheel drive,4,2330,6,245,4300,19.8,35.2
1997,Europe,Gasoline,All-wheel drive,4,2670,7,276,4610,18.7,27.5
1987,USA,Gasoline,Rear-wheel drive,4,2490,6,259,4300,18.8,27.3
1986,Europe,Gasoline,Front-wheel drive,2,2330,6,,4240,19.4,29.2
1984,USA,Diesel,Front-wheel drive,2,1850,5,,3850,18.8,33.3
1992,USA,Gasoline,Front-wheel drive,2,2160,6,243,4060,19.6,28.5
1977,Asia,Gasoline,All-wheel drive,4,2260,6,276,4600,21.3,24.2
1999,Europe,Diesel,Rear-wheel drive,4,2220,6,276,4520,18.7,29.8
2016,Europe,Hybrid,All-wheel drive,4,2060,6,254,4000,17.4,36.7
1988,Asia,Gasoline,Front-wheel drive,3,1930,5,220,3890,18.5,28.7
1995,Europe,Gasoline,Rear-wheel drive,5,2090,5,221,4330,,30.2
1980,Asia,Gasoline,Rear-wheel drive,4,2200,6,,4620,19.3,24.7
1975,Asia,Gasoline,Rear-wheel drive,3,2180,6,230,3880,18.5,27.6
2005,Europe,Gasoline,Front-wheel drive,3,1900,6,213,3950,18.2,33.6
1985,Asia,Diesel,Front-wheel drive,2,2190,6,271,4260,19.1,29.9
1977,USA,Diesel,All-wheel drive,2,2590,6,286,4550,17.2,28.8
2008,Europe,Gasoline,Front-wheel drive,2,2200,6,249,3960,18.1,30.4
2024,Europe,Gasoline,Front-wheel drive,3,1890,5,221,3860,17.3,35.1
2009,Asia,Hybrid,Front-wheel drive,3,2250,6,256,4070,18.1,35.1
2014,Europe,Gasoline,All-wheel drive,4,2470,6,289,4740,18.9,28.5
1980,Asia,Hybrid,Rear-wheel drive,4,2450,7,,4590,19.7,31.1
2017,Europe,Hybrid,All-wheel drive,3,2040,6,212,4200,,36.7
2002,USA,Hybrid,Rear-wheel drive,5,2110,6,237,4160,17.9,34.1
1994,USA,Gasoline,Front-wheel drive,5,2220,6,267,4320,18.9,27.9
1983,Asia,Gasoline,All-wheel drive,5,2250,6,233,4610,19.2,27.0
1994,USA,Gasoline,Front-wheel drive,4,2460,6,274,4080,18.5,28.5
2005,Asia,Diesel,Front-wheel drive,3,2380,6,254,4190,18.9,32.8
2022,Asia,Diesel,Front-wheel drive,4,2250,6,270,4130,18.5,35.8
2001,USA,Gasoline,All-wheel drive,5,2230,6,267,4600,16.8,25.1
2002,USA,Gasoline,Front-wheel drive,3,2440,6,274,4080,17.9,26.1
2020,USA,Gasoline,Front-wheel drive,4,2650,7,307,4600,21.3,28.8
1990,Europe,Gasoline,Front-wheel drive,5,2040,5,227,3960,20.0,29.8
1989,USA,Gasoline,All-wheel drive,3,2590,7,263,4630,18.8,28.7
2007,Europe,Gasoline,Front-wheel drive,3,2200,5,220,3930,18.8,35.9
1999,Asia,Gasoline,Front-wheel drive,4,2130,5,228,3750,20.2,33.1
1976,Asia,Gasoline,All-wheel drive,3,2290,6,243,4360,19.8,28.5
2019,USA,Gasoline,Rear-wheel drive,2,2200,6,259,4210,14.9,27.7
1999,USA,Gasoline,Front-wheel drive,3,2530,7,269,4260,16.0,28.4
1987,Asia,Hybrid,Front-wheel drive,2,2000,6,223,3560,20.3,36.1
2014,USA,Gasoline,Front-wheel drive,3,2130,6,250,3970,16.4,32.9
2019,Europe,Gasoline,All-wheel drive,3,2420,6,223,4390,22.2,32.3
1999,USA,Gasoline,Front-wheel drive,4,1740,5,209,3950,18.1,30.3
1981,Europe,Diesel,Front-wheel drive,4,1970,5,197,3930,19.7,32.6
1984,USA,Diesel,Front-wheel drive,3,1920,5,225,3840,18.6,31.6
1981,USA,Gasoline,All-wheel drive,5,2610,7,,4960,20.9,22.6
1999,Asia,Diesel,Rear-wheel drive,4,2260,6,271,4480,18.7,29.0
1988,Europe,Gasoline,Rear-wheel drive,2,2630,6,292,4490,14.8,25.7
2016,Europe,Gasoline,Rear-wheel drive,3,2450,6,270,4800,21.3,27.4
2014,USA,Hybrid,Front-wheel drive,3,2130,6,246,4060,17.0,36.1
2003,USA,Gasoline,Front-wheel drive,2,2550,6,256,4270,21.8,27.9
1998,USA,Gasoline,All-wheel drive,2,2270,6,244,4590,18.8,27.4
2009,USA,Diesel,Rear-wheel drive,4,2470,7,293,4570,18.2,31.1
1976,USA,Diesel,Front-wheel drive,4,2120,6,281,4060,17.6,29.2
2002,Asia,Diesel,Front-wheel drive,3,1970,5,231,3800,17.1,35.0
1991,Asia,Hybrid,All-wheel drive,5,2080,6,226,4170,19.9,34.1
1999,USA,Diesel,Front-wheel drive,4,2310,6,263,4200,19.8,31.7
1991,USA,Gasoline,Front-wheel drive,4,2250,6,242,4170,20.4,29.0
1986,Asia,Gasoline,Front-wheel drive,2,1990,5,217,3530,19.2,32.4
2006,Europe,Gasoline,Front-wheel drive,3,2020,6,223,4060,17.4,30.9
1982,USA,Gasoline,Front-wheel drive,5,2310,6,,4270,20.4,24.5
2012,Asia,Gasoline,All-wheel drive,2,2440,6,268,4370,19.1,32.4
2018,USA,Gasoline,Front-wheel drive,5,2550,7,277,4580,19.3,28.7
2008,Europe,Gasoline,Front-wheel drive,2,2290,6,237,4370,20.9,30.3
2006,USA,Diesel,Front-wheel drive,2,2370,6,279,4290,17.7,31.7
1975,USA,Gasoline,Rear-wheel drive,4,2010,6,219,3950,16.3,27.9
2022,Asia,Gasoline,Rear-wheel drive,4,2220,6,225,4660,18.4,28.2
2005,USA,Gasoline,Front-wheel drive,4,2230,5,240,4160,18.8,27.9
2000,Europe,Gasoline,Front-wheel drive,4,2280,6,268,4170,17.6,30.9
2009,Asia,Gasoline,Front-wheel drive,5,2060,6,223,4080,18.1,34.9
1976,Asia,Gasoline,Front-wheel drive,2,2420,7,288,4420,18.8,24.4
1977,Europe,Gasoline,All-wheel drive,3,2290,7,235,4590,20.0,28.5
1987,Europe,Gasoline,Front-wheel drive,3,2200,6,232,4010,17.4,30.3
2019,USA,Gasoline,All-wheel drive,4,2370,6,282,4700,20.6,30.2
1999,Europe,Gasoline,Front-wheel drive,4,2120,6,237,4240,21.0,32.5
2024,Asia,Gasoline,Rear-wheel drive,2,2350,6,244,4100,16.8,30.3
2016,USA,Diesel,Front-wheel drive,4,2170,6,256,4150,18.2,31.9
2020,Europe,Gasoline,Front-wheel drive,5,2120,6,228,3930,19.4,34.5
2008,Europe,Gasoline,All-wheel drive,5,2250,6,241,4720,18.0,28.9
2018,USA,Diesel,Front-wheel drive,3,2430,7,293,4260,19.2,32.7
2001,Asia,Gasoline,Rear-wheel drive,2,2310,6,256,4230,18.3,26.7
2015,Europe,Gasoline,Front-wheel drive,3,2040,6,235,3990,18.0,31.8
2023,Europe,Gasoline,Rear-wheel drive,3,2590,6,257,4710,17.8,30.3
2006,Europe,Hybrid,Rear-wheel drive,3,2190,6,226,4170,18.7,34.3
2010,Europe,Gasoline,Front-wheel drive,3,2550,6,276,4180,19.2,30.0
2012,USA,Gasoline,Front-wheel drive,3,2200,5,229,4080,19.7,29.6
2005,Europe,Gasoline,Front-wheel drive,3,2370,6,268,4060,19.2,30.1
2008,USA,Gasoline,All-wheel drive,4,1980,5,233,4630,20.2,30.2
2022,Europe,Gasoline,Front-wheel drive,4,2130,5,235,4050,19.7,34.1
1993,Asia,Gasoline,All-wheel drive,3,2140,6,234,4550,19.5,28.1
2006,USA,Hybrid,All-wheel drive,4,2280,6,262,4490,20.0,31.7
2016,Europe,Diesel,Front-wheel drive,4,1880,5,226,3970,17.6,34.8
2002,Asia,Gasoline,Front-wheel drive,5,2200,6,251,4400,19.7,31.0
2012,USA,Diesel,Front-wheel drive,4,2150,6,253,4100,18.1,33.0
1979,Europe,Gasoline,Front-wheel drive,4,2660,7,275,4480,19.2,25.0
1977,Asia,Diesel,All-wheel drive,3,2100,5,224,4180,20.0,29.8
1995,USA,Gasoline,Rear-wheel drive,5,2190,6,231,4810,18.3,28.5
1991,Asia,Gasoline,Front-wheel drive,2,2120,6,247,3820,16.9,30.6
2010,USA,Gasoline,Rear-wheel drive,4,2390,7,258,4830,18.1,29.1
2016,Asia,Hybrid,Front-wheel drive,3,2220,6,256,3930,19.5,36.5
1992,USA,Diesel,Front-wheel drive,3,1680,5,230,3950,18.1,31.5
1987,USA,Diesel,Front-wheel drive,5,2060,6,229,4360,18.9,28.9
1994,USA,Gasoline,Front-wheel drive,3,2260,6,237,4250,17.5,28.2
1978,USA,Gasoline,Front-wheel drive,4,2070,5,234,4190,21.1,27.7
2009,Asia,Gasoline,Rear-wheel drive,4,2070,5,238,3830,17.6,29.5
2001,Europe,Gasoline,Front-wheel drive,3,2080,6,229,4140,20.4,32.3
2004,USA,Gasoline,Front-wheel drive,5,1860,5,249,4090,18.4,29.4
1999,USA,Hybrid,Front-wheel drive,5,2170,6,241,4360,16.8,33.7
1993,Asia,Gasoline,Front-wheel drive,4,1880,5,205,3840,19.3,32.6
2018,USA,Gasoline,Rear-wheel drive,4,2090,6,239,4130,18.9,33.1
2014,Asia,Gasoline,All-wheel drive,3,2420,7,256,4440,18.9,29.2
1989,USA,Gasoline,Front-wheel drive,2,2160,6,230,4030,18.4,26.4
2000,USA,Gasoline,Rear-wheel drive,4,2450,6,277,4710,18.2,27.0
1999,Europe,Gasoline,Front-wheel drive,4,2380,5,255,4460,19.4,25.8
1976,Europe,Gasoline,Front-wheel drive,5,2160,6,234,4180,18.8,26.8
1993,Asia,Gasoline,All-wheel drive,2,2130,6,246,4260,19.5,27.9
2015,USA,Gasoline,Front-wheel drive,5,2350,6,250,4420,18.2,28.8
2021,Asia,Gasoline,Front-wheel drive,4,2400,7,270,4240,16.5,32.6
2000,USA,Gasoline,All-wheel drive,5,2440,7,275,4800,20.9,26.5
2001,Asia,Diesel,Front-wheel drive,5,1900,5,231,3810,18.5,32.4
2020,Europe,Gasoline,Front-wheel drive,3,2170,6,233,3850,17.0,33.8
1994,Asia,Gasoline,Front-wheel drive,2,2100,6,236,3970,19.5,32.5
2010,Europe,Gasoline,Front-wheel drive,4,2170,5,223,4110,,30.9
2013,Asia,Diesel,Front-wheel drive,3,2130,6,270,4080,17.6,34.7
2001,Asia,Gasoline,Front-wheel drive,4,2010,6,220,4180,20.1,29.5
2020,Europe,Gasoline,Front-wheel drive,2,2350,6,247,4180,16.3,33.8
1992,Asia,Gasoline,Front-wheel drive,3,2190,6,220,4090,19.2,31.9
1993,USA,Gasoline,All-wheel drive,3,2200,6,234,4390,20.4,28.6
1999,USA,Gasoline,Front-wheel drive,3,2260,6,,4280,18.3,30.1
1987,Europe,Gasoline,Front-wheel drive,2,2390,7,264,4050,18.9,27.2
1985,USA,Gasoline,Front-wheel drive,4,2390,6,278,4250,18.8,26.7
2009,Asia,Gasoline,Front-wheel drive,5,1970,5,207,3920,18.1,31.4
1996,Europe,Gasoline,Front-wheel drive,5,2090,6,228,3900,18.9,32.9
1977,Europe,Gasoline,Front-wheel drive,4,2170,6,,3900,18.4,28.6
1993,USA,Gasoline,Rear-wheel drive,3,2630,6,294,4760,16.7,23.5
2023,USA,Gasoline,Rear-wheel drive,2,2380,6,273,4510,16.8,27.8
1980,Europe,Gasoline,Front-wheel drive,3,1980,5,207,3980,19.4,26.4
1981,USA,Gasoline,Rear-wheel drive,3,1970,6,,4190,20.0,23.6
2020,USA,Gasoline,All-wheel drive,3,2180,6,266,4400,17.6,29.8
1995,USA,Gasoline,Front-wheel drive,4,2100,6,251,4000,19.8,27.7
2016,USA,Gasoline,All-wheel drive,4,2240,6,265,4540,19.7,27.5
1986,Asia,Gasoline,Front-wheel drive,2,2380,6,275,4030,20.6,29.9
2022,Europe,Hybrid,Rear-wheel drive,3,1920,5,212,3880,17.8,38.6
1975,Europe,Hybrid,All-wheel drive,5,2100,6,245,4330,18.6,30.6
2018,Asia,Gasoline,Rear-wheel drive,2,2350,7,265,4350,17.0,31.8
2010,Asia,Gasoline,All-wheel drive,5,2270,7,249,4620,18.3,28.1
2015,USA,Gasoline,Front-wheel drive,4,2220,7,264,4310,20.2,31.3
1977,Asia,Gasoline,All-wheel drive,3,2440,6,,4580,19.7,26.5
1979,Asia,Gasoline,Front-wheel drive,2,2180,6,237,4020,18.5,24.9
2020,USA,Gasoline,Front-wheel drive,2,2430,7,268,4400,19.5,31.2
1982,Europe,Gasoline,Rear-wheel drive,3,2480,6,277,4480,21.2,26.4
2003,USA,Gasoline,All-wheel drive,4,2480,7,272,4890,17.1,27.9
2021,Europe,Hybrid,All-wheel drive,5,2220,6,244,4380,19.7,36.2
1978,Europe,Gasoline,Rear-wheel drive,5,2610,7,304,4690,20.3,22.8
2018,USA,Gasoline,Front-wheel drive,3,1970,5,215,4160,18.7,33.3
1996,Europe,Gasoline,Front-wheel drive,5,2420,6,267,4350,20.5,27.4
1982,USA,Gasoline,Front-wheel drive,4,2120,6,253,4110,20.5,30.7
2014,Asia,Gasoline,Front-wheel drive,5,2250,6,237,4380,18.1,34.8
2015,USA,Hybrid,All-wheel drive,5,2220,6,239,4400,18.8,32.0
2024,Europe,Gasoline,Front-wheel drive,5,2350,6,262,4510,19.0,32.1
1985,Europe,Gasoline,Rear-wheel drive,3,2100,6,248,4280,19.4,30.2
1983,USA,Hybrid,Rear-wheel drive,3,2450,7,,4470,19.7,30.5
2000,Asia,Hybrid,Front-wheel drive,5,2100,6,240,4110,18.0,36.1
1980,USA,Gasoline,Front-wheel drive,3,2250,6,264,4440,17.3,25.3
2020,USA,Gasoline,Front-wheel drive,4,2250,6,255,4270,17.3,31.5
1982,Asia,Gasoline,Front-wheel drive,5,1830,5,214,3680,19.5,30.8
2001,USA,Gasoline,Front-wheel drive,2,2240,6,270,4170,17.9,31.8
1989,Europe,Gasoline,Rear-wheel drive,4,2060,6,238,4260,18.7,30.5
1996,Europe,Hybrid,Rear-wheel drive,3,2290,6,263,4650,,31.3
2008,Asia,Gasoline,Front-wheel drive,4,2320,6,251,4400,18.3,30.2
1986,USA,Gasoline,Front-wheel drive,3,2500,7,277,4500,17.9,27.7
1979,Asia,Gasoline,Front-wheel drive,3,2390,7,239,4220,18.5,27.9
2020,Europe,Hybrid,Front-wheel drive,3,2260,6,,4260,19.3,35.4
2004,Asia,Diesel,Front-wheel drive,2,2110,6,247,4010,18.4,33.7
2017,Europe,Diesel,Rear-wheel drive,3,2120,6,245,4490,19.4,31.3
1993,USA,Diesel,Front-wheel drive,3,2390,6,277,4180,19.2,29.8
2001,USA,Hybrid,Front-wheel drive,3,2320,6,270,4010,17.3,33.4
2002,Asia,Gasoline,Front-wheel drive,3,2060,6,233,3970,17.4,28.0
2009,USA,Gasoline,Front-wheel drive,4,2160,6,268,4170,18.6,27.6
1981,USA,Diesel,Front-wheel drive,2,2190,6,243,4260,18.5,28.5
1977,USA,Gasoline,Rear-wheel drive,4,2500,7,272,4640,18.9,24.2
2005,Asia,Gasoline,Front-wheel drive,3,2370,7,249,4000,15.8,30.3
1980,Europe,Gasoline,Front-wheel drive,3,2190,6,241,3870,,25.5
2020,Asia,Hybrid,Front-wheel drive,3,1850,5,181,3590,17.9,38.6
2010,USA,Gasoline,Front-wheel drive,4,2160,6,242,4260,20.5,29.3
2007,USA,Gasoline,Front-wheel drive,5,2440,6,267,4530,18.2,24.6
2012,USA,Gasoline,Rear-wheel drive,2,2290,6,271,4320,16.9,27.7
1996,USA,Gasoline,Rear-wheel drive,2,2130,6,248,4330,20.9,28.4
2017,Europe,Hybrid,Front-wheel drive,4,2330,6,271,4320,18.4,35.5
1988,USA,Gasoline,Front-wheel drive,5,2260,6,252,4090,17.8,28.2
2002,USA,Gasoline,All-wheel drive,2,2710,7,309,4620,17.9,22.6
1998,Asia,Diesel,All-wheel drive,4,1940,4,241,3800,16.9,32.0
2022,Europe,Diesel,All-wheel drive,3,2440,6,265,4690,19.7,33.0
1999,Asia,Gasoline,All-wheel drive,4,2030,5,213,4150,20.2,29.2
1996,USA,Hybrid,Rear-wheel drive,2,2150,6,247,4320,20.2,29.8
2007,USA,Gasoline,Front-wheel drive,3,2060,5,229,4160,18.2,31.7
1976,Europe,Diesel,Front-wheel drive,4,1870,6,201,3670,17.6,30.9
2005,Asia,Gasoline,Front-wheel drive,2,2010,5,213,3590,18.3,35.1
1983,USA,Gasoline,Front-wheel drive,4,2060,5,206,4040,18.6,29.0
2018,Asia,Gasoline,Rear-wheel drive,4,2280,6,241,4320,18.8,27.6
2017,Asia,Gasoline,Front-wheel drive,3,2110,5,238,3670,16.6,34.8
1994,Europe,Gasoline,Front-wheel drive,2,2450,6,249,4170,19.8,30.4
1998,USA,Gasoline,Front-wheel drive,5,2340,6,250,4330,20.5,26.9
1992,Asia,Gasoline,Front-wheel drive,3,2050,5,215,4030,16.4,32.6
1986,USA,Hybrid,Front-wheel drive,5,2190,6,259,4160,18.1,31.3
2003,Europe,Gasoline,Front-wheel drive,3,2150,5,234,4150,18.8,30.4
1992,Asia,Gasoline,Front-wheel drive,3,2340,6,248,4390,20.5,28.2
1989,Europe,Diesel,Rear-wheel drive,3,2110,6,234,4020,,28.3
1998,USA,Hybrid,Front-wheel drive,4,2110,6,256,4300,19.3,33.9
1979,Asia,Gasoline,All-wheel drive,3,2350,6,248,4310,19.0,27.1
2019,USA,Gasoline,Rear-wheel drive,5,2080,6,262,4310,20.2,29.8
2015,Asia,Gasoline,All-wheel drive,3,2080,6,226,4200,19.3,33.4
2023,USA,Diesel,Front-wheel drive,2,2050,5,235,3880,18.6,33.9
2002,Asia,Gasoline,Front-wheel drive,4,1800,5,225,3690,17.4,30.8
1988,Europe,Gasoline,Front-wheel drive,5,2170,6,237,4120,19.5,26.5
1991,Asia,Gasoline,All-wheel drive,3,2310,7,253,4730,19.8,27.4
2011,USA,Gasoline,Front-wheel drive,4,1970,5,243,3840,20.6,32.4
2016,USA,Gasoline,Rear-wheel drive,4,2690,7,276,4790,20.1,29.3
1985,Asia,Hybrid,Front-wheel drive,2,2260,6,275,4230,18.2,33.4
1982,USA,Hybrid,Front-wheel drive,3,2070,5,,3890,19.7,34.8
1995,Europe,Gasoline,Front-wheel drive,5,2180,5,221,4060,,28.8
2000,Asia,Diesel,All-wheel drive,3,2560,7,300,4160,19.2,29.5
1991,Asia,Gasoline,Front-wheel drive,3,2060,5,207,3940,19.1,30.5
2008,USA,Diesel,Front-wheel drive,3,1800,5,250,3700,17.5,33.6
2016,USA,Gasoline,All-wheel drive,4,2210,6,244,4300,19.2,28.2
2009,Europe,Diesel,Front-wheel drive,3,2520,7,296,4290,19.5,33.9
2009,Europe,Hybrid,All-wheel drive,4,2450,6,258,4800,19.7,32.4
2004,Europe,Diesel,Front-wheel drive,2,2130,6,247,3910,18.8,34.3
2018,USA,Gasoline,Rear-wheel drive,2,2360,6,265,4320,19.9,27.8
1976,Asia,Hybrid,Front-wheel drive,5,2330,6,241,4230,20.6,34.1
1984,Asia,Hybrid,Front-wheel drive,4,2210,5,,4290,20.4,32.5
1999,USA,Gasoline,Front-wheel drive,2,2570,7,292,4710,19.7,28.9
2015,Asia,Hybrid,Rear-wheel drive,2,2300,6,251,3950,16.4,34.3
2011,Asia,Gasoline,Rear-wheel drive,5,2150,6,221,4410,19.4,30.1
2005,USA,Gasoline,All-wheel drive,3,2300,6,261,4430,18.4,28.0
1982,Europe,Gasoline,Front-wheel drive,3,2220,5,,4230,18.8,32.5
1989,Asia,Diesel,Front-wheel drive,3,2390,6,287,4030,18.0,29.5
1981,Asia,Gasoline,Front-wheel drive,3,2480,7,266,4640,19.2,28.4
1992,USA,Gasoline,Front-wheel drive,5,2350,6,267,4260,19.9,28.7
2011,USA,Gasoline,Front-wheel drive,5,2370,6,272,4120,19.3,29.4
2016,Europe,Gasoline,Front-wheel drive,3,2350,6,254,3960,,32.2
2004,Europe,Gasoline,Rear-wheel drive,5,2070,6,229,3960,19.1,30.2
1980,Asia,Diesel,Front-wheel drive,4,2210,6,,4430,19.7,28.2
2018,Europe,Hybrid,Front-wheel drive,4,2700,7,302,4740,20.2,33.8
2021,USA,Diesel,All-wheel drive,4,1890,6,267,4290,18.0,34.1
1982,Europe,Gasoline,Rear-wheel drive,4,2230,6,248,4420,,28.2
2024,Asia,Diesel,All-wheel drive,5,2410,6,252,4440,17.4,29.5
1993,USA,Gasoline,All-wheel drive,4,2400,7,279,4560,18.5,25.6
2004,Europe,Gasoline,Front-wheel drive,2,2290,6,258,3880,19.0,34.1
1989,Europe,Diesel,Front-wheel drive,3,2330,6,272,4540,20.0,31.1
1976,USA,Gasoline,Front-wheel drive,5,2580,6,,4210,18.6,22.1
1985,Asia,Gasoline,Front-wheel drive,4,2360,6,255,4600,21.6,28.0
2001,Europe,Diesel,Front-wheel drive,3,2500,6,287,4290,16.7,29.7
1981,USA,Gasoline,All-wheel drive,4,2350,6,,4730,19.5,26.8
2020,USA,Gasoline,Front-wheel drive,3,2350,6,242,4090,19.6,32.0
1994,Asia,Diesel,Front-wheel drive,3,2260,6,232,3840,17.8,32.8
1985,USA,Diesel,Rear-wheel drive,3,2370,6,265,4310,18.9,29.0
2002,Europe,Gasoline,Rear-wheel drive,4,2550,7,269,4620,18.8,27.2
1978,USA,Gasoline,Front-wheel drive,4,2440,6,260,4320,20.3,24.7
2004,Europe,Gasoline,Front-wheel drive,5,2460,6,264,4440,18.5,28.9
2015,USA,Gasoline,Front-wheel drive,3,2210,6,262,4110,19.0,27.6
1989,USA,Gasoline,Rear-wheel drive,3,2390,6,275,4630,20.6,24.3
2002,USA,Diesel,Front-wheel drive,5,2270,6,269,4640,20.8,28.5
1980,Europe,Gasoline,All-wheel drive,5,2640,7,280,4890,21.1,27.3
2014,USA,Diesel,Front-wheel drive,5,2520,7,275,4550,19.5,34.6
1991,USA,Hybrid,Front-wheel drive,2,2210,6,250,4270,18.1,30.8
2005,Asia,Diesel,Front-wheel drive,3,2300,5,247,4420,18.9,34.2
2000,USA,Gasoline,Front-wheel drive,4,2340,6,262,4240,17.9,26.7
1995,Europe,Gasoline,All-wheel drive,4,2430,7,254,4530,20.1,29.1
1995,USA,Gasoline,Rear-wheel drive,3,2300,6,246,4340,18.0,24.4
2011,Europe,Gasoline,All-wheel drive,5,2300,6,244,4530,18.0,29.3
2021,Asia,Hybrid,All-wheel drive,4,2080,6,224,4320,17.6,35.2
1987,USA,Diesel,Front-wheel drive,3,2250,6,263,4030,17.2,31.0
2007,USA,Gasoline,All-wheel drive,3,2390,7,275,4410,20.7,29.8
2013,Europe,Gasoline,All-wheel drive,3,2390,7,258,4700,18.1,30.1
1998,USA,Gasoline,Front-wheel drive,2,2150,6,228,4210,18.6,30.8
2020,USA,Gasoline,Front-wheel drive,4,2160,6,251,4180,18.2,30.0
2023,USA,Gasoline,All-wheel drive,2,2280,7,264,4630,19.7,27.7
2010,Asia,Gasoline,Front-wheel drive,5,2470,7,257,4450,20.6,30.6
2006,USA,Diesel,Front-wheel drive,4,2070,5,243,4030,18.9,33.0
1993,Asia,Gasoline,Rear-wheel drive,3,2310,6,245,4510,21.0,29.5
1982,Asia,Gasoline,Front-wheel drive,4,2370,7,,4330,19.3,31.6
1989,USA,Gasoline,Front-wheel drive,5,2030,6,244,4240,20.7,27.2
2009,USA,Gasoline,Front-wheel drive,2,2320,6,260,4280,18.4,30.9
2005,Europe,Gasoline,Front-wheel drive,3,2290,6,273,4350,19.4,30.7
1986,Europe,Gasoline,Front-wheel drive,4,2090,5,247,3800,19.0,27.4
2015,USA,Gasoline,Rear-wheel drive,4,2470,6,284,4540,15.9,29.2
1986,Asia,Hybrid,All-wheel drive,3,2430,7,264,4630,18.9,31.4
1991,USA,Diesel,Front-wheel drive,4,2450,7,299,4360,17.7,28.4
1979,USA,Diesel,Front-wheel drive,4,2330,6,281,4040,18.7,27.5
1975,Europe,Gasoline,Front-wheel drive,3,2270,6,,4190,20.1,30.0
2009,Asia,Gasoline,Front-wheel drive,3,1960,5,197,3990,19.4,30.3
2016,Europe,Gasoline,Front-wheel drive,4,2490,6,261,4180,17.8,31.2
1985,Asia,Gasoline,Front-wheel drive,3,2140,6,230,4140,21.0,27.5
1986,USA,Gasoline,Rear-wheel drive,3,2200,6,268,4590,20.8,27.7
2023,Asia,Gasoline,Front-wheel drive,3,2570,6,280,4360,17.5,31.1
2004,USA,Gasoline,Rear-wheel drive,3,2410,6,269,4310,18.7,25.6
2021,USA,Gasoline,All-wheel drive,3,2170,6,258,4430,15.5,30.6
1986,USA,Gasoline,Rear-wheel drive,4,2370,6,265,4700,21.1,27.0
2002,USA,Diesel,Front-wheel drive,4,2000,5,242,3970,18.8,30.0
1999,Asia,Hybrid,All-wheel drive,2,2230,5,242,4050,16.8,34.1
1988,Asia,Gasoline,Front-wheel drive,5,2280,6,253,4140,18.6,32.1
2002,Europe,Diesel,Front-wheel drive,5,2080,6,229,4070,19.4,35.4
1995,Europe,Gasoline,Rear-wheel drive,4,2220,6,210,4330,19.5,28.7
1988,Asia,Gasoline,Rear-wheel drive,4,2230,5,240,4180,19.5,30.0
1991,Asia,Gasoline,All-wheel drive,3,2430,7,261,4650,19.3,24.3
1994,USA,Gasoline,All-wheel drive,5,2270,6,249,4700,21.0,29.9
1987,Asia,Gasoline,Front-wheel drive,4,2340,7,249,4450,22.1,26.3
2006,Asia,Gasoline,Rear-wheel drive,2,2310,6,259,4390,20.2,29.5
2000,Europe,Hybrid,Front-wheel drive,4,2380,6,262,4390,15.0,30.3
2007,USA,Gasoline,Front-wheel drive,2,2380,6,251,4540,20.5,28.2
2022,Europe,Gasoline,Rear-wheel drive,4,2420,6,263,4740,19.3,31.6
1991,Europe,Diesel,Rear-wheel drive,5,2470,6,285,4880,20.2,26.7
1987,Asia,Gasoline,Front-wheel drive,4,2490,7,258,4530,19.0,27.4
2014,USA,Diesel,Front-wheel drive,3,1990,6,249,3730,18.1,35.4
2020,Europe,Gasoline,All-wheel drive,4,1820,5,195,3870,17.3,32.3
1976,USA,Diesel,Front-wheel drive,4,2200,6,258,4130,17.7,28.2
1990,Asia,Diesel,Rear-wheel drive,4,2580,6,280,4490,18.7,28.0
1994,Asia,Gasoline,All-wheel drive,4,2200,6,242,4220,20.2,28.5
2010,USA,Diesel,Front-wheel drive,5,2410,6,261,4270,16.8,32.2
1998,Asia,Diesel,Front-wheel drive,2,2280,6,260,3950,16.6,30.8
2013,USA,Gasoline,Front-wheel drive,3,2450,6,280,4270,22.1,29.7
1981,Asia,Gasoline,All-wheel drive,3,2560,6,261,4720,20.4,24.5
1982,USA,Gasoline,Front-wheel drive,4,2250,6,,4360,19.0,25.1
2002,Asia,Hybrid,All-wheel drive,3,2560,7,279,4880,21.6,32.4
1995,USA,Gasoline,Front-wheel drive,4,2270,6,267,4250,20.7,29.1
2023,USA,Gasoline,All-wheel drive,2,2080,5,237,4080,20.2,30.8
2011,USA,Gasoline,Front-wheel drive,4,2390,7,266,4420,18.1,28.6
1983,Europe,Gasoline,Rear-wheel drive,4,2290,6,261,4390,19.5,26.9
2010,Asia,Gasoline,Rear-wheel drive,4,2390,6,263,4290,19.1,30.6
2005,USA,Gasoline,Rear-wheel drive,5,2280,6,256,4550,19.5,28.2
2019,Asia,Gasoline,Front-wheel drive,5,2060,6,246,3860,18.6,32.7
1980,Europe,Hybrid,All-wheel drive,3,2020,6,,4190,18.7,32.7
1988,USA,Gasoline,Front-wheel drive,3,2420,6,276,4280,16.5,27.6
1983,USA,Gasoline,Front-wheel drive,3,2020,6,,3910,19.1,27.2
2004,Asia,Diesel,Front-wheel drive,4,2490,6,264,4640,21.5,31.0
1998,USA,Gasoline,Front-wheel drive,3,2060,6,238,3840,20.2,31.0
2005,Asia,Gasoline,Rear-wheel drive,5,2360,6,223,4760,21.9,27.8
2014,USA,Gasoline,Rear-wheel drive,5,2180,6,266,4480,17.6,29.3
2016,Asia,Hybrid,Front-wheel drive,3,2070,6,228,3660,16.1,39.0
1994,USA,Gasoline,Rear-wheel drive,3,1800,5,225,3980,19.6,29.1
2014,Asia,Diesel,All-wheel drive,5,2220,6,268,4360,17.8,32.2
1996,Europe,Gasoline,Front-wheel drive,4,2260,6,250,4170,21.8,33.3
1982,Europe,Diesel,Front-wheel drive,4,2150,6,250,3990,18.7,31.7
1997,Asia,Diesel,All-wheel drive,4,2270,6,260,4410,17.1,29.6
2021,Asia,Gasoline,Front-wheel drive,3,2360,6,236,4230,19.9,30.3
2007,Europe,Gasoline,Front-wheel drive,3,2030,5,232,3740,18.0,31.9
1990,Europe,Gasoline,Rear-wheel drive,3,2360,7,265,4270,18.5,27.2
1977,Asia,Diesel,All-wheel drive,4,2200,6,235,4530,23.3,28.5
1980,Europe,Gasoline,Front-wheel drive,5,1890,6,224,4000,17.5,29.3
1979,Asia,Gasoline,Front-wheel drive,4,2180,6,,4030,19.6,30.8
2004,USA,Diesel,Front-wheel drive,4,2190,6,280,4240,18.0,30.9
1978,Asia,Diesel,All-wheel drive,4,2370,6,,4520,18.3,33.1
2003,Asia,Diesel,Rear-wheel drive,3,2280,6,262,4150,19.3,31.7
1993,USA,Hybrid,Front-wheel drive,4,2590,6,288,4740,17.6,33.1
2016,USA,Gasoline,All-wheel drive,3,2480,6,280,4410,19.0,31.2
1994,USA,Gasoline,Rear-wheel drive,5,2210,6,238,4450,21.5,27.6
1988,Europe,Gasoline,Rear-wheel drive,4,2160,6,238,4030,15.7,28.7
2005,USA,Gasoline,Front-wheel drive,5,2190,6,244,4270,18.1,30.8
2008,USA,Diesel,Front-wheel drive,4,2340,6,276,4380,19.1,31.8
2021,Asia,Gasoline,All-wheel drive,4,1860,5,181,4070,21.2,31.9
2007,Europe,Gasoline,All-wheel drive,3,1950,6,199,4270,18.3,30.8
1996,USA,Gasoline,All-wheel drive,3,2260,6,279,4290,17.8,25.6
1976,Asia,Gasoline,Front-wheel drive,4,2400,6,255,4380,19.2,29.0
1998,Europe,Gasoline,All-wheel drive,2,2530,7,281,4730,22.5,28.1
1989,Asia,Gasoline,Front-wheel drive,5,2290,6,243,4280,19.6,27.6
2018,USA,Gasoline,Front-wheel drive,3,1950,6,245,3820,18.6,31.7
2019,Asia,Hybrid,Front-wheel drive,5,2190,6,243,4300,17.5,36.3
2016,USA,Gasoline,Rear-wheel drive,3,2400,6,257,4350,19.2,28.0
1983,USA,Gasoline,Rear-wheel drive,5,2230,6,263,4650,20.1,25.4
1998,Asia,Hybrid,Rear-wheel drive,4,2170,6,239,4160,18.9,32.6
2005,USA,Gasoline,All-wheel drive,5,2270,7,271,4480,19.7,29.6
2012,Europe,Gasoline,Front-wheel drive,4,2190,6,227,4240,17.9,30.0
2005,Asia,Diesel,All-wheel drive,4,2440,6,279,4610,19.2,32.0
2019,USA,Diesel,Front-wheel drive,3,2410,6,288,4270,16.9,30.6
1989,USA,Hybrid,Front-wheel drive,3,2380,6,291,4290,16.5,30.6
1984,Asia,Gasoline,All-wheel drive,3,2350,6,247,4420,18.5,28.5
2018,Europe,Gasoline,Front-wheel drive,3,2310,6,238,4250,19.3,31.5
1999,USA,Gasoline,Front-wheel drive,2,2340,6,271,4150,19.3,28.0
2006,USA,Diesel,Rear-wheel drive,2,2440,6,,4260,17.5,28.7
2024,USA,Hybrid,Rear-wheel drive,4,2230,5,245,4310,18.3,34.2
1982,Asia,Gasoline,Front-wheel drive,2,2550,6,274,4450,20.5,27.0
2002,USA,Diesel,Front-wheel drive,3,2600,6,294,4480,18.5,27.8
1992,USA,Gasoline,Front-wheel drive,3,2340,6,283,4300,17.9,27.6
1996,Europe,Hybrid,All-wheel drive,3,2100,6,227,4560,18.1,32.0
2004,USA,Gasoline,Rear-wheel drive,5,2110,6,237,4310,19.5,27.6
1975,USA,Gasoline,Front-wheel drive,3,2800,7,294,4740,19.6,23.1
2004,Europe,Gasoline,Rear-wheel drive,2,2350,6,256,4510,18.1,28.4
1988,Asia,Diesel,Front-wheel drive,4,2290,7,277,4380,18.5,30.3
2002,Asia,Gasoline,Rear-wheel drive,4,2240,6,261,4370,18.9,29.9
1993,USA,Hybrid,Front-wheel drive,3,2270,6,,4060,18.0,30.7
2022,Europe,Diesel,Front-wheel drive,4,2380,6,263,4250,17.0,37.8
1982,Asia,Gasoline,Front-wheel drive,4,2180,6,228,4080,17.5,31.1
1988,USA,Gasoline,Front-wheel drive,4,2410,6,272,4370,18.7,25.5
2015,USA,Diesel,Front-wheel drive,3,1900,5,239,3790,20.3,32.5
1999,Europe,Gasoline,Rear-wheel drive,4,2300,6,239,4490,20.6,29.7
1990,Asia,Gasoline,All-wheel drive,2,2520,7,274,4580,17.1,28.5
1998,USA,Gasoline,Front-wheel drive,5,2490,6,312,4490,17.5,28.7
1986,Asia,Gasoline,Front-wheel drive,2,2450,6,266,4160,18.6,29.9
2014,Asia,Diesel,All-wheel drive,4,2230,6,240,4470,20.5,30.3
2010,Asia,Hybrid,Front-wheel drive,5,2150,6,261,4090,19.4,34.8
2013,USA,Gasoline,Rear-wheel drive,4,2590,7,308,4300,17.7,28.8
2003,Europe,Gasoline,All-wheel drive,4,2290,6,249,4250,,26.9
2006,USA,Diesel,Front-wheel drive,5,2470,6,274,4310,19.7,32.4
2004,USA,Gasoline,Front-wheel drive,3,2320,6,240,3950,17.2,30.2
1993,Asia,Gasoline,All-wheel drive,2,2360,6,252,4460,21.0,28.6
2022,USA,Gasoline,Front-wheel drive,3,2160,6,226,4370,17.6,33.9
2010,Asia,Gasoline,Front-wheel drive,4,2300,6,254,4220,19.8,30.5
2021,Europe,Diesel,Front-wheel drive,3,2270,6,256,4050,16.7,33.9
2016,Europe,Gasoline,Rear-wheel drive,4,2120,6,235,4330,18.8,31.9
2021,Asia,Gasoline,Front-wheel drive,3,2230,6,232,4200,18.6,32.9
1997,Asia,Gasoline,All-wheel drive,2,2330,6,263,4540,19.9,29.2
2001,Europe,Diesel,Front-wheel drive,5,1920,5,233,3730,18.7,36.0
1989,USA,Gasoline,Front-wheel drive,4,2330,6,269,4430,19.8,26.6
1999,USA,Hybrid,Rear-wheel drive,3,2180,6,236,4270,19.0,32.2
2017,USA,Hybrid,Front-wheel drive,4,2080,6,264,3910,19.7,34.1
1987,Asia,Diesel,Front-wheel drive,5,2240,6,264,4280,18.7,30.9
1985,Asia,Gasoline,Front-wheel drive,3,2400,7,262,4520,18.1,27.0
2002,USA,Gasoline,All-wheel drive,4,2700,7,314,5180,17.6,23.2
2018,USA,Diesel,Front-wheel drive,3,1990,5,260,3800,16.5,33.0
1997,USA,Gasoline,All-wheel drive,4,2400,7,271,4540,17.9,25.0
1983,USA,Gasoline,Front-wheel drive,3,2100,5,228,4140,20.3,26.6
1981,Asia,Gasoline,Rear-wheel drive,4,2070,6,,3840,19.3,29.9
2010,Asia,Gasoline,Rear-wheel drive,2,2500,6,271,4580,17.9,29.4
2024,USA,Gasoline,Front-wheel drive,2,1980,6,245,4030,18.4,30.8
2014,Asia,Gasoline,Rear-wheel drive,3,2140,6,242,4060,19.1,30.9
2014,Asia,Gasoline,Front-wheel drive,4,2140,6,235,4020,20.1,31.2
2017,USA,Diesel,Front-wheel drive,4,2410,7,291,4480,18.3,29.5
1976,USA,Hybrid,Front-wheel drive,3,2080,6,227,4390,21.4,30.9
1997,Asia,Gasoline,All-wheel drive,4,2300,6,254,4500,20.1,28.5
1981,Europe,Gasoline,Front-wheel drive,3,2190,6,228,4060,20.0,29.8
2024,Asia,Gasoline,All-wheel drive,2,2530,6,258,4680,19.0,29.2
2001,Asia,Gasoline,Front-wheel drive,4,2220,6,244,3760,19.2,30.0
2023,Asia,Diesel,Rear-wheel drive,2,2270,6,276,4420,17.9,33.0
2019,Asia,Gasoline,Front-wheel drive,3,2060,6,228,3670,16.1,32.6
1998,Asia,Hybrid,Front-wheel drive,2,2230,7,248,3900,19.0,34.5
2019,Asia,Gasoline,Front-wheel drive,4,2290,7,247,4320,18.8,33.9
1989,USA,Gasoline,All-wheel drive,4,2010,6,245,4300,18.4,24.5
2024,Asia,Gasoline,Front-wheel drive,4,2410,6,260,4370,18.3,33.0
1997,USA,Gasoline,All-wheel drive,3,2490,6,284,4430,19.4,29.5
2011,USA,Gasoline,Rear-wheel drive,3,2760,7,291,4810,19.3,30.7
1980,USA,Diesel,Front-wheel drive,5,2280,6,269,4720,20.1,29.5
2014,USA,Gasoline,Rear-wheel drive,2,1910,6,,4150,20.0,33.0
1993,USA,Gasoline,All-wheel drive,5,2390,7,279,4670,19.9,24.2
1978,Europe,Gasoline,All-wheel drive,3,2200,6,236,4330,18.2,27.2
2017,Asia,Gasoline,Rear-wheel drive,5,2080,6,258,4470,18.3,32.5
2021,Asia,Diesel,Front-wheel drive,3,2060,6,225,4010,18.8,35.1
1982,USA,Gasoline,All-wheel drive,4,2520,7,289,4970,19.7,22.6
1997,Europe,Diesel,Front-wheel drive,3,2490,7,284,4440,,32.1
1987,USA,Diesel,Rear-wheel drive,4,2210,6,260,4380,18.9,30.2
2019,USA,Gasoline,Front-wheel drive,3,2270,6,259,4270,20.8,33.0
2007,USA,Diesel,Rear-wheel drive,5,2400,6,278,4570,18.6,32.2
2016,Europe,Gasoline,Rear-wheel drive,4,2250,6,253,4330,18.6,29.6
2007,USA,Gasoline,Front-wheel drive,4,2310,7,295,4610,17.0,30.9
1994,USA,Gasoline,Front-wheel drive,3,2320,6,259,4310,20.9,25.1
2014,Europe,Gasoline,Front-wheel drive,3,2400,6,,4330,19.5,33.2
1977,Europe,Gasoline,Front-wheel drive,4,2310,6,239,4210,18.8,26.9
2013,Asia,Gasoline,Front-wheel drive,3,2520,6,252,4220,18.9,28.3
2000,Europe,Diesel,Front-wheel drive,4,2240,6,255,4020,20.3,30.3
2004,Asia,Diesel,Rear-wheel drive,4,2360,6,268,4300,17.9,35.0
2022,Asia,Gasoline,Rear-wheel drive,2,2370,6,243,4730,19.1,27.8
1977,Europe,Gasoline,Front-wheel drive,2,1970,5,209,3700,18.0,32.1
1992,Asia,Gasoline,Rear-wheel drive,3,2540,7,258,4570,18.0,27.8
2013,Europe,Diesel,Front-wheel drive,4,2310,6,265,4130,18.4,29.0
1997,Europe,Diesel,Front-wheel drive,5,1980,6,245,4100,,36.9
1984,USA,Gasoline,Front-wheel drive,3,2460,6,265,4380,18.0,26.1
2008,Asia,Gasoline,Front-wheel drive,4,2110,5,220,3810,17.2,30.8
1999,Asia,Diesel,Rear-wheel drive,3,2040,5,231,3960,19.9,31.5
1987,Europe,Diesel,Front-wheel drive,5,2640,7,286,4580,19.2,30.6
1993,USA,Gasoline,All-wheel drive,2,2360,6,250,4390,21.0,24.0
2011,Asia,Gasoline,Front-wheel drive,4,2250,6,222,4160,19.7,30.2
2010,USA,Gasoline,Rear-wheel drive,3,2390,7,287,4590,19.0,28.2
2010,Europe,Gasoline,All-wheel drive,2,2360,6,234,4370,17.4,27.1
1996,Asia,Gasoline,Front-wheel drive,2,2150,6,243,3960,18.2,30.8
1989,USA,Gasoline,Rear-wheel drive,3,2420,7,,4650,16.6,26.8
1983,USA,Gasoline,Front-wheel drive,3,2360,6,,4390,18.2,27.7
1993,Asia,Gasoline,Front-wheel drive,4,1920,5,223,3980,18.9,29.1
2004,Asia,Gasoline,All-wheel drive,3,2130,6,250,4230,19.1,30.3
1991,Asia,Gasoline,All-wheel drive,2,2270,7,242,4640,18.9,28.4
2013,Europe,Gasoline,All-wheel drive,3,2120,6,225,4220,18.2,30.1
2020,USA,Gasoline,All-wheel drive,3,2770,7,313,4940,17.7,27.2
1997,Asia,Gasoline,Rear-wheel drive,2,2310,6,238,4430,18.0,29.3
2012,Asia,Diesel,Front-wheel drive,3,2210,6,251,4540,17.9,32.0
1990,USA,Gasoline,Front-wheel drive,5,2190,6,242,4360,19.4,28.7
1991,USA,Hybrid,Front-wheel drive,2,2390,7,278,4480,22.3,28.2
2007,Europe,Gasoline,Rear-wheel drive,4,2320,7,252,4290,19.9,30.6
1975,USA,Gasoline,All-wheel drive,4,2380,6,,4440,20.1,25.2
1976,Asia,Diesel,Front-wheel drive,4,2260,6,253,4080,18.1,28.6
2011,USA,Gasoline,All-wheel drive,4,2500,7,295,4570,20.0,26.5
1998,Asia,Hybrid,All-wheel drive,2,2150,6,252,4280,21.2,33.0
1981,USA,Gasoline,Front-wheel drive,2,2410,7,,4190,17.6,29.1
1982,Europe,Gasoline,Front-wheel drive,4,2270,6,,3840,18.1,34.1
2024,USA,Hybrid,Front-wheel drive,4,2120,5,246,4150,18.2,38.2
2000,Europe,Gasoline,Front-wheel drive,4,2220,6,225,4200,20.1,32.2
2002,USA,Gasoline,Front-wheel drive,2,2350,6,261,4260,21.8,30.0
2019,Asia,Gasoline,Front-wheel drive,3,2480,7,300,4330,16.9,32.0
2022,Asia,Diesel,Front-wheel drive,4,1990,6,225,3870,17.2,41.2
2006,Asia,Gasoline,Front-wheel drive,4,2370,6,249,4210,20.0,28.3
2001,Europe,Gasoline,Rear-wheel drive,4,2160,6,257,4060,17.6,31.9
1985,USA,Gasoline,Rear-wheel drive,3,2480,6,266,4520,17.7,24.7
1978,Asia,Gasoline,Front-wheel drive,4,2300,6,242,4460,20.4,27.1
2020,USA,Gasoline,Front-wheel drive,4,2520,7,303,4750,16.7,32.2
2023,Europe,Gasoline,Front-wheel drive,5,2340,6,272,4300,19.0,30.4
2013,Asia,Gasoline,Front-wheel drive,3,2000,6,213,3940,19.9,32.8
2009,Asia,Gasoline,Front-wheel drive,5,2330,6,222,4330,17.3,33.6
1998,Europe,Gasoline,Front-wheel drive,4,2400,6,272,4150,17.1,30.4
1990,Asia,Diesel,Front-wheel drive,4,2100,6,259,4100,20.5,34.4
2020,USA,Gasoline,Front-wheel drive,5,2210,6,265,4450,18.6,28.5
1996,Europe,Diesel,Front-wheel drive,2,1770,5,202,3550,20.8,32.2
1993,Europe,Gasoline,Front-wheel drive,4,2030,5,,4060,20.6,28.2
2012,USA,Gasoline,Front-wheel drive,2,2130,6,233,3910,19.7,31.4
2022,Europe,Gasoline,Front-wheel drive,4,2220,6,269,3880,14.9,33.0
2006,USA,Gasoline,Front-wheel drive,2,2280,6,252,4190,20.5,25.7
1984,Asia,Gasoline,All-wheel drive,5,2020,6,221,4180,18.2,29.3
2020,Asia,Gasoline,Front-wheel drive,4,2110,6,210,4370,19.3,30.4
1985,Europe,Diesel,Rear-wheel drive,4,2200,6,265,4280,20.4,28.0
2015,USA,Gasoline,Front-wheel drive,2,2280,6,262,4050,16.7,31.3
1997,USA,Diesel,Front-wheel drive,4,2360,6,262,4630,18.8,29.5
2011,Europe,Gasoline,Rear-wheel drive,4,2520,7,275,4670,17.5,30.7
1976,Europe,Gasoline,Rear-wheel drive,4,1970,5,211,3900,20.0,31.2
1996,Asia,Diesel,Front-wheel drive,4,2080,6,224,3910,16.8,32.9
1991,USA,Diesel,Front-wheel drive,4,2070,5,257,4150,19.3,30.8
1977,USA,Gasoline,Front-wheel drive,3,2170,6,,4290,20.1,28.5
1982,Asia,Diesel,Front-wheel drive,4,2490,6,280,4760,20.1,30.0
2016,Asia,Gasoline,All-wheel drive,5,2050,5,226,4430,20.1,32.5
2014,Europe,Gasoline,Front-wheel drive,3,2160,5,223,3780,,33.7
2023,USA,Gasoline,Rear-wheel drive,3,2090,6,256,4490,20.2,32.3
1995,Asia,Gasoline,Rear-wheel drive,4,2240,6,249,4750,21.1,27.5
1997,Asia,Hybrid,Rear-wheel drive,3,2450,6,252,4350,18.2,28.6
1988,USA,Gasoline,Front-wheel drive,4,2190,6,267,4180,17.1,28.7
2021,USA,Hybrid,Front-wheel drive,5,2020,6,256,4460,19.3,36.0
2003,Europe,Gasoline,Rear-wheel drive,3,2100,6,224,4230,,30.5
1978,USA,Gasoline,Rear-wheel drive,4,2480,6,,4640,19.9,21.9
1999,USA,Gasoline,Front-wheel drive,2,2400,7,269,4320,19.9,30.6
2023,Asia,Gasoline,Front-wheel drive,4,2190,6,232,4060,18.8,34.4
2015,USA,Gasoline,Front-wheel drive,4,1670,5,201,3610,20.3,35.9
1995,Asia,Gasoline,Front-wheel drive,3,2220,6,245,4120,20.6,29.6
2007,USA,Gasoline,All-wheel drive,3,2070,6,224,4320,17.8,27.3
2005,Asia,Gasoline,Front-wheel drive,2,2310,6,245,4110,19.0,29.1
2021,Asia,Gasoline,Front-wheel drive,3,2340,7,257,4340,17.9,33.0
2011,Europe,Diesel,Front-wheel drive,2,2060,5,242,4100,19.8,31.1
1979,Asia,Hybrid,Front-wheel drive,3,2400,6,,4250,17.5,32.6
1975,USA,Gasoline,Front-wheel drive,4,2430,6,280,4440,19.0,24.7
1996,Europe,Gasoline,Rear-wheel drive,3,2400,7,255,4670,18.2,29.5
1991,Asia,Gasoline,All-wheel drive,3,2220,6,241,4210,18.1,29.9
1988,USA,Gasoline,Rear-wheel drive,3,2090,6,243,4240,18.3,25.8
1976,Europe,Gasoline,Rear-wheel drive,4,2250,6,233,4260,19.1,28.2
2016,USA,Gasoline,Front-wheel drive,4,2360,7,278,4730,18.3,29.7
2023,Europe,Gasoline,Front-wheel drive,3,2090,6,217,3910,18.3,33.1
1982,USA,Diesel,Front-wheel drive,4,2000,6,,4010,18.1,30.6
1983,USA,Diesel,Rear-wheel drive,5,2430,7,308,4750,18.6,28.6
1991,Europe,Gasoline,Front-wheel drive,3,2560,7,270,4490,18.4,28.2
2022,USA,Gasoline,Rear-wheel drive,5,2270,6,274,4580,16.9,32.8
1976,Asia,Diesel,Front-wheel drive,5,2510,6,279,4130,19.0,28.1
1983,Europe,Gasoline,All-wheel drive,2,1960,5,,4040,20.4,28.3
1990,Europe,Gasoline,Rear-wheel drive,3,2160,6,230,4160,,27.5
1977,Asia,Gasoline,Front-wheel drive,2,1980,5,,3780,17.8,32.5
1990,Asia,Gasoline,Front-wheel drive,3,2560,6,251,4380,21.0,31.4
1991,Europe,Gasoline,All-wheel drive,3,2470,7,284,4350,19.5,24.5
1980,Europe,Gasoline,Front-wheel drive,4,1890,5,206,3830,18.4,28.9
1988,USA,Gasoline,Front-wheel drive,3,2400,6,274,4340,18.2,26.9
2017,Europe,Gasoline,Front-wheel drive,3,2160,6,240,4260,19.8,32.4
1990,Asia,Diesel,Front-wheel drive,4,2070,5,243,3860,17.2,33.7
1989,Asia,Gasoline,Front-wheel drive,2,2360,7,261,4250,17.3,29.1
2001,Europe,Gasoline,All-wheel drive,5,2130,6,242,4540,21.3,30.2
2010,USA,Gasoline,Front-wheel drive,4,2390,6,252,4310,18.0,28.1
2002,Asia,Gasoline,Front-wheel drive,2,2250,6,253,3840,17.5,32.2
1981,Asia,Hybrid,Front-wheel drive,3,2180,6,236,4290,18.2,32.4
1981,Asia,Gasoline,Front-wheel drive,3,2120,6,,4070,19.3,29.7
1997,USA,Gasoline,All-wheel drive,4,2260,6,265,4280,18.1,26.5
1995,USA,Diesel,All-wheel drive,4,2380,7,281,4580,17.7,28.3
1992,Asia,Gasoline,Front-wheel drive,5,2350,6,275,4230,18.1,29.1
1979,USA,Gasoline,Rear-wheel drive,4,2240,6,256,4570,20.8,23.9
2018,Asia,Gasoline,Rear-wheel drive,4,2650,7,253,4470,18.4,28.8
2006,USA,Gasoline,Front-wheel drive,4,2260,6,251,4220,19.4,28.4
1977,Asia,Gasoline,Front-wheel drive,3,1940,5,216,4010,18.1,31.2
2011,Asia,Gasoline,Rear-wheel drive,2,2110,5,215,3930,16.9,32.0
2002,Europe,Gasoline,Front-wheel drive,3,2250,6,226,4100,20.3,30.1
2009,USA,Gasoline,All-wheel drive,2,2260,6,286,4740,18.0,29.2
1999,USA,Gasoline,All-wheel drive,3,1970,5,222,4280,19.1,27.1
2012,Europe,Diesel,Rear-wheel drive,4,2120,6,233,4420,22.5,34.6
2001,USA,Hybrid,Front-wheel drive,2,2380,6,276,4410,19.9,32.5
1991,Europe,Diesel,Front-wheel drive,4,2170,6,253,4140,19.0,31.0
1976,Europe,Gasoline,Front-wheel drive,3,2210,6,237,4230,20.6,28.3
1976,Asia,Gasoline,Rear-wheel drive,5,2140,6,235,4460,20.8,28.9
1975,Asia,Diesel,All-wheel drive,4,2530,7,289,4800,16.8,29.4
2017,USA,Hybrid,Rear-wheel drive,5,2400,6,269,4400,17.7,33.5
1987,USA,Gasoline,Front-wheel drive,5,2360,6,253,4190,18.5,29.7
2024,USA,Hybrid,Rear-wheel drive,4,2580,7,288,4600,18.2,33.1
2023,USA,Gasoline,Front-wheel drive,4,1990,6,230,4010,16.8,32.6
1984,USA,Hybrid,Front-wheel drive,4,2280,6,258,4280,21.4,36.0
1994,Asia,Gasoline,Rear-wheel drive,5,2400,7,267,4520,19.0,25.3
1983,Europe,Gasoline,Front-wheel drive,3,2200,6,251,3860,,28.6
2006,USA,Gasoline,Front-wheel drive,4,2490,7,274,4480,19.4,30.6
1999,Europe,Diesel,Front-wheel drive,4,2420,7,282,4070,19.9,33.2
1990,Asia,Gasoline,Front-wheel drive,5,1960,6,244,3830,18.0,31.8
2015,Asia,Diesel,Front-wheel drive,4,2450,7,261,4230,19.1,33.1
1989,Europe,Gasoline,Front-wheel drive,2,2430,6,266,4190,18.4,27.8
2009,Asia,Gasoline,All-wheel drive,4,2840,7,305,4890,20.9,27.4
1985,Europe,Gasoline,Front-wheel drive,4,2050,6,238,4070,16.3,30.6
2018,USA,Gasoline,Front-wheel drive,4,2300,6,274,4270,19.2,30.3
2003,Asia,Gasoline,All-wheel drive,3,1990,6,235,4190,18.8,31.0
2016,USA,Gasoline,Rear-wheel drive,3,2540,6,295,4790,16.3,29.5
2004,Asia,Gasoline,Front-wheel drive,5,2410,6,249,4270,17.0,28.3
1976,Europe,Gasoline,Front-wheel drive,3,2070,5,,3870,19.1,28.1
2004,USA,Gasoline,Front-wheel drive,3,2320,6,264,4470,19.9,28.7
2005,Europe,Diesel,Front-wheel drive,3,2010,6,251,3710,15.1,36.1
1987,USA,Hybrid,All-wheel drive,2,2450,6,266,4690,20.1,30.2
1999,Asia,Gasoline,Rear-wheel drive,3,2550,6,276,4560,18.5,27.1
1994,USA,Gasoline,Front-wheel drive,5,2380,6,276,4250,18.0,27.7
1995,USA,Diesel,Front-wheel drive,4,2070,6,264,3810,18.4,31.5
1984,Asia,Gasoline,Front-wheel drive,4,2020,5,224,3670,14.9,31.5
2012,USA,Diesel,All-wheel drive,3,2460,6,288,4580,18.8,29.7
2017,Europe,Gasoline,Front-wheel drive,4,2400,7,267,4400,18.4,30.9
1986,Europe,Gasoline,All-wheel drive,3,2060,5,215,4380,22.3,25.9
1982,Asia,Hybrid,Rear-wheel drive,4,1820,5,218,3730,19.5,34.1
1981,Europe,Gasoline,Rear-wheel drive,2,2330,6,249,4040,18.5,28.6
1980,USA,Gasoline,Front-wheel drive,4,2220,6,230,4170,19.2,25.0
1984,Asia,Gasoline,Front-wheel drive,5,2050,6,227,4020,19.1,28.6
2011,USA,Gasoline,Rear-wheel drive,3,2540,7,301,4770,17.4,28.7
2023,Europe,Diesel,Front-wheel drive,5,2120,6,246,4250,17.1,33.7
1992,USA,Diesel,Front-wheel drive,4,2170,6,273,4160,16.4,28.4
2021,USA,Gasoline,Front-wheel drive,5,2290,6,256,4330,18.6,28.6
2013,Asia,Gasoline,Front-wheel drive,3,2250,6,235,4080,18.7,32.9
1990,Europe,Diesel,All-wheel drive,5,2310,6,296,4660,19.9,28.8
1980,Europe,Gasoline,Rear-wheel drive,3,2530,6,,4680,19.6,26.0
2005,USA,Gasoline,Front-wheel drive,3,2270,6,251,4400,17.1,27.7
1997,Europe,Diesel,Front-wheel drive,3,2700,7,309,4750,17.3,28.3
2022,Asia,Hybrid,Front-wheel drive,5,2310,6,250,3910,18.2,35.7
1981,Europe,Diesel,All-wheel drive,3,2550,6,262,4750,18.0,24.6
1979,Europe,Diesel,Rear-wheel drive,4,1960,6,244,4110,17.6,29.7
1999,Europe,Diesel,All-wheel drive,5,2240,6,261,4440,17.1,29.6
2010,Asia,Diesel,Front-wheel drive,4,2170,6,251,3970,19.8,34.1
2019,Europe,Gasoline,Rear-wheel drive,2,1900,5,209,4110,19.1,33.4
2000,USA,Hybrid,All-wheel drive,3,2360,6,278,4640,16.0,31.3
1983,Asia,Gasoline,All-wheel drive,3,1960,5,,4190,21.4,27.9
2021,Asia,Diesel,All-wheel drive,4,2240,6,280,4450,20.7,32.3
2012,Europe,Gasoline,Front-wheel drive,2,2160,6,266,4040,18.5,31.5
1987,Europe,Gasoline,Front-wheel drive,2,2150,6,223,4120,19.1,29.2
2010,Europe,Gasoline,All-wheel drive,4,2110,6,251,4220,,30.1
1978,Europe,Gasoline,Front-wheel drive,3,2210,5,,4030,18.8,28.3
1991,USA,Diesel,Front-wheel drive,3,2320,6,268,4260,19.9,31.4
1980,Asia,Diesel,Front-wheel drive,3,2420,7,,4220,17.2,28.3
2012,Europe,Gasoline,Front-wheel drive,3,2320,6,251,4170,20.1,32.9
2009,Europe,Gasoline,Front-wheel drive,4,1910,5,209,3860,18.5,32.8
2008,Europe,Gasoline,Front-wheel drive,5,2410,7,262,4290,17.1,29.4
1989,Asia,Gasoline,Front-wheel drive,3,2260,6,258,3950,20.4,30.5
1979,Asia,Diesel,All-wheel drive,4,2240,6,246,4370,20.5,30.1
2008,Europe,Gasoline,Front-wheel drive,4,2070,6,196,4020,21.2,31.0
2006,Europe,Gasoline,Front-wheel drive,2,2480,7,264,4290,,26.1
2022,Europe,Gasoline,Front-wheel drive,4,2090,6,257,4060,20.2,32.2
1979,USA,Gasoline,Front-wheel drive,3,1860,5,,3850,20.2,31.2
1979,Europe,Diesel,Front-wheel drive,5,2030,6,,4020,18.9,33.2
1993,USA,Hybrid,All-wheel drive,5,2040,6,236,4400,18.0,31.8
2019,Europe,Gasoline,Rear-wheel drive,4,2230,5,236,3940,17.8,34.3
1998,Asia,Gasoline,Front-wheel drive,3,2080,6,240,4070,18.6,30.7
1991,Europe,Gasoline,Front-wheel drive,3,2500,6,286,4250,19.2,28.8
2018,Asia,Hybrid,All-wheel drive,2,2240,6,248,4110,16.8,35.8
2022,Europe,Gasoline,Front-wheel drive,3,2430,6,291,4300,17.0,32.8
2005,Asia,Gasoline,All-wheel drive,2,2430,6,256,4330,20.2,31.1
1999,Asia,Diesel,Front-wheel drive,4,2220,6,263,4360,20.4,32.3
1999,USA,Gasoline,Front-wheel drive,4,2550,7,271,4500,19.4,25.2
2009,Europe,Diesel,Rear-wheel drive,2,2250,6,242,3890,,31.9
2017,USA,Diesel,All-wheel drive,3,2430,6,282,4840,19.2,29.3
2014,USA,Gasoline,Rear-wheel drive,4,2170,6,253,4280,17.8,28.9
2005,Asia,Gasoline,All-wheel drive,3,2110,6,240,4130,19.7,29.1
2011,Europe,Gasoline,All-wheel drive,3,2630,7,291,4710,20.3,27.4
1982,Asia,Diesel,Front-wheel drive,4,2140,5,241,4270,19.7,32.4
2012,USA,Diesel,Front-wheel drive,4,2440,6,253,4490,17.7,35.1
1982,USA,Gasoline,All-wheel drive,3,2480,7,278,4610,22.7,26.3
2021,Europe,Hybrid,All-wheel drive,5,2490,6,282,4690,21.1,35.5
2014,USA,Gasoline,Front-wheel drive,4,2420,7,264,4480,18.2,30.8
1994,USA,Gasoline,Rear-wheel drive,4,2270,6,245,4430,19.1,29.0
1997,USA,Gasoline,Front-wheel drive,3,2230,6,284,4200,17.5,30.5
2013,Europe,Gasoline,Rear-wheel drive,4,2110,6,243,4110,20.0,32.6
1977,USA,Gasoline,All-wheel drive,5,2120,6,,4520,21.5,22.5
1978,Europe,Gasoline,Rear-wheel drive,4,2460,6,,4400,,26.9
2005,Asia,Gasoline,Front-wheel drive,3,2340,6,268,4340,20.2,27.9
2001,USA,Gasoline,Front-wheel drive,3,2320,6,276,4290,18.7,29.5
1995,Europe,Gasoline,Rear-wheel drive,2,2360,7,265,4370,20.3,30.4
2020,USA,Gasoline,Front-wheel drive,4,2360,6,268,4490,17.3,31.3
2016,Europe,Gasoline,Rear-wheel drive,5,2420,7,271,4440,,30.4
2023,USA,Diesel,Front-wheel drive,2,2130,5,239,3850,18.1,36.0
1980,Asia,Diesel,Rear-wheel drive,3,2100,5,221,4130,21.1,31.0
1990,USA,Gasoline,Front-wheel drive,4,2330,6,263,4510,18.4,26.2
1984,Europe,Gasoline,Front-wheel drive,2,2400,7,,4290,20.2,29.0
2005,Asia,Hybrid,Front-wheel drive,3,2160,6,247,3790,14.7,34.3
1996,Asia,Gasoline,Rear-wheel drive,3,2050,6,233,4260,20.5,31.7
1977,USA,Diesel,Front-wheel drive,3,2130,6,,4210,19.4,29.8
1990,USA,Gasoline,Front-wheel drive,3,2310,6,268,4420,19.5,29.4
1978,Europe,Diesel,Rear-wheel drive,2,2250,6,237,4290,20.0,30.3
1986,USA,Gasoline,Front-wheel drive,2,2170,6,240,4250,18.4,29.2
2007,Europe,Gasoline,Front-wheel drive,3,2200,6,222,4100,20.0,32.4
1993,Asia,Hybrid,Front-wheel drive,5,2300,6,256,4290,18.1,33.9
2011,Asia,Hybrid,All-wheel drive,2,2480,6,244,4430,19.2,35.3
2007,USA,Diesel,Front-wheel drive,3,2180,6,258,4170,18.4,34.3
1985,Asia,Gasoline,Rear-wheel drive,4,1840,5,220,3890,19.4,29.3
2009,Asia,Gasoline,Front-wheel drive,3,2360,7,263,4370,17.3,30.8
2014,USA,Gasoline,Rear-wheel drive,4,2090,6,238,3980,18.7,32.6
1985,USA,Gasoline,All-wheel drive,4,2460,6,253,4600,21.0,24.7
2018,Asia,Gasoline,Front-wheel drive,5,2350,6,241,4420,16.5,32.6
2016,Europe,Diesel,Rear-wheel drive,3,2410,6,279,4340,18.6,32.2
2023,Asia,Gasoline,Front-wheel drive,2,1960,5,223,3980,17.7,34.3
2006,USA,Gasoline,Front-wheel drive,4,1910,5,229,4040,18.8,30.7
1976,USA,Gasoline,Front-wheel drive,3,2290,6,256,4190,19.8,27.7
1982,USA,Gasoline,Front-wheel drive,4,2580,7,,4490,17.6,25.9
1996,Europe,Gasoline,Front-wheel drive,4,2050,6,243,3890,19.2,32.6
2015,USA,Gasoline,Front-wheel drive,5,2310,6,250,4310,18.2,28.8
1988,USA,Gasoline,Front-wheel drive,3,2440,7,280,4450,18.4,28.3
1999,USA,Diesel,Front-wheel drive,4,2440,6,301,4500,20.0,29.1
2016,Europe,Gasoline,Rear-wheel drive,3,2490,6,259,4370,19.0,29.4
2016,USA,Hybrid,Front-wheel drive,4,2150,6,238,4350,16.0,33.2
1995,Europe,Diesel,All-wheel drive,3,2020,5,219,4030,19.3,32.5
2019,Europe,Gasoline,All-wheel drive,4,2330,6,256,4440,18.1,31.1
1979,Asia,Gasoline,Front-wheel drive,5,2230,6,,4330,18.5,26.5
1976,USA,Gasoline,All-wheel drive,4,2360,6,283,4490,22.2,22.9
1988,Asia,Gasoline,All-wheel drive,5,2270,6,235,4410,18.0,28.5
1997,USA,Gasoline,Rear-wheel drive,3,2090,6,235,4090,17.6,31.3
1982,Europe,Gasoline,Rear-wheel drive,4,2090,6,244,4280,17.9,28.0
2010,Asia,Gasoline,Rear-wheel drive,3,2380,6,265,4000,16.9,33.0
2013,USA,Diesel,All-wheel drive,4,2260,6,284,4500,18.9,31.1
1991,Asia,Gasoline,All-wheel drive,3,2000,5,218,4110,19.2,31.2
1982,USA,Gasoline,Rear-wheel drive,3,2250,6,,4130,18.4,27.1
1997,Europe,Gasoline,All-wheel drive,2,2080,6,236,4290,19.4,28.9
1990,USA,Gasoline,Rear-wheel drive,2,2400,6,270,4570,19.0,27.3
2001,Asia,Gasoline,Front-wheel drive,5,2010,6,243,3970,15.0,29.4
1994,USA,Gasoline,Front-wheel drive,4,2200,5,226,4050,21.1,31.3
1981,Asia,Gasoline,Front-wheel drive,4,2360,6,257,4220,19.7,30.1
2010,USA,Diesel,Front-wheel drive,3,2500,6,286,4690,19.9,30.6
1994,Europe,Gasoline,Front-wheel drive,5,2100,5,234,4090,19.5,31.9
1994,Europe,Gasoline,Rear-wheel drive,3,1930,5,212,3980,18.5,29.8
2022,USA,Gasoline,All-wheel drive,3,1950,6,226,4060,21.5,30.2
1999,USA,Gasoline,Front-wheel drive,5,2010,6,244,4160,20.0,28.7
2011,USA,Diesel,Front-wheel drive,3,2360,6,258,4490,18.6,31.1
1992,Europe,Gasoline,Rear-wheel drive,3,2450,6,278,4530,18.6,27.5
2011,Asia,Hybrid,Front-wheel drive,4,2080,6,197,4090,21.5,37.6
1983,USA,Gasoline,Front-wheel drive,4,2080,6,262,4190,21.1,28.9
1999,Europe,Diesel,Front-wheel drive,4,2360,6,264,4010,19.0,29.5
1979,Europe,Gasoline,Rear-wheel drive,4,2060,6,,4280,19.5,27.1
1991,Asia,Diesel,Front-wheel drive,2,2480,6,256,4350,17.6,27.5
2016,Asia,Diesel,All-wheel drive,4,2170,6,226,4240,20.9,32.3
2015,Asia,Gasoline,All-wheel drive,5,2110,6,214,4270,20.2,30.4
2001,Europe,Gasoline,Front-wheel drive,3,2400,6,254,4260,19.7,30.5
2014,Europe,Gasoline,All-wheel drive,3,2360,6,241,4440,,32.8
2011,Asia,Gasoline,Front-wheel drive,4,2130,6,235,4040,18.5,31.0
2002,USA,Gasoline,All-wheel drive,2,2090,6,249,4180,18.7,31.3
1979,USA,Gasoline,Front-wheel drive,4,2670,7,297,4610,17.6,23.5
2023,Europe,Diesel,Rear-wheel drive,3,2210,6,250,4440,18.4,31.7
1999,Europe,Gasoline,All-wheel drive,3,2340,6,255,4490,20.9,26.0
1995,Europe,Gasoline,Front-wheel drive,3,1920,6,212,3640,17.5,32.4
1997,Asia,Hybrid,Rear-wheel drive,3,2270,6,232,3970,17.7,35.4
1989,USA,Gasoline,Front-wheel drive,3,2280,6,250,4280,20.3,29.4
2015,Europe,Gasoline,Front-wheel drive,4,2270,7,255,4210,19.9,30.8
2007,Europe,Diesel,All-wheel drive,3,2270,6,274,4710,18.3,31.4
1979,USA,Diesel,Rear-wheel drive,2,2550,7,,4500,18.7,27.0
2017,USA,Hybrid,Rear-wheel drive,3,2370,6,263,4380,20.9,36.1
1988,Europe,Gasoline,All-wheel drive,3,2290,6,227,4170,,29.6
2002,USA,Hybrid,All-wheel drive,4,2080,6,252,4410,20.7,29.2
1999,Asia,Gasoline,Front-wheel drive,5,2220,6,236,4490,20.7,30.6
2017,Europe,Diesel,Rear-wheel drive,3,2250,6,258,4270,20.9,33.3
2015,USA,Gasoline,All-wheel drive,4,2100,6,248,4270,19.3,27.4
2001,Europe,Gasoline,Front-wheel drive,4,2490,6,231,4280,19.1,26.2
2022,USA,Gasoline,All-wheel drive,2,2480,6,290,4690,18.9,27.3
1995,USA,Gasoline,Front-wheel drive,2,2460,7,284,4530,18.2,31.2
1990,USA,Gasoline,Front-wheel drive,5,2520,7,285,4490,17.7,28.8
2020,Europe,Gasoline,Front-wheel drive,3,2140,6,228,4010,18.8,31.8
1997,USA,Diesel,Front-wheel drive,2,1920,5,226,3790,18.0,31.9
2004,Asia,Gasoline,Rear-wheel drive,4,2620,7,279,4690,18.9,26.5
2008,Europe,Gasoline,Front-wheel drive,3,1840,5,190,3820,21.1,31.4
1993,USA,Gasoline,All-wheel drive,4,2420,7,266,4930,21.4,24.2
1988,Asia,Gasoline,Front-wheel drive,3,2410,6,270,4360,19.5,28.5
1984,Asia,Hybrid,Rear-wheel drive,5,2360,6,244,4470,20.9,34.3
1992,Europe,Diesel,Rear-wheel drive,3,2400,6,269,4440,,26.0
2003,Europe,Gasoline,Rear-wheel drive,4,1920,6,225,3940,18.7,32.1
1986,Asia,Gasoline,All-wheel drive,4,2070,6,248,4380,19.1,26.1
2021,Europe,Gasoline,Front-wheel drive,4,2650,7,268,4630,19.8,32.7
2014,Asia,Gasoline,Front-wheel drive,2,2320,6,242,4050,17.0,33.6
2005,Europe,Gasoline,Rear-wheel drive,4,2240,6,241,4050,17.5,31.2
1994,Europe,Gasoline,Front-wheel drive,2,2390,6,270,3750,,30.1
1994,Europe,Diesel,Rear-wheel drive,3,2040,6,221,4390,19.9,33.0
1990,USA,Gasoline,All-wheel drive,5,2160,6,244,4270,17.8,25.7
1996,USA,Gasoline,Front-wheel drive,5,2530,7,285,4260,19.2,23.8
1989,USA,Gasoline,Front-wheel drive,5,2580,7,306,4490,19.1,26.9
1981,USA,Gasoline,Front-wheel drive,3,2460,6,,4450,18.8,27.4
2001,Europe,Gasoline,Front-wheel drive,3,2310,6,266,4580,19.8,29.6
2007,Europe,Gasoline,Front-wheel drive,3,2490,7,258,4220,19.4,29.3
2021,Europe,Gasoline,Front-wheel drive,4,2480,7,262,4620,19.2,30.9
2004,USA,Gasoline,Front-wheel drive,4,2270,6,247,4320,17.2,30.7
1997,Asia,Diesel,Front-wheel drive,3,2100,6,249,3970,17.4,32.2
2000,USA,Diesel,Rear-wheel drive,5,2490,6,273,4720,19.1,27.9
2010,USA,Gasoline,Front-wheel drive,5,2190,6,250,4370,19.9,30.6
2007,USA,Diesel,Rear-wheel drive,4,2270,6,271,4310,19.8,31.4
2007,Europe,Gasoline,Rear-wheel drive,4,1990,6,220,3900,18.7,34.8
1996,Asia,Gasoline,All-wheel drive,3,2180,6,253,4510,17.9,29.0
1984,USA,Diesel,All-wheel drive,4,2550,6,,4870,18.1,26.1
2022,Asia,Diesel,Front-wheel drive,4,2220,6,243,3960,18.9,36.8
2021,USA,Gasoline,All-wheel drive,5,2310,6,288,4820,18.3,30.2
2003,Europe,Diesel,Front-wheel drive,2,2350,6,266,4250,16.9,29.3
1983,Asia,Gasoline,Front-wheel drive,4,1940,6,192,4220,17.1,30.6
2003,Asia,Diesel,All-wheel drive,3,2460,6,282,4790,19.2,28.7
1982,Asia,Hybrid,Rear-wheel drive,4,2280,6,241,4250,21.4,30.7
2017,Asia,Gasoline,Front-wheel drive,4,2450,6,262,4270,18.3,32.1
1995,Asia,Gasoline,Front-wheel drive,5,2180,6,240,4200,17.4,29.4
1993,USA,Gasoline,Rear-wheel drive,5,2180,6,236,4330,20.2,28.1
2000,USA,Gasoline,Front-wheel drive,4,2350,6,274,4460,19.8,29.4
1999,Asia,Diesel,Rear-wheel drive,3,2310,6,258,4250,17.9,30.1
2006,USA,Hybrid,All-wheel drive,4,2240,6,259,4550,18.5,31.3
1987,Europe,Gasoline,All-wheel drive,4,2200,6,222,4700,21.9,28.8
1979,USA,Gasoline,Front-wheel drive,3,2330,7,274,4460,19.0,25.7
2014,USA,Gasoline,Rear-wheel drive,3,2270,6,245,4400,18.8,28.7
2015,Asia,Gasoline,Front-wheel drive,5,2540,7,297,4520,17.7,32.2
2010,USA,Gasoline,All-wheel drive,4,2190,6,238,4550,18.3,29.7
1987,Europe,Diesel,All-wheel drive,4,2370,6,254,4550,19.4,29.1
2018,USA,Diesel,All-wheel drive,4,2620,7,330,4700,18.4,29.0
1979,Asia,Diesel,Front-wheel drive,5,2050,5,204,3780,19.0,32.2
1976,Asia,Diesel,Front-wheel drive,3,2400,6,270,4040,16.9,30.5
2010,Asia,Diesel,Front-wheel drive,3,2120,6,246,4070,20.5,34.0
2019,Europe,Gasoline,Rear-wheel drive,2,2620,6,281,4760,19.1,27.1
2014,Asia,Diesel,Front-wheel drive,5,2320,6,258,4540,17.3,33.5
1984,Asia,Hybrid,All-wheel drive,3,2380,6,266,4520,21.4,31.8
2001,USA,Hybrid,Front-wheel drive,3,2370,6,248,3970,19.2,33.1
1998,Asia,Hybrid,All-wheel drive,3,2350,6,246,4640,18.7,34.3
1999,USA,Diesel,Front-wheel drive,3,2210,6,288,4120,18.1,31.7
1977,USA,Gasoline,Front-wheel drive,5,2210,6,,4290,17.9,27.8
1997,Europe,Gasoline,Front-wheel drive,3,2210,5,228,4080,20.4,29.7
1998,USA,Hybrid,Front-wheel drive,2,2120,6,237,4110,18.9,34.3
2002,Europe,Gasoline,All-wheel drive,3,2460,6,279,4500,18.3,26.1
2006,Asia,Diesel,Front-wheel drive,3,1920,6,238,3760,17.4,32.9
2020,Europe,Gasoline,Front-wheel drive,4,2210,6,262,4180,17.6,33.1
1990,Europe,Gasoline,Front-wheel drive,4,2220,7,244,4300,17.9,30.7
2020,Asia,Gasoline,Rear-wheel drive,2,2330,6,,4320,19.6,27.5
1993,Asia,Diesel,Rear-wheel drive,3,2320,6,250,4080,19.0,32.6
2001,USA,Gasoline,Front-wheel drive,2,2180,5,230,3880,20.1,30.4
2002,Europe,Diesel,Front-wheel drive,4,2160,6,261,3990,18.8,34.6
2001,Europe,Diesel,Front-wheel drive,2,2090,6,241,4100,19.8,31.3
2023,Asia,Gasoline,Front-wheel drive,3,2030,5,242,3830,17.9,32.3
1976,USA,Diesel,All-wheel drive,3,2610,7,,5070,18.4,24.2
2023,USA,Gasoline,Front-wheel drive,4,2420,6,281,4130,14.6,32.0
1994,Europe,Gasoline,All-wheel drive,3,2430,6,280,4780,21.0,27.9
1979,Asia,Diesel,Rear-wheel drive,4,2170,6,,4450,20.7,28.8
1981,Europe,Diesel,Front-wheel drive,5,2130,5,243,4360,19.8,29.7
2017,USA,Gasoline,Rear-wheel drive,4,2540,7,282,4880,21.3,28.0
2012,Europe,Gasoline,Front-wheel drive,2,2300,6,247,4130,17.5,31.9
2010,USA,Gasoline,Rear-wheel drive,3,2550,6,266,4560,19.0,28.0
1980,USA,Diesel,Rear-wheel drive,5,2250,6,267,4690,20.7,27.6
2002,Europe,Gasoline,Rear-wheel drive,2,2200,6,235,4040,18.6,29.0
1989,Asia,Gasoline,Rear-wheel drive,2,2210,6,251,4210,18.8,26.8
2021,USA,Gasoline,Front-wheel drive,3,2450,6,278,4240,18.5,28.7
2022,Asia,Diesel,All-wheel drive,4,2150,6,240,4350,19.1,33.5
1982,USA,Gasoline,Rear-wheel drive,4,2130,6,,4320,19.5,27.6
2002,Asia,Gasoline,Front-wheel drive,3,2060,5,236,3870,20.3,30.0
1988,USA,Gasoline,All-wheel drive,4,2470,6,294,4770,19.8,27.1
2009,USA,Hybrid,Front-wheel drive,4,2030,5,256,4080,19.8,34.3
1983,Asia,Hybrid,Front-wheel drive,4,2030,6,215,3860,17.3,35.4
2017,USA,Gasoline,All-wheel drive,5,2330,6,268,4400,18.9,28.5
2015,Europe,Gasoline,Front-wheel drive,2,2370,7,251,4380,17.8,28.9
1996,USA,Diesel,Front-wheel drive,3,2380,7,291,4230,19.3,31.9
2019,Asia,Diesel,Front-wheel drive,3,2150,6,287,4000,16.7,33.8
1999,USA,Hybrid,Front-wheel drive,4,2100,6,253,4000,19.4,31.4
2007,USA,Gasoline,Front-wheel drive,3,2470,7,291,4380,18.1,29.7
1996,Europe,Diesel,Rear-wheel drive,2,2530,6,270,4480,21.2,30.5
2008,USA,Gasoline,Front-wheel drive,4,1870,5,225,3990,20.2,30.3
1992,USA,Diesel,All-wheel drive,5,2050,5,233,4400,19.2,31.0
2001,Europe,Gasoline,Front-wheel drive,3,2410,6,248,4300,17.4,27.9
2009,Europe,Gasoline,Rear-wheel drive,4,2710,7,281,4590,17.5,26.5
1988,Asia,Diesel,Front-wheel drive,4,2120,6,281,4000,16.5,32.2
2012,Asia,Gasoline,Front-wheel drive,3,2220,6,250,3990,18.2,35.7
1983,Europe,Gasoline,Front-wheel drive,3,2440,7,273,4270,20.6,29.5
2000,Europe,Gasoline,Rear-wheel drive,3,2370,6,265,4510,18.2,27.9
1990,USA,Gasoline,Front-wheel drive,5,2510,7,269,4530,20.6,25.1
1987,USA,Diesel,Rear-wheel drive,4,2430,6,304,4820,21.1,27.6
1994,Asia,Gasoline,Front-wheel drive,3,2290,6,246,4190,17.2,29.6
1999,Asia,Gasoline,Rear-wheel drive,3,2530,7,273,4570,22.1,30.7
1985,Asia,Diesel,All-wheel drive,4,2110,6,233,4270,18.8,29.3
2000,Asia,Gasoline,Rear-wheel drive,2,2170,6,239,4060,19.7,30.1
2023,USA,Gasoline,Rear-wheel drive,5,2260,6,247,4660,19.6,26.8
2008,Europe,Diesel,Rear-wheel drive,2,2470,6,280,4240,17.5,32.4
1977,Asia,Gasoline,All-wheel drive,2,2070,5,,3790,16.5,28.3
1998,Europe,Gasoline,Rear-wheel drive,4,1830,5,208,4110,17.2,31.5
2019,USA,Gasoline,Front-wheel drive,3,2570,6,301,4740,19.2,29.0
2011,USA,Gasoline,Front-wheel drive,5,2280,6,256,4370,18.9,31.0
2007,USA,Gasoline,Front-wheel drive,3,2280,6,259,4050,17.6,30.9
2012,USA,Hybrid,Front-wheel drive,3,2510,7,278,4590,19.8,32.5
1991,USA,Gasoline,Rear-wheel drive,3,2170,6,255,4380,19.6,26.2
2017,Asia,Gasoline,Front-wheel drive,4,2250,6,244,4310,19.9,32.0
2007,Europe,Gasoline,Front-wheel drive,2,2150,6,248,4130,18.3,29.8
2022,Asia,Hybrid,Front-wheel drive,3,2350,6,245,3960,16.2,35.7
2019,USA,Gasoline,Front-wheel drive,3,2330,6,243,4100,19.4,30.9
2020,USA,Diesel,Front-wheel drive,5,2130,6,262,4180,19.3,33.4
2009,Europe,Diesel,Front-wheel drive,5,2410,6,290,4630,18.1,34.1
2023,Europe,Gasoline,All-wheel drive,5,2390,6,274,4680,,26.3
1975,Asia,Gasoline,Front-wheel drive,3,1970,6,223,3930,18.6,29.7
2022,USA,Gasoline,Front-wheel drive,3,2480,6,272,4410,18.4,29.0
2023,USA,Gasoline,All-wheel drive,2,2360,6,270,4680,17.9,32.5
2000,Europe,Diesel,All-wheel drive,3,2260,6,243,4250,17.6,30.1
2002,Europe,Gasoline,Front-wheel drive,4,2160,6,232,4240,18.0,31.6
1993,Europe,Gasoline,Rear-wheel drive,3,2000,6,208,3960,,33.0
2018,USA,Gasoline,Front-wheel drive,5,2290,6,261,4240,19.4,33.9
1986,USA,Gasoline,All-wheel drive,2,2340,6,264,4520,20.9,25.8
1994,Europe,Diesel,Front-wheel drive,4,2220,6,252,4150,19.8,31.2
1987,Europe,Diesel,Front-wheel drive,3,2440,6,256,4220,16.4,31.2
2006,Asia,Gasoline,Rear-wheel drive,4,2270,6,247,4550,19.7,28.0
1992,Asia,Gasoline,All-wheel drive,4,2500,6,244,4410,20.8,29.0
2003,Europe,Gasoline,Front-wheel drive,3,2170,6,228,3850,18.5,35.8
1986,USA,Gasoline,Front-wheel drive,2,2440,6,284,4450,18.9,25.2
1990,Europe,Gasoline,Rear-wheel drive,2,2380,6,254,4680,17.8,27.1
2012,USA,Gasoline,All-wheel drive,3,2290,6,261,4550,19.8,29.0
1999,Asia,Hybrid,All-wheel drive,4,2010,5,195,4320,21.1,33.9
1978,USA,Diesel,Front-wheel drive,3,2390,6,287,4490,20.3,27.5
2019,Asia,Gasoline,Front-wheel drive,5,2260,7,276,4210,18.6,31.2
2000,USA,Gasoline,Front-wheel drive,3,2520,7,279,4690,20.4,29.3
2013,Europe,Diesel,All-wheel drive,2,2280,6,232,4080,18.0,34.5
1975,Asia,Diesel,Front-wheel drive,3,2060,6,235,3860,17.2,30.6
2009,Europe,Hybrid,All-wheel drive,2,2290,6,254,3960,18.3,33.0
1989,Asia,Hybrid,Front-wheel drive,3,2240,6,249,4130,17.9,35.6
1992,USA,Diesel,All-wheel drive,3,2390,6,272,4610,20.1,28.1
2014,USA,Gasoline,Front-wheel drive,4,2340,6,233,4320,18.0,32.1
1980,Asia,Gasoline,Front-wheel drive,3,2350,6,255,4180,19.4,25.8
1991,USA,Gasoline,Front-wheel drive,3,2590,6,260,4610,17.5,25.4
1986,USA,Gasoline,Front-wheel drive,4,2110,6,243,3990,19.5,26.8
2009,USA,Gasoline,Front-wheel drive,5,2080,6,248,3980,17.5,32.9
1994,Europe,Hybrid,Rear-wheel drive,5,2190,6,252,4200,18.4,33.8
2004,USA,Hybrid,Front-wheel drive,3,2520,7,282,4790,19.4,32.2
1992,USA,Hybrid,Rear-wheel drive,4,2280,6,269,4510,18.5,28.2
1982,USA,Diesel,Front-wheel drive,3,2240,6,265,4170,17.4,31.0
2020,USA,Gasoline,Front-wheel drive,2,2090,6,251,3810,16.9,30.3
2022,USA,Gasoline,Rear-wheel drive,5,2420,6,266,4540,17.6,27.2
1981,Asia,Gasoline,Front-wheel drive,2,2560,7,283,4350,19.5,25.3
1995,Europe,Gasoline,All-wheel drive,3,2270,6,232,4230,17.7,27.9
2004,USA,Gasoline,Front-wheel drive,4,2130,6,250,4010,20.3,29.4
2021,Europe,Gasoline,Front-wheel drive,2,2240,6,258,3720,16.0,33.6
1995,Asia,Gasoline,Front-wheel drive,3,2200,6,245,4190,17.9,31.3
2014,Europe,Diesel,Front-wheel drive,4,2590,6,298,4380,17.6,31.4
2024,Asia,Hybrid,Front-wheel drive,5,2480,6,281,4300,15.4,37.3
2002,USA,Gasoline,Front-wheel drive,5,2410,6,267,4410,17.0,30.2
2004,USA,Gasoline,All-wheel drive,3,2450,7,269,4580,17.3,26.2
2018,USA,Hybrid,Front-wheel drive,3,2220,6,255,4390,17.5,34.3
2021,USA,Gasoline,Front-wheel drive,4,2180,6,245,4100,18.6,34.0
2021,USA,Gasoline,Front-wheel drive,5,2470,7,288,4770,18.0,27.7
2024,Europe,Diesel,All-wheel drive,4,2470,6,259,4380,18.8,33.5
1987,USA,Diesel,Front-wheel drive,3,2270,6,275,4250,17.8,27.0
2015,USA,Gasoline,Front-wheel drive,5,2420,6,298,4130,17.9,28.9
2022,Europe,Gasoline,All-wheel drive,5,2220,6,257,4680,17.2,31.6
2023,USA,Gasoline,All-wheel drive,4,2020,5,222,4250,19.7,31.8
1997,USA,Diesel,Rear-wheel drive,4,2340,6,283,4700,19.9,25.0
1990,USA,Gasoline,Rear-wheel drive,2,2490,7,278,4440,19.7,28.4
1994,USA,Gasoline,Front-wheel drive,4,2210,6,265,4050,20.7,29.5
2023,USA,Gasoline,Front-wheel drive,5,2380,6,275,4380,19.6,30.8
2004,Asia,Hybrid,Front-wheel drive,5,2130,6,244,4100,18.0,33.1
1997,Asia,Gasoline,Front-wheel drive,4,2390,6,277,4470,18.7,29.1
1995,Asia,Gasoline,Rear-wheel drive,5,2150,6,237,4360,20.2,28.3
2005,Asia,Gasoline,All-wheel drive,5,1980,6,236,4360,21.3,28.0
1985,USA,Gasoline,Rear-wheel drive,3,2360,6,236,4470,18.3,25.0
2008,Europe,Gasoline,Rear-wheel drive,4,2110,6,221,4090,21.2,30.2
1992,Europe,Gasoline,All-wheel drive,5,1820,5,216,4090,18.5,30.8
2007,Europe,Hybrid,All-wheel drive,5,2400,6,244,4530,17.9,33.7
2004,Europe,Gasoline,Front-wheel drive,4,2260,6,,4050,19.7,31.1
2018,USA,Hybrid,All-wheel drive,4,2530,7,265,4740,17.8,32.9
2020,Europe,Gasoline,Front-wheel drive,4,2300,6,256,4010,16.3,34.5
2023,USA,Gasoline,All-wheel drive,5,2270,6,264,4600,17.3,28.1
2003,Asia,Diesel,Front-wheel drive,4,2090,5,220,4200,19.7,33.8
1978,USA,Diesel,Front-wheel drive,4,2060,6,,4200,18.6,27.4
2013,Asia,Gasoline,All-wheel drive,4,2400,6,250,4590,19.2,29.4
1977,USA,Gasoline,Front-wheel drive,3,2650,7,,4740,18.5,25.3
1999,USA,Hybrid,All-wheel drive,3,2350,6,254,4730,17.2,29.9
1984,USA,Diesel,Front-wheel drive,4,2330,6,,4230,19.9,28.1
1996,USA,Gasoline,Rear-wheel drive,2,2070,6,252,4530,18.9,28.1
1977,Europe,Gasoline,Front-wheel drive,4,2250,6,256,3920,19.2,28.5
1988,USA,Gasoline,Front-wheel drive,4,2050,6,231,4020,18.2,28.9
1996,USA,Gasoline,Rear-wheel drive,3,2430,6,264,4380,21.5,25.4
1986,Asia,Hybrid,Front-wheel drive,5,2320,6,255,4180,19.2,32.0
2013,USA,Gasoline,Front-wheel drive,4,2360,6,303,4330,17.7,30.8
1991,Asia,Gasoline,Front-wheel drive,5,2230,5,234,4140,18.9,28.7
2023,Asia,Diesel,Rear-wheel drive,3,2080,6,238,4160,20.2,31.8
2002,USA,Gasoline,Front-wheel drive,4,2230,6,264,4480,18.3,27.4
2023,USA,Gasoline,Rear-wheel drive,4,2360,7,272,4400,18.8,28.5
2012,Europe,Gasoline,Front-wheel drive,3,2470,6,268,4260,20.5,30.3
1990,USA,Gasoline,Front-wheel drive,4,2150,6,237,4190,18.9,32.4
1992,Europe,Diesel,Rear-wheel drive,3,2200,6,244,4430,17.3,30.5
1985,Asia,Gasoline,Rear-wheel drive,3,2200,6,254,4210,19.5,28.9
1998,Asia,Gasoline,Rear-wheel drive,4,2080,5,226,4330,17.9,30.6
2012,Asia,Diesel,Front-wheel drive,3,1950,5,245,3710,18.4,35.6
1981,Asia,Gasoline,All-wheel drive,4,2160,6,227,4520,21.0,29.4
1990,Europe,Gasoline,Front-wheel drive,4,2220,6,234,4260,19.7,29.8
1995,Europe,Gasoline,Front-wheel drive,3,2440,6,274,4140,18.9,27.7
1984,Europe,Gasoline,Front-wheel drive,2,2460,6,,4020,19.6,28.2
1980,USA,Diesel,Front-wheel drive,4,2280,6,273,4660,19.7,29.3
1979,USA,Gasoline,Rear-wheel drive,4,2320,6,257,4630,18.6,26.2
1986,USA,Gasoline,Front-wheel drive,4,2340,7,285,4530,19.9,26.9
2013,Europe,Diesel,Front-wheel drive,5,2220,7,270,4240,18.9,33.2
1980,Europe,Gasoline,Front-wheel drive,3,2290,6,221,4220,19.6,26.3
1997,Asia,Gasoline,Front-wheel drive,4,2380,7,275,4490,17.8,28.9
2010,Asia,Hybrid,Front-wheel drive,2,2290,6,263,4120,17.7,35.9
1988,Asia,Hybrid,Rear-wheel drive,5,2330,6,235,4130,20.7,30.4
2011,Europe,Gasoline,All-wheel drive,3,2170,6,256,4440,18.2,29.4
2003,USA,Diesel,Front-wheel drive,2,2280,6,294,4300,17.9,34.6
2001,Europe,Diesel,Front-wheel drive,4,1980,5,227,3700,,33.3
1999,Asia,Gasoline,Rear-wheel drive,5,2430,6,252,4540,19.6,27.6
2009,Asia,Gasoline,Front-wheel drive,3,2770,7,296,4620,17.7,32.7
1992,USA,Gasoline,Front-wheel drive,3,2310,7,260,4620,19.0,25.7
2015,Asia,Diesel,Rear-wheel drive,5,2170,6,250,4090,20.6,33.9
1975,Europe,Gasoline,All-wheel drive,5,2240,6,247,4270,18.8,29.9
2016,USA,Gasoline,Rear-wheel drive,2,1960,5,220,4070,17.9,32.5
2015,Asia,Gasoline,Front-wheel drive,2,2900,7,303,4700,19.9,31.8
2005,USA,Diesel,Rear-wheel drive,4,1970,5,238,4090,18.1,28.1
1996,Europe,Gasoline,Rear-wheel drive,2,2680,7,282,4640,17.7,25.3
2018,Europe,Gasoline,Front-wheel drive,2,2120,6,,3800,17.0,32.7
2015,Europe,Gasoline,Front-wheel drive,4,2220,6,248,4320,18.7,28.5
2014,Europe,Gasoline,Rear-wheel drive,4,1930,6,224,4040,17.0,31.9
1978,USA,Gasoline,All-wheel drive,5,2300,6,,4540,19.9,25.0
2013,USA,Gasoline,Rear-wheel drive,2,2520,7,291,4520,18.9,27.3
2010,Asia,Gasoline,Front-wheel drive,3,1870,5,212,3770,19.7,34.1
1998,Asia,Gasoline,All-wheel drive,2,2820,7,306,4550,18.1,25.8
1996,Europe,Gasoline,Rear-wheel drive,2,2180,6,246,4020,16.8,30.2
2012,Asia,Gasoline,Front-wheel drive,2,2370,6,242,3990,19.1,32.4
2011,Asia,Gasoline,All-wheel drive,3,2250,6,263,4640,20.3,29.8
1982,Europe,Diesel,All-wheel drive,4,2370,6,273,4470,17.2,24.7
1976,Asia,Diesel,Front-wheel drive,4,2230,6,,4190,17.2,29.8
2023,Asia,Gasoline,Rear-wheel drive,3,2440,6,235,4730,20.9,29.0
2015,Asia,Gasoline,Rear-wheel drive,3,2510,7,268,4760,20.8,27.6
1981,Asia,Gasoline,All-wheel drive,3,2220,6,,4500,19.4,27.8
1990,USA,Gasoline,Rear-wheel drive,4,2330,6,271,4430,18.0,24.6
1976,Europe,Gasoline,Rear-wheel drive,4,2070,5,214,4030,19.6,23.8
1986,Asia,Gasoline,Rear-wheel drive,4,1690,5,182,3880,17.8,32.1
1978,USA,Gasoline,All-wheel drive,4,2370,6,269,4540,19.4,27.1
2018,Europe,Gasoline,Front-wheel drive,5,2300,6,234,4270,19.4,30.8
1980,Asia,Gasoline,All-wheel drive,4,2370,6,,4360,21.0,25.3
1988,Asia,Gasoline,Rear-wheel drive,4,2520,7,242,4420,18.9,28.2
1998,Asia,Gasoline,Rear-wheel drive,4,2580,6,267,4720,21.5,29.9
1986,USA,Diesel,Front-wheel drive,4,2140,6,278,4350,19.9,31.4
1980,USA,Gasoline,All-wheel drive,2,2500,6,275,4550,20.0,23.9
2016,Asia,Gasoline,Front-wheel drive,3,2100,6,,3930,20.1,32.0
1990,USA,Gasoline,All-wheel drive,3,2320,7,272,4680,19.5,27.8
2003,USA,Gasoline,All-wheel drive,4,2440,6,262,4700,19.8,31.0
2011,Asia,Gasoline,Front-wheel drive,3,2330,7,250,4470,18.1,34.7
2021,Europe,Gasoline,Front-wheel drive,3,2260,6,234,4090,19.7,34.7
2000,Europe,Gasoline,Front-wheel drive,4,2360,6,256,4370,,27.7
2009,USA,Hybrid,Front-wheel drive,2,2130,6,255,4000,18.2,35.5
1978,Asia,Gasoline,Rear-wheel drive,3,2300,6,231,4390,18.5,28.2
2007,USA,Gasoline,Rear-wheel drive,4,2340,7,281,4380,20.3,27.2
2020,USA,Gasoline,Rear-wheel drive,3,2050,6,238,4360,18.7,28.9
1975,Asia,Gasoline,All-wheel drive,3,2400,6,251,4380,19.5,24.0
2020,USA,Diesel,All-wheel drive,3,1880,6,256,4260,17.6,33.9
1999,Asia,Gasoline,Rear-wheel drive,3,2250,6,242,4300,19.6,28.6
1989,Asia,Gasoline,Front-wheel drive,4,2210,6,242,4160,19.4,29.8
1992,Asia,Hybrid,Front-wheel drive,3,2240,6,252,4080,17.4,32.6
2018,Europe,Diesel,Front-wheel drive,5,2230,6,241,3990,19.9,34.9
2022,USA,Gasoline,Rear-wheel drive,3,2290,7,279,4460,17.8,29.7
2001,Asia,Gasoline,Front-wheel drive,3,2190,6,248,4280,16.6,31.1
2021,Europe,Gasoline,All-wheel drive,4,2170,6,260,4460,17.6,30.8
1975,USA,Gasoline,Rear-wheel drive,4,2200,6,,4290,18.1,27.5
1976,Europe,Gasoline,Front-wheel drive,5,2330,6,257,4580,20.1,28.2
2022,Asia,Diesel,Rear-wheel drive,4,2340,6,239,4370,17.8,34.0
2009,Asia,Hybrid,Front-wheel drive,3,1890,5,234,3940,18.7,36.9
1977,Europe,Gasoline,Front-wheel drive,4,2170,6,237,4120,19.2,30.8
2002,Europe,Hybrid,Front-wheel drive,2,1910,6,222,3960,16.9,35.0
1979,Asia,Gasoline,All-wheel drive,2,2060,6,220,4300,18.7,24.9
2023,USA,Diesel,Rear-wheel drive,3,2400,6,287,4330,18.1,32.8
1985,USA,Gasoline,Front-wheel drive,5,2240,6,261,4340,20.9,27.0
2015,USA,Gasoline,Rear-wheel drive,5,2470,7,302,4910,17.6,31.1
1979,USA,Gasoline,Rear-wheel drive,2,2450,6,280,4430,19.1,26.0
2004,Asia,Gasoline,All-wheel drive,4,2470,7,268,4840,19.5,28.2
2016,Asia,Gasoline,Rear-wheel drive,3,2560,7,264,4310,18.8,30.4
2018,Asia,Gasoline,Front-wheel drive,3,2210,6,252,4220,17.6,31.6
2024,USA,Hybrid,Front-wheel drive,3,2250,6,259,4060,18.3,37.1
1978,Europe,Gasoline,Rear-wheel drive,5,2220,6,247,4200,17.8,27.3
2023,USA,Diesel,Front-wheel drive,2,2190,6,283,3950,17.7,33.5
2010,USA,Gasoline,Front-wheel drive,3,2480,6,278,4540,17.6,31.9
1993,USA,Gasoline,Front-wheel drive,4,1980,6,230,4060,19.1,31.7
2000,Europe,Gasoline,Front-wheel drive,2,2260,6,240,4020,18.0,29.1
2013,USA,Gasoline,Front-wheel drive,4,2300,7,272,4410,18.8,28.2
1994,Asia,Gasoline,Front-wheel drive,4,2710,7,279,4420,17.8,28.5
1992,USA,Gasoline,Front-wheel drive,4,2120,5,229,4240,19.2,29.6
1999,Europe,Gasoline,All-wheel drive,4,2150,6,240,4430,17.2,30.9
1990,USA,Gasoline,Rear-wheel drive,3,2270,6,267,4610,19.2,26.1
2019,Europe,Diesel,Front-wheel drive,5,2430,7,271,4370,19.4,31.8
1992,Asia,Gasoline,Front-wheel drive,4,2390,6,247,4530,20.0,29.9
2014,Europe,Gasoline,Front-wheel drive,2,2230,6,248,4250,19.5,33.0
1983,USA,Diesel,Front-wheel drive,3,2180,6,,4130,17.9,29.0
1990,Asia,Gasoline,Rear-wheel drive,2,2210,5,245,4360,20.9,28.8
1977,USA,Gasoline,Front-wheel drive,2,2480,6,269,4220,17.3,26.1
2006,Asia,Gasoline,Front-wheel drive,3,2060,5,239,4060,17.2,32.2
1984,Asia,Gasoline,Rear-wheel drive,3,2340,6,250,4200,19.7,30.6
1975,USA,Gasoline,Front-wheel drive,2,2140,6,231,4100,18.2,26.9
2018,USA,Gasoline,All-wheel drive,4,2250,6,233,4460,19.3,26.8
1984,USA,Gasoline,Front-wheel drive,4,2120,5,,3820,18.0,27.6
1987,USA,Hybrid,Front-wheel drive,4,2080,5,243,4230,18.7,32.9
1985,USA,Gasoline,Front-wheel drive,3,2370,7,272,4200,17.6,27.2
1981,USA,Diesel,Rear-wheel drive,2,2180,6,282,4430,20.5,29.7
2024,Asia,Diesel,All-wheel drive,3,2410,6,272,4470,19.1,34.7
2023,USA,Gasoline,Front-wheel drive,3,2250,6,251,4100,19.1,31.1
1983,Europe,Gasoline,All-wheel drive,2,2130,6,240,4130,20.4,29.2
1991,Europe,Gasoline,Rear-wheel drive,3,2410,6,252,4490,19.6,23.4
2017,Europe,Diesel,Rear-wheel drive,3,2340,6,258,4400,19.8,32.0
1988,Europe,Hybrid,All-wheel drive,3,2100,5,235,4310,,30.2
2015,USA,Gasoline,Front-wheel drive,5,2320,7,286,4570,17.1,32.3
2001,Europe,Gasoline,Front-wheel drive,4,2010,6,223,4190,17.9,33.4
1979,USA,Gasoline,Front-wheel drive,3,2330,6,253,4220,19.6,26.5
2010,USA,Diesel,Front-wheel drive,5,2050,5,250,4240,18.3,30.6
1983,USA,Gasoline,Rear-wheel drive,3,2350,6,289,4420,21.7,26.1
1998,Asia,Hybrid,Rear-wheel drive,4,2210,6,264,4350,14.4,31.4
1988,USA,Gasoline,Front-wheel drive,3,2420,7,276,4080,16.1,25.8
2012,USA,Gasoline,Front-wheel drive,3,2220,6,267,3980,17.7,31.5
2003,USA,Hybrid,Rear-wheel drive,3,2190,6,254,4450,18.9,33.5
1993,USA,Gasoline,All-wheel drive,4,2350,6,289,4590,17.8,28.1
2018,Europe,Gasoline,Front-wheel drive,4,1840,5,210,3860,19.4,33.8
2009,USA,Gasoline,Front-wheel drive,5,2310,6,273,4320,18.7,27.9
2001,Europe,Gasoline,Rear-wheel drive,3,2420,6,250,4550,20.9,30.1
2000,USA,Gasoline,Rear-wheel drive,3,2220,5,258,4070,17.3,28.7
1985,Asia,Gasoline,All-wheel drive,2,2340,6,237,4570,18.7,27.4
2000,Asia,Gasoline,Front-wheel drive,4,2090,5,246,4150,17.3,31.1
1985,USA,Gasoline,Front-wheel drive,5,2330,6,271,4600,17.9,27.7
1981,Asia,Hybrid,All-wheel drive,4,2340,6,240,4530,19.5,30.6
1975,Europe,Gasoline,Front-wheel drive,3,2400,7,242,4280,18.6,26.7
1991,Asia,Gasoline,All-wheel drive,2,2070,5,233,4040,17.8,29.0
2024,Europe,Gasoline,Front-wheel drive,2,2520,7,284,4280,16.5,30.0
2001,USA,Diesel,Front-wheel drive,3,2180,6,282,4220,16.2,30.3
1993,Europe,Gasoline,Front-wheel drive,2,2280,6,258,4040,15.6,30.8
2024,Asia,Hybrid,Front-wheel drive,5,1910,6,229,3750,16.1,38.7
2000,Europe,Gasoline,Front-wheel drive,3,2050,6,237,4220,18.7,30.3
2024,Europe,Gasoline,Front-wheel drive,5,2360,6,252,4190,18.7,30.6
1999,USA,Gasoline,Front-wheel drive,4,2490,6,282,4350,18.5,28.0
2015,USA,Gasoline,Front-wheel drive,5,2410,6,259,4110,17.1,28.5
2005,USA,Gasoline,Front-wheel drive,2,2200,6,250,4040,17.9,28.1
2002,Asia,Gasoline,Rear-wheel drive,2,2230,6,241,4150,16.9,30.5
1984,Europe,Diesel,Front-wheel drive,3,2060,6,,3930,18.1,31.2
2013,Europe,Gasoline,Rear-wheel drive,5,2390,6,246,4560,,31.7
1985,Europe,Diesel,All-wheel drive,5,2200,6,239,4260,19.8,31.7
2014,USA,Diesel,Rear-wheel drive,2,2460,6,290,4740,17.8,29.1
1997,Europe,Gasoline,All-wheel drive,5,2200,6,216,4580,18.6,30.9
1982,Asia,Gasoline,Rear-wheel drive,4,2320,6,269,4590,20.9,28.2
1994,USA,Diesel,Rear-wheel drive,5,2220,6,276,4500,20.9,26.2
2012,Asia,Gasoline,Front-wheel drive,3,2150,6,249,4270,20.9,32.1
1979,USA,Hybrid,Front-wheel drive,2,2660,7,323,4620,16.9,29.4
2023,USA,Gasoline,Front-wheel drive,3,2100,6,247,4080,14.9,32.5
2004,Asia,Gasoline,Front-wheel drive,2,2390,6,266,4050,19.4,31.8
2023,Asia,Gasoline,Rear-wheel drive,3,2090,5,230,3820,16.7,34.3
1998,Europe,Gasoline,Front-wheel drive,4,2380,6,259,4170,17.7,30.9
2019,Asia,Diesel,Front-wheel drive,4,2300,6,242,4160,18.2,35.2
1981,Asia,Gasoline,Front-wheel drive,3,2080,5,223,4000,18.6,28.1
1978,USA,Hybrid,Front-wheel drive,5,2320,6,252,4550,17.5,31.5
2018,USA,Gasoline,Front-wheel drive,5,1990,6,236,4320,20.6,33.8
2024,Asia,Gasoline,All-wheel drive,5,2200,6,238,4300,16.9,32.0
1983,USA,Gasoline,Front-wheel drive,3,2090,6,229,3990,18.1,28.1
1986,USA,Gasoline,Rear-wheel drive,4,2750,7,300,4930,17.2,23.6
1980,Europe,Gasoline,Rear-wheel drive,3,2380,6,,4630,23.2,26.4
1983,Europe,Gasoline,Front-wheel drive,4,2160,6,,4110,17.8,29.4
2014,USA,Gasoline,All-wheel drive,4,2270,6,268,4530,18.1,27.3
1986,Europe,Gasoline,Rear-wheel drive,3,2290,6,257,4310,17.6,25.4
1986,USA,Gasoline,Front-wheel drive,5,2310,7,281,4590,19.3,26.4
2020,Asia,Gasoline,Front-wheel drive,3,2170,6,237,4360,18.9,32.1
2013,Europe,Hybrid,Front-wheel drive,5,2360,6,251,4090,17.7,35.5
1985,Europe,Gasoline,Front-wheel drive,5,2350,6,264,4460,18.6,29.8
1999,Asia,Gasoline,Front-wheel drive,4,2050,6,240,3970,20.0,32.5
2005,USA,Gasoline,Front-wheel drive,4,2280,6,258,4350,19.0,32.4
1998,Europe,Gasoline,Front-wheel drive,4,2370,6,239,4270,20.6,30.7
1983,Europe,Diesel,Rear-wheel drive,5,2190,6,,4090,,30.6
2023,Europe,Gasoline,All-wheel drive,3,2120,5,222,4220,19.1,32.2
1998,USA,Gasoline,Front-wheel drive,3,2130,6,258,4270,20.2,30.4
2000,Asia,Hybrid,All-wheel drive,4,2140,6,245,4210,17.3,34.3
2023,Asia,Gasoline,Rear-wheel drive,2,1940,6,216,3910,18.9,33.3
2011,Asia,Gasoline,All-wheel drive,3,2370,6,268,4560,19.0,29.7
2022,Asia,Gasoline,Front-wheel drive,2,1970,5,207,3800,18.8,33.8
2021,USA,Gasoline,Front-wheel drive,5,2260,6,249,4490,21.4,30.0
1991,USA,Gasoline,All-wheel drive,4,2580,7,282,4780,18.0,25.2
1988,USA,Gasoline,All-wheel drive,2,2790,7,287,4660,18.3,26.0
2017,Europe,Gasoline,Front-wheel drive,4,2330,6,255,4110,17.9,35.6
1979,Europe,Gasoline,All-wheel drive,3,2570,7,269,4700,18.2,22.7
1990,Asia,Gasoline,Front-wheel drive,4,2470,6,258,4440,19.0,26.1
2024,Europe,Gasoline,Rear-wheel drive,4,2280,6,239,4410,20.7,30.6
2001,USA,Gasoline,All-wheel drive,2,2680,7,288,4650,19.8,26.3
1989,Europe,Gasoline,Front-wheel drive,4,2370,6,273,4270,17.8,29.6
1992,Europe,Gasoline,Front-wheel drive,4,2420,6,275,4430,18.8,28.7
1982,USA,Diesel,Front-wheel drive,4,2240,6,293,4390,19.6,31.5
1990,Asia,Gasoline,Front-wheel drive,4,2470,7,261,4430,20.1,25.8
1994,Asia,Diesel,Front-wheel drive,3,2190,6,232,4320,21.2,30.3
2019,Asia,Diesel,Front-wheel drive,4,2080,6,270,4010,20.5,35.0
1994,Europe,Gasoline,Front-wheel drive,4,1930,5,223,3830,18.3,29.3
1989,USA,Hybrid,All-wheel drive,3,2070,5,201,4280,18.2,28.8
1991,USA,Gasoline,Rear-wheel drive,3,2400,6,275,4210,16.6,26.0
1981,USA,Gasoline,Front-wheel drive,2,2130,6,260,4270,17.8,27.2
2012,Europe,Hybrid,All-wheel drive,4,1930,5,207,3950,21.7,38.4
2018,Asia,Gasoline,Front-wheel drive,5,2230,6,233,4190,19.9,31.2
2003,Europe,Gasoline,Rear-wheel drive,5,2290,6,261,4500,19.0,28.8
1998,Asia,Gasoline,All-wheel drive,2,2250,6,239,4280,18.9,31.6
2001,Asia,Hybrid,Front-wheel drive,4,2030,6,250,3860,17.9,35.8
2021,USA,Diesel,All-wheel drive,3,2470,6,300,4780,17.6,27.4
2015,Asia,Gasoline,Front-wheel drive,4,2100,6,264,4190,17.4,34.9
2018,USA,Gasoline,Front-wheel drive,5,2230,6,240,4320,18.2,29.3
1975,Europe,Diesel,Front-wheel drive,4,2220,6,269,4450,19.1,26.9
2012,USA,Gasoline,Front-wheel drive,5,2150,5,235,4280,20.3,32.2
2008,USA,Gasoline,Rear-wheel drive,5,2400,6,281,4810,19.0,30.8
1991,Europe,Gasoline,Front-wheel drive,4,2300,6,250,4180,19.6,28.4
1995,Asia,Hybrid,Front-wheel drive,3,2270,6,252,4220,19.0,35.3
1998,Europe,Gasoline,Front-wheel drive,4,2490,6,274,4270,19.3,28.7
1987,USA,Gasoline,Front-wheel drive,2,1990,6,238,4070,17.9,31.3
2009,Europe,Diesel,Front-wheel drive,2,2040,6,227,3740,16.5,32.2
2010,Europe,Hybrid,All-wheel drive,3,2210,6,261,4480,18.3,32.6
2020,Asia,Gasoline,Rear-wheel drive,3,2690,7,291,4820,20.3,30.0
1997,USA,Diesel,Front-wheel drive,4,2080,5,,4020,17.4,30.8
1982,USA,Hybrid,Front-wheel drive,3,2150,7,256,4150,19.4,31.4
1983,Europe,Diesel,Front-wheel drive,2,2250,6,276,4290,19.7,30.7
2015,USA,Hybrid,Front-wheel drive,4,2370,6,279,4010,17.1,34.4
2014,Asia,Gasoline,Front-wheel drive,3,2140,6,221,3910,16.8,31.6
1991,USA,Gasoline,Front-wheel drive,2,2700,7,312,4710,19.7,24.8
2011,Asia,Gasoline,Front-wheel drive,2,2240,6,240,3910,16.1,31.4
2020,Asia,Gasoline,Front-wheel drive,4,2210,5,240,4280,19.4,32.0
2013,Asia,Gasoline,All-wheel drive,3,2290,6,243,4650,19.0,29.5
2004,USA,Gasoline,All-wheel drive,5,2140,6,267,4570,20.3,27.2
1983,Asia,Gasoline,Front-wheel drive,5,2300,6,238,4110,19.7,28.6
2005,Europe,Gasoline,Front-wheel drive,3,2230,6,225,4050,18.6,32.3
2015,Asia,Diesel,Front-wheel drive,2,2240,6,,4180,16.7,34.5
2000,Asia,Gasoline,Front-wheel drive,3,2610,7,264,4430,17.9,28.0
1999,Asia,Gasoline,All-wheel drive,5,2300,6,236,4490,19.9,27.0
1981,Asia,Gasoline,Front-wheel drive,4,2300,6,,4090,16.3,30.0
1984,USA,Diesel,Front-wheel drive,2,2240,6,243,4180,19.1,31.1
2005,USA,Diesel,Front-wheel drive,4,2450,6,285,4360,19.0,27.5
2005,Europe,Gasoline,Front-wheel drive,5,2310,6,255,4290,18.6,32.4
2009,USA,Gasoline,Front-wheel drive,4,2280,6,253,4400,19.7,29.5
1990,USA,Hybrid,Rear-wheel drive,2,2240,6,255,4370,19.2,30.4
1991,Asia,Gasoline,All-wheel drive,3,2520,7,279,4630,20.9,27.4
2000,Europe,Gasoline,Front-wheel drive,3,2050,6,213,3990,19.9,32.8
1990,USA,Gasoline,All-wheel drive,4,2110,6,230,4670,19.6,28.4
1977,USA,Diesel,Front-wheel drive,4,2380,6,,4470,17.4,29.9
2000,Asia,Diesel,Front-wheel drive,2,2160,6,221,4090,18.3,30.9
1995,Asia,Diesel,Front-wheel drive,5,2340,6,262,4300,18.1,30.5
2014,Asia,Gasoline,All-wheel drive,5,2360,6,244,4300,18.3,29.9
2000,USA,Diesel,All-wheel drive,3,2080,6,259,4140,18.6,31.0
1978,Asia,Gasoline,Front-wheel drive,3,2060,5,228,4000,19.9,31.0
1985,USA,Gasoline,All-wheel drive,2,2400,7,,4700,18.7,25.7
2001,Asia,Gasoline,Front-wheel drive,5,2290,7,263,4430,20.2,29.1
1990,Asia,Gasoline,Front-wheel drive,4,2400,6,278,4490,18.5,28.4
1983,USA,Gasoline,Front-wheel drive,5,2650,7,305,5130,18.8,19.8
2021,USA,Gasoline,Front-wheel drive,2,2400,6,273,4290,16.6,30.1
2011,Europe,Diesel,Front-wheel drive,3,2430,6,261,4130,19.2,33.4
1975,USA,Gasoline,Front-wheel drive,2,2520,7,287,4470,16.9,27.6
1995,USA,Gasoline,Front-wheel drive,3,2100,5,218,3920,18.1,32.2
1980,Asia,Gasoline,Front-wheel drive,4,2260,6,269,4240,19.4,26.6
1989,USA,Gasoline,All-wheel drive,2,2440,7,291,4610,20.7,25.9
1997,USA,Gasoline,All-wheel drive,2,2520,7,301,4660,18.3,25.9
2016,USA,Hybrid,Front-wheel drive,2,2240,6,248,4190,18.4,35.0
1975,USA,Gasoline,Rear-wheel drive,3,2520,6,282,4870,21.0,22.4
2021,Europe,Diesel,Front-wheel drive,4,2000,5,249,3820,15.4,34.1
1986,Asia,Gasoline,All-wheel drive,5,2160,6,238,4140,21.3,30.0
2008,USA,Gasoline,Rear-wheel drive,3,2350,7,289,4600,18.9,25.5
1996,Europe,Gasoline,Front-wheel drive,2,2200,6,233,4060,18.3,31.7
2021,USA,Diesel,Rear-wheel drive,2,2210,6,263,4540,20.0,31.1
1993,USA,Gasoline,Front-wheel drive,5,2310,6,255,4340,17.6,31.4
1997,USA,Diesel,All-wheel drive,5,2190,6,253,4370,19.8,25.5
2020,Asia,Diesel,Rear-wheel drive,3,2270,6,245,4310,19.8,31.5
2008,Europe,Hybrid,Front-wheel drive,4,1900,5,197,4100,20.3,37.9
1979,Europe,Gasoline,Front-wheel drive,3,2250,6,267,4030,19.0,28.9
1989,Europe,Diesel,Rear-wheel drive,4,2220,6,236,4160,21.4,33.1
2012,USA,Hybrid,All-wheel drive,3,2330,7,273,4540,19.0,34.9
1992,Europe,Hybrid,Front-wheel drive,5,2430,7,263,4770,19.9,34.0
1992,Asia,Gasoline,Front-wheel drive,4,2340,5,243,4040,18.6,31.1
1978,USA,Hybrid,All-wheel drive,2,2570,6,285,4280,19.6,29.6
2020,Europe,Gasoline,Rear-wheel drive,3,2200,6,234,3980,19.2,31.3
1995,USA,Diesel,Front-wheel drive,5,2480,6,278,4320,17.1,30.6
1998,Europe,Gasoline,All-wheel drive,2,2280,6,243,4320,19.3,28.5
2009,USA,Diesel,All-wheel drive,4,2260,6,268,4520,17.8,28.9
1987,Asia,Diesel,Front-wheel drive,3,2210,6,255,4300,19.0,31.5
1978,USA,Diesel,Front-wheel drive,5,2020,6,254,3880,17.8,28.4
1976,USA,Diesel,Front-wheel drive,4,2170,5,274,4060,18.1,30.6
2009,USA,Gasoline,Rear-wheel drive,3,2140,6,263,4130,18.1,29.5
1986,Asia,Gasoline,Rear-wheel drive,4,2390,6,251,4250,20.3,29.5
1983,Asia,Gasoline,Front-wheel drive,3,2210,6,,4110,18.7,28.5
2011,USA,Gasoline,Front-wheel drive,4,1960,6,215,4250,20.2,31.5
2017,Asia,Gasoline,Rear-wheel drive,4,2310,6,267,4480,18.6,30.1
2011,Asia,Diesel,Front-wheel drive,3,2160,6,258,3920,19.2,36.1
2018,Europe,Diesel,Front-wheel drive,3,2050,5,216,4010,20.2,36.5
1985,Asia,Diesel,Front-wheel drive,4,2170,6,264,4250,19.5,30.3
2024,Asia,Gasoline,Front-wheel drive,4,2140,6,218,4120,15.6,35.0
2012,USA,Diesel,Front-wheel drive,3,1830,5,210,4130,19.6,33.9
1988,Europe,Gasoline,All-wheel drive,5,2230,6,254,4530,21.6,27.4
1991,USA,Diesel,Front-wheel drive,4,2030,6,238,4060,18.7,31.0
1985,USA,Hybrid,Front-wheel drive,4,2430,6,277,4320,17.9,33.2
1984,USA,Gasoline,Front-wheel drive,3,2590,7,323,4750,19.2,28.1
1988,Asia,Hybrid,Rear-wheel drive,3,2510,6,261,4500,19.2,30.3
1993,Asia,Gasoline,Rear-wheel drive,3,2050,6,228,4230,19.5,32.1
1981,USA,Gasoline,Front-wheel drive,3,2140,6,,4470,20.2,25.8
1992,USA,Gasoline,Rear-wheel drive,4,2590,6,276,4840,18.2,22.4
2001,Asia,Gasoline,Front-wheel drive,3,1890,5,201,3810,20.2,31.2
1987,Asia,Gasoline,Front-wheel drive,2,2320,6,255,4130,21.4,30.1
2021,Europe,Gasoline,Front-wheel drive,5,2200,6,236,4190,,32.8
2023,USA,Gasoline,Rear-wheel drive,5,2270,7,273,4710,18.3,29.6
2002,USA,Hybrid,Front-wheel drive,2,2260,6,248,4140,18.0,34.8
1996,USA,Hybrid,All-wheel drive,2,1990,6,254,4250,17.5,31.7
2000,USA,Gasoline,Front-wheel drive,2,2150,6,271,4200,17.6,30.3
2015,Europe,Hybrid,All-wheel drive,3,2260,6,261,4630,19.9,33.1
1982,Asia,Gasoline,Front-wheel drive,3,2350,6,,4080,18.2,31.3
2009,USA,Hybrid,Front-wheel drive,3,2390,7,278,4390,18.1,31.4
2004,Europe,Gasoline,All-wheel drive,3,2200,6,254,4420,18.9,29.6
1998,Europe,Diesel,Front-wheel drive,5,2130,6,250,4020,18.9,33.6
1999,USA,Diesel,All-wheel drive,3,2280,6,269,4550,18.6,29.1
1991,USA,Gasoline,Front-wheel drive,3,2380,6,265,4220,19.5,29.2
1994,USA,Gasoline,Front-wheel drive,4,2430,7,281,4500,20.4,27.9
1986,Asia,Gasoline,Front-wheel drive,2,2180,6,250,4210,18.7,28.3
1985,Europe,Diesel,Front-wheel drive,4,2180,6,267,3980,17.7,31.5
1986,Asia,Gasoline,Front-wheel drive,3,2210,6,259,3860,17.9,31.8
2004,USA,Gasoline,All-wheel drive,4,2300,6,255,4560,19.4,26.2
1980,Europe,Hybrid,Front-wheel drive,2,2320,6,272,4000,18.8,31.7
1989,USA,Gasoline,Front-wheel drive,3,2350,6,259,4280,17.7,25.3
1986,USA,Gasoline,All-wheel drive,3,2200,6,253,4580,19.1,23.8
1997,USA,Gasoline,Rear-wheel drive,3,2300,6,267,4510,19.4,27.8
2005,Asia,Gasoline,Front-wheel drive,5,1910,5,206,4100,18.6,30.3
1988,USA,Gasoline,All-wheel drive,5,1910,5,234,4030,18.2,25.5
1980,USA,Gasoline,Rear-wheel drive,4,2440,6,262,4550,20.9,25.5
1998,USA,Gasoline,Front-wheel drive,5,2160,6,250,4220,18.7,28.5
2009,Europe,Hybrid,Front-wheel drive,4,2140,6,265,4080,18.2,38.4
2014,Asia,Gasoline,Front-wheel drive,3,2240,6,210,4190,20.5,32.3
1989,USA,Gasoline,All-wheel drive,4,2120,6,277,4200,19.3,26.7
1990,Asia,Gasoline,Front-wheel drive,4,2220,6,233,4170,22.1,28.2
2006,Europe,Diesel,Front-wheel drive,3,2390,6,261,4440,18.5,34.0
1983,USA,Gasoline,Front-wheel drive,4,2230,6,272,4140,17.4,26.7
2005,USA,Gasoline,Front-wheel drive,4,2390,6,270,4380,18.4,28.5
1981,Europe,Gasoline,Front-wheel drive,3,2460,6,275,4390,18.9,30.2
2013,USA,Diesel,All-wheel drive,3,2290,6,279,4510,19.2,27.9
1983,USA,Gasoline,Rear-wheel drive,4,2340,6,,4320,18.9,29.5
1986,Asia,Gasoline,Front-wheel drive,2,2270,6,229,4010,18.7,34.7
2001,Europe,Gasoline,Front-wheel drive,4,2120,6,238,4130,18.8,30.6
2001,Europe,Gasoline,Front-wheel drive,4,2330,7,257,4540,20.4,26.8
2021,Asia,Gasoline,Front-wheel drive,5,2430,7,267,4310,15.9,31.7
2000,USA,Gasoline,Front-wheel drive,5,2430,7,306,4590,18.5,29.0
1995,Europe,Gasoline,All-wheel drive,3,2240,6,256,4040,17.7,28.7
2024,USA,Gasoline,Rear-wheel drive,5,1960,5,233,4400,19.6,31.3
1977,USA,Gasoline,Front-wheel drive,4,2320,6,241,4230,19.1,25.3
1992,Europe,Diesel,Front-wheel drive,4,2350,6,260,4010,18.6,32.7
2004,Europe,Gasoline,Front-wheel drive,4,2370,6,255,4120,16.7,32.6
2010,Asia,Diesel,All-wheel drive,5,2500,6,284,4490,20.4,33.1
1988,Europe,Hybrid,All-wheel drive,4,2010,6,238,4120,22.5,30.9
1988,USA,Diesel,Front-wheel drive,3,2510,7,292,4620,19.3,24.8
2000,Europe,Gasoline,Front-wheel drive,5,2160,6,228,4190,18.9,31.6
1988,USA,Hybrid,Front-wheel drive,3,2280,6,260,4240,16.7,32.2
2004,Europe,Gasoline,Rear-wheel drive,3,1980,6,229,3920,,34.3
1991,USA,Gasoline,Front-wheel drive,4,2350,6,251,4540,18.1,29.2
1991,Europe,Diesel,Rear-wheel drive,3,2410,6,272,4440,20.2,29.5
1983,Europe,Gasoline,Front-wheel drive,3,2160,6,234,3980,18.1,29.9
2000,Asia,Diesel,Rear-wheel drive,4,2100,5,236,4010,17.4,32.7
1986,Europe,Diesel,Front-wheel drive,4,2220,6,257,4250,19.8,30.0
2021,Asia,Gasoline,Front-wheel drive,4,2110,6,,3920,18.5,32.5
1980,Asia,Gasoline,All-wheel drive,5,2340,6,274,4580,20.5,27.8
1988,Europe,Gasoline,Front-wheel drive,5,2470,6,269,4480,19.1,28.4
2018,Europe,Gasoline,Front-wheel drive,3,1980,6,230,3840,19.2,33.3
2023,USA,Diesel,Front-wheel drive,3,2250,6,279,4230,18.4,37.3
1987,Asia,Diesel,Rear-wheel drive,4,2350,7,276,4640,21.6,29.0
2000,USA,Diesel,Front-wheel drive,4,2450,6,267,4470,16.4,28.1
2017,Asia,Hybrid,Rear-wheel drive,4,2670,7,287,4830,19.1,34.0
2004,Asia,Gasoline,Front-wheel drive,4,2360,6,253,4100,17.0,32.6
1991,USA,Gasoline,All-wheel drive,5,2000,5,243,4550,22.1,27.2
1983,USA,Gasoline,Front-wheel drive,4,2460,7,,4350,18.5,28.7
2007,Europe,Hybrid,Front-wheel drive,4,1890,6,213,4080,18.6,36.8
1989,Europe,Gasoline,Front-wheel drive,2,2280,6,273,4280,19.9,26.2
2016,Europe,Gasoline,All-wheel drive,5,2360,6,254,4520,17.7,28.6
1983,Asia,Diesel,Front-wheel drive,4,2340,6,254,4320,21.5,30.2
2012,Asia,Gasoline,All-wheel drive,2,2280,6,231,4280,19.6,31.1
1993,USA,Hybrid,Front-wheel drive,3,2160,5,239,4190,17.9,35.3
1986,USA,Diesel,All-wheel drive,3,2060,6,239,4180,17.9,30.2
2013,USA,Gasoline,Front-wheel drive,3,2250,6,254,4390,18.4,32.4
2007,USA,Gasoline,Front-wheel drive,4,2250,6,256,4440,19.0,31.1
1978,Asia,Gasoline,Front-wheel drive,2,2350,6,261,4470,17.8,27.2
1983,USA,Gasoline,Rear-wheel drive,3,2310,6,,4280,19.5,26.8
1998,Europe,Gasoline,Front-wheel drive,5,2310,6,240,4250,19.0,34.2
2022,USA,Diesel,Front-wheel drive,4,2150,5,268,4180,17.8,33.2
1979,USA,Gasoline,All-wheel drive,5,2040,6,,4380,21.3,28.1
1983,Asia,Gasoline,Rear-wheel drive,4,2390,6,247,4490,18.4,25.6
1987,Europe,Gasoline,Front-wheel drive,2,2140,6,242,3920,19.9,26.9
1985,Asia,Gasoline,Front-wheel drive,4,2390,7,261,4490,21.2,27.9
1983,USA,Gasoline,All-wheel drive,5,2190,6,257,4330,17.7,27.9
1990,Asia,Gasoline,Rear-wheel drive,4,2260,6,233,4410,21.1,29.0
1999,Europe,Gasoline,All-wheel drive,5,2520,6,258,4720,19.1,25.6
1981,USA,Gasoline,Front-wheel drive,3,2600,6,,4320,17.3,27.0
1982,USA,Diesel,Front-wheel drive,3,2270,6,277,4340,17.9,28.1
1982,USA,Gasoline,Front-wheel drive,4,2300,6,,4320,16.6,28.0
1985,USA,Gasoline,Front-wheel drive,3,2440,7,272,4540,20.2,25.2
2008,Europe,Hybrid,All-wheel drive,4,2400,6,257,4760,19.3,33.3
2008,Europe,Gasoline,Front-wheel drive,5,2210,7,266,4450,,31.8
1990,USA,Diesel,Rear-wheel drive,4,2450,6,294,4460,18.3,27.1
1986,USA,Gasoline,Rear-wheel drive,4,2290,6,264,4470,20.3,27.9
2014,Europe,Gasoline,Rear-wheel drive,4,2290,6,258,4520,19.7,31.2
2006,USA,Gasoline,Front-wheel drive,4,2430,6,268,4310,17.4,30.6
2018,USA,Gasoline,Front-wheel drive,4,2000,6,267,4140,17.6,30.8
2013,Asia,Gasoline,Rear-wheel drive,3,2360,7,268,4340,18.8,30.7
2010,USA,Hybrid,Rear-wheel drive,2,2110,6,255,4150,18.4,30.9
1988,Asia,Gasoline,Front-wheel drive,2,2500,6,235,4230,20.8,29.0
2000,Asia,Gasoline,Front-wheel drive,5,2590,7,274,4560,19.3,30.2
2015,USA,Gasoline,Rear-wheel drive,3,2180,6,243,4390,19.4,30.3
2023,USA,Gasoline,Front-wheel drive,4,2030,6,258,4110,20.7,32.2
1984,Asia,Diesel,All-wheel drive,2,1960,6,240,3960,19.8,32.9
2020,Asia,Hybrid,Front-wheel drive,3,2240,6,256,4220,18.0,37.3
1977,USA,Gasoline,Rear-wheel drive,4,2410,6,,4440,18.0,23.8
2010,USA,Gasoline,All-wheel drive,5,2590,7,303,5060,19.2,29.3
1992,Europe,Gasoline,Front-wheel drive,3,2190,6,232,4220,18.8,33.1
1987,USA,Gasoline,All-wheel drive,4,2270,6,277,4610,19.7,24.8
1993,Asia,Hybrid,Front-wheel drive,3,2100,6,240,4120,19.1,34.0
2005,Europe,Gasoline,Front-wheel drive,3,2500,7,277,4380,19.0,29.8
1992,Asia,Gasoline,Front-wheel drive,4,2480,6,267,4380,21.0,29.3
2000,Asia,Gasoline,Front-wheel drive,3,2330,6,259,4270,20.1,30.2
2017,USA,Hybrid,All-wheel drive,4,2420,6,286,4600,19.3,34.2
2006,Asia,Gasoline,Rear-wheel drive,2,2490,7,262,4340,18.8,30.0
1975,USA,Gasoline,Rear-wheel drive,3,2340,6,260,4600,21.6,24.3
2022,Europe,Hybrid,Rear-wheel drive,3,2310,6,235,4190,21.1,36.3
1990,USA,Gasoline,Front-wheel drive,4,2470,6,279,4530,17.1,27.3
1989,USA,Gasoline,Front-wheel drive,4,2000,5,236,3880,21.1,28.9
1994,Europe,Gasoline,Rear-wheel drive,3,1930,5,202,4130,17.9,30.9
1998,USA,Gasoline,Rear-wheel drive,3,2330,6,253,4350,19.6,27.0
1976,Asia,Diesel,Rear-wheel drive,3,2130,6,,3870,17.1,30.2
1998,USA,Gasoline,Front-wheel drive,3,2220,6,241,4180,17.6,28.9
2010,Asia,Diesel,All-wheel drive,5,2140,6,259,4330,18.4,33.5
1990,USA,Hybrid,Front-wheel drive,2,2310,6,266,4280,19.7,33.3
2020,Asia,Gasoline,Front-wheel drive,5,2160,6,244,4220,19.2,31.5
2002,USA,Diesel,Front-wheel drive,4,2380,6,285,4350,17.3,28.2
1997,Europe,Diesel,Rear-wheel drive,2,2060,6,273,3960,19.5,34.9
1993,USA,Gasoline,Rear-wheel drive,3,3000,7,329,5210,19.6,26.5
1983,Europe,Gasoline,Rear-wheel drive,3,2260,6,227,4330,20.3,27.0
2015,Asia,Gasoline,Front-wheel drive,3,2260,7,242,4020,18.6,32.9
1988,Asia,Gasoline,All-wheel drive,4,2690,7,272,4790,18.8,26.5
1987,Asia,Hybrid,Front-wheel drive,5,2120,5,241,4100,18.2,34.0
1980,Europe,Diesel,Rear-wheel drive,3,2300,7,,4400,18.8,30.5
2004,USA,Diesel,Front-wheel drive,4,2590,7,310,4650,22.5,30.0
2007,Asia,Diesel,Front-wheel drive,4,2610,7,,4630,17.2,29.6
1994,USA,Gasoline,Rear-wheel drive,3,2470,6,281,4640,18.4,27.3
1982,USA,Gasoline,Front-wheel drive,3,2060,5,,3870,17.6,28.7
2015,Europe,Gasoline,Rear-wheel drive,2,2550,7,261,4560,,32.0
2019,USA,Gasoline,Front-wheel drive,3,2290,6,250,4280,20.5,31.6
1991,Asia,Gasoline,Front-wheel drive,5,2250,6,243,4190,16.1,28.1
2015,Asia,Diesel,Front-wheel drive,2,2160,6,243,4040,18.6,34.7
1978,Asia,Diesel,Front-wheel drive,3,2100,6,262,4100,18.6,30.0
2012,USA,Gasoline,Front-wheel drive,2,2180,6,260,4080,17.5,30.9
1990,Europe,Gasoline,All-wheel drive,4,2440,7,258,4420,16.9,25.5
1989,USA,Gasoline,Front-wheel drive,3,2240,6,255,4190,17.2,27.7
1981,Asia,Diesel,All-wheel drive,2,2160,6,258,4320,18.6,26.7
2011,Europe,Gasoline,Front-wheel drive,5,1850,5,212,3920,,34.5
1983,USA,Gasoline,Rear-wheel drive,3,2150,5,227,4160,20.3,26.9
2013,Europe,Diesel,Front-wheel drive,4,1950,6,240,4260,17.1,32.4
2017,Asia,Diesel,Front-wheel drive,2,2170,5,224,3900,18.3,38.1
1993,Europe,Gasoline,Rear-wheel drive,2,2240,6,254,4510,18.5,31.9
2022,USA,Gasoline,Front-wheel drive,2,2410,6,258,4270,18.0,32.4
2019,Asia,Gasoline,Rear-wheel drive,4,2260,6,241,4560,20.5,32.1
2003,USA,Gasoline,Rear-wheel drive,5,2240,6,269,4170,18.0,30.9
1996,USA,Diesel,Rear-wheel drive,5,2300,6,268,4650,19.7,28.4
1998,USA,Hybrid,Front-wheel drive,2,2520,6,278,4270,17.2,35.4
1991,Asia,Gasoline,All-wheel drive,3,2170,6,240,4590,19.7,27.8
1983,Asia,Diesel,Rear-wheel drive,4,2370,6,,4280,18.8,30.3
2017,Europe,Gasoline,Front-wheel drive,4,2290,6,244,4210,22.0,32.8
2013,Asia,Gasoline,Front-wheel drive,4,2030,6,227,4180,20.8,33.0
1992,USA,Gasoline,Front-wheel drive,4,1940,5,201,4230,17.3,28.7
1995,USA,Gasoline,Front-wheel drive,3,2040,5,235,3870,19.9,29.3
2005,Europe,Gasoline,Front-wheel drive,2,2400,6,240,4120,20.0,31.3
2011,Europe,Gasoline,Front-wheel drive,3,2270,6,235,4380,20.6,33.9
1999,USA,Gasoline,Front-wheel drive,3,2000,6,250,3910,18.0,31.1
2005,Europe,Gasoline,Front-wheel drive,4,2120,6,234,4340,20.3,29.5
1984,Asia,Gasoline,Front-wheel drive,3,2090,6,229,3860,18.4,31.7
2003,USA,Gasoline,Rear-wheel drive,4,2000,5,224,4100,18.9,30.7
2019,USA,Gasoline,Front-wheel drive,4,2290,6,254,4300,19.1,32.4
2007,USA,Gasoline,Rear-wheel drive,3,2440,7,273,4720,18.3,28.4
2020,USA,Hybrid,Front-wheel drive,4,2110,6,261,4180,20.4,34.8
1979,Asia,Gasoline,Front-wheel drive,5,2420,6,,4430,18.6,26.3
1977,USA,Gasoline,Rear-wheel drive,4,2090,6,,4420,19.8,24.9
1991,Asia,Diesel,Front-wheel drive,4,2460,7,258,4160,19.0,30.5
2021,USA,Hybrid,Front-wheel drive,3,2320,7,289,4410,19.7,34.8
1982,Asia,Gasoline,Front-wheel drive,3,2350,6,252,3880,18.1,30.7
1981,USA,Gasoline,Front-wheel drive,4,2400,6,,4380,18.5,28.1
1978,Asia,Gasoline,Rear-wheel drive,2,1890,5,,3630,18.5,29.0
1998,Asia,Gasoline,Front-wheel drive,3,2370,6,261,4170,19.7,31.5
2002,Europe,Gasoline,Front-wheel drive,3,2310,6,228,4060,19.7,31.2
1999,Europe,Diesel,All-wheel drive,2,2570,6,259,4480,19.2,29.5
2007,Europe,Gasoline,Front-wheel drive,5,2180,6,252,4240,20.0,30.1
2002,Asia,Gasoline,Front-wheel drive,5,1940,6,211,3860,18.5,33.3
2006,Europe,Gasoline,Front-wheel drive,3,2300,6,253,4460,20.6,30.9
1986,USA,Diesel,Rear-wheel drive,2,2470,6,279,4440,20.6,27.8
1985,USA,Gasoline,Rear-wheel drive,3,2160,7,254,4670,20.0,24.2
1976,USA,Gasoline,Front-wheel drive,3,2090,6,224,3950,18.9,30.1
2008,Europe,Gasoline,Front-wheel drive,3,2030,6,214,3750,17.3,31.7
2022,USA,Gasoline,All-wheel drive,2,1960,5,224,3900,16.6,30.2
2012,Europe,Gasoline,Rear-wheel drive,3,2320,6,251,4390,17.6,30.7
1982,USA,Gasoline,Rear-wheel drive,3,2090,6,212,4350,19.2,28.6
1988,Europe,Diesel,Front-wheel drive,4,2170,6,226,4000,17.5,31.4
2022,Europe,Gasoline,Front-wheel drive,3,2380,6,266,4060,18.9,32.6
1987,Europe,Gasoline,Front-wheel drive,5,2150,6,239,4120,18.7,29.3
2009,Europe,Gasoline,Front-wheel drive,2,2280,6,237,4120,17.8,32.4
1982,Asia,Hybrid,Front-wheel drive,3,2230,6,,3990,16.4,34.3
2004,Asia,Gasoline,Rear-wheel drive,4,2290,6,249,4320,18.7,31.9
2020,Europe,Gasoline,Front-wheel drive,4,2370,7,266,4450,19.9,31.9
1990,USA,Gasoline,Front-wheel drive,4,2240,6,248,4300,19.7,25.8
2009,Asia,Gasoline,Front-wheel drive,4,2060,6,215,4120,19.4,35.4
2013,USA,Gasoline,Rear-wheel drive,5,2210,6,243,4360,18.7,32.3
2012,Asia,Gasoline,Front-wheel drive,3,2250,6,259,4150,17.2,32.7
2017,USA,Gasoline,Rear-wheel drive,4,2530,7,272,4300,17.7,27.8
1980,Asia,Diesel,Front-wheel drive,4,2130,6,247,4240,19.0,29.7
2009,USA,Gasoline,Front-wheel drive,5,1840,6,236,3980,19.8,30.7
2000,USA,Gasoline,Rear-wheel drive,2,2030,6,245,4200,20.8,28.8
2023,USA,Gasoline,Front-wheel drive,5,2370,6,260,4500,17.8,30.1
2004,Asia,Diesel,Front-wheel drive,4,1770,5,221,3720,19.4,34.1
1979,Europe,Gasoline,Front-wheel drive,4,2460,6,266,4430,20.0,27.5
1989,Asia,Gasoline,All-wheel drive,4,2150,6,227,4370,19.9,28.2
1989,Europe,Gasoline,Front-wheel drive,5,2080,6,235,3940,19.8,34.8
2001,USA,Hybrid,Rear-wheel drive,3,2110,5,254,4050,17.6,37.3
2023,USA,Gasoline,Rear-wheel drive,4,2040,6,250,4070,19.1,31.8
2010,USA,Gasoline,Front-wheel drive,4,2570,7,288,4580,18.8,29.6
2010,USA,Gasoline,Front-wheel drive,4,2230,6,249,4350,20.1,30.3
1994,Asia,Gasoline,All-wheel drive,3,2360,7,262,4420,21.4,30.0
1991,Europe,Gasoline,Front-wheel drive,3,2350,6,255,4380,20.4,29.7
2003,Europe,Gasoline,Front-wheel drive,2,2520,7,300,4450,,27.6
1976,USA,Gasoline,Front-wheel drive,4,2230,6,,4230,19.0,26.9
2002,Europe,Diesel,All-wheel drive,2,2120,6,243,4110,19.5,30.5
1986,Europe,Gasoline,Rear-wheel drive,4,2260,6,246,4320,21.0,28.2
1982,Asia,Hybrid,Rear-wheel drive,3,2670,7,283,4640,18.2,30.8
1993,Europe,Gasoline,Front-wheel drive,3,2020,5,216,3880,19.2,29.4
1981,USA,Gasoline,Front-wheel drive,4,2020,6,,3960,20.4,29.3
2019,USA,Gasoline,Front-wheel drive,3,2270,6,260,4240,20.3,27.2
1982,USA,Hybrid,Front-wheel drive,5,2170,6,238,4270,20.6,31.5
1988,USA,Diesel,Front-wheel drive,3,2310,6,264,4700,20.7,27.5
1981,Europe,Hybrid,Front-wheel drive,4,2470,6,249,4210,17.2,34.1
2001,Europe,Gasoline,Front-wheel drive,3,2370,6,275,4280,19.8,28.2
2010,USA,Gasoline,Rear-wheel drive,2,2250,6,270,4610,21.0,29.3
1975,USA,Gasoline,Front-wheel drive,3,2240,6,,4180,19.3,26.4
2007,Asia,Gasoline,Rear-wheel drive,4,2270,6,252,4270,19.8,28.4
2007,Asia,Gasoline,All-wheel drive,4,2140,6,235,4390,19.3,31.7
1999,USA,Gasoline,Rear-wheel drive,2,2220,6,256,4410,19.9,27.4
1988,Europe,Diesel,All-wheel drive,3,1830,5,196,3890,22.5,31.9
1987,USA,Gasoline,Front-wheel drive,5,2210,6,241,4260,21.1,27.8
1991,Asia,Gasoline,Rear-wheel drive,4,2290,6,273,4130,19.1,28.0
1996,Europe,Gasoline,Rear-wheel drive,4,2350,6,256,4480,18.5,28.7
2001,Asia,Gasoline,Front-wheel drive,3,2260,6,262,4030,17.9,32.3
2001,Europe,Gasoline,Front-wheel drive,5,2190,6,253,4080,20.0,31.8
2009,Europe,Hybrid,All-wheel drive,2,2150,6,237,4190,19.2,35.3
1986,USA,Gasoline,All-wheel drive,4,2170,6,259,4510,19.5,25.2
1994,USA,Gasoline,Front-wheel drive,5,2290,6,240,4190,19.7,30.3
1983,Europe,Gasoline,Front-wheel drive,4,2180,6,238,4490,20.4,29.2
1994,USA,Diesel,Front-wheel drive,2,2170,5,242,4120,20.5,30.6
2003,Asia,Gasoline,All-wheel drive,3,2150,6,221,4030,20.3,30.3
1980,USA,Gasoline,Rear-wheel drive,2,2560,6,279,4500,20.1,24.9
1989,USA,Gasoline,Front-wheel drive,4,2220,6,251,4200,21.7,30.3
1992,Asia,Diesel,Front-wheel drive,5,2130,6,280,4080,18.7,34.2
1993,Asia,Gasoline,Rear-wheel drive,4,2170,6,231,4310,20.2,27.5
2002,Asia,Gasoline,All-wheel drive,3,2140,6,238,4070,18.0,28.4
1999,USA,Gasoline,Front-wheel drive,4,2170,6,231,4010,17.9,27.8
1988,USA,Gasoline,Front-wheel drive,4,2410,6,292,4310,19.1,28.8
2020,USA,Diesel,All-wheel drive,4,2340,6,243,4270,17.8,32.7
1999,Asia,Gasoline,Front-wheel drive,2,2420,7,249,4000,20.8,29.0
2012,Asia,Gasoline,Rear-wheel drive,2,2270,6,239,4230,17.7,32.2
1982,USA,Gasoline,Front-wheel drive,2,2410,6,,4130,15.5,27.8
2009,USA,Gasoline,Rear-wheel drive,4,2420,7,249,4920,18.8,26.8
1993,Asia,Hybrid,Front-wheel drive,4,2030,5,236,3690,15.3,36.0
2002,USA,Gasoline,All-wheel drive,5,2200,6,274,4270,17.6,26.3
2016,Europe,Gasoline,Front-wheel drive,4,2200,6,233,3900,18.0,33.5
1979,Asia,Diesel,Front-wheel drive,5,2300,6,275,4210,17.0,27.4
2004,Asia,Hybrid,Rear-wheel drive,3,2330,6,236,4410,18.8,34.5
1980,USA,Gasoline,Front-wheel drive,4,2460,6,,4310,19.0,26.8
2016,Asia,Gasoline,Rear-wheel drive,5,2110,5,221,4030,15.9,31.7
1994,USA,Diesel,All-wheel drive,4,2320,6,293,4450,21.0,28.1
1986,Asia,Diesel,Front-wheel drive,3,2310,6,249,4240,17.5,29.7
1989,Europe,Hybrid,Front-wheel drive,2,2450,7,257,4220,17.0,33.2
1984,Asia,Gasoline,Front-wheel drive,4,1930,5,,3940,19.6,27.2
2006,USA,Hybrid,All-wheel drive,3,2150,6,259,4230,17.4,34.1
2010,Asia,Gasoline,All-wheel drive,3,2430,6,263,4450,18.1,31.9
1996,USA,Gasoline,Front-wheel drive,4,2330,6,264,4130,19.9,29.5
1992,USA,Diesel,All-wheel drive,3,1880,5,233,4270,19.0,28.0
2011,Europe,Gasoline,Front-wheel drive,2,2130,6,233,3730,15.5,33.6
1981,Europe,Gasoline,All-wheel drive,2,2480,7,279,4440,22.1,24.8
1986,USA,Gasoline,All-wheel drive,5,2570,7,289,4910,21.2,26.3
1997,USA,Gasoline,Rear-wheel drive,4,2190,7,250,4840,19.6,27.3
2023,Europe,Gasoline,All-wheel drive,3,2410,7,283,4480,17.8,32.8
1993,USA,Hybrid,Front-wheel drive,5,1980,6,205,4280,19.7,33.7
2005,Asia,Gasoline,All-wheel drive,5,2370,6,239,4140,20.4,30.1
1983,USA,Gasoline,Rear-wheel drive,4,2510,7,291,4690,17.1,24.9
2009,USA,Diesel,Front-wheel drive,3,2200,6,271,3800,16.9,34.8
2021,USA,Gasoline,All-wheel drive,3,2380,6,260,4280,16.5,27.0
2017,USA,Hybrid,Front-wheel drive,3,2390,7,264,4550,19.0,30.6
2023,USA,Diesel,All-wheel drive,2,2290,6,277,4330,18.7,33.3
2008,USA,Diesel,Rear-wheel drive,2,2260,6,256,4260,20.1,30.1
2019,Asia,Gasoline,Rear-wheel drive,5,2190,6,248,4390,18.1,31.7
1980,Asia,Gasoline,Rear-wheel drive,4,2170,6,265,4220,20.0,30.1
2001,USA,Hybrid,All-wheel drive,3,2120,6,237,4540,18.8,33.8
2015,Europe,Gasoline,Front-wheel drive,2,2470,7,269,4340,16.6,32.1
1989,Asia,Gasoline,Front-wheel drive,3,2330,6,265,4230,17.0,32.0
2007,Asia,Gasoline,Front-wheel drive,4,1980,6,227,4260,18.3,34.4
1985,Europe,Gasoline,Rear-wheel drive,4,2000,5,222,3720,15.1,32.2
1990,Europe,Diesel,Rear-wheel drive,2,2150,6,254,3860,18.0,32.1
1982,Europe,Diesel,All-wheel drive,4,2250,6,255,4490,20.2,29.1
1981,Europe,Diesel,All-wheel drive,5,2350,6,,4580,21.0,27.3
2012,Asia,Gasoline,Rear-wheel drive,3,2330,6,271,4510,19.7,27.1
1986,Asia,Gasoline,Front-wheel drive,4,2260,6,249,4190,17.8,29.3
1975,USA,Diesel,Front-wheel drive,2,2450,7,302,4530,18.6,23.9
1977,Asia,Gasoline,All-wheel drive,3,2420,7,,4620,17.4,25.7
1988,Europe,Gasoline,Front-wheel drive,3,2230,6,234,4150,20.9,29.5
1984,Asia,Gasoline,All-wheel drive,2,2380,6,,4580,18.6,28.3
1988,USA,Hybrid,Front-wheel drive,5,2020,5,227,3930,19.3,30.6
1982,Europe,Diesel,Front-wheel drive,5,2610,7,,4640,,24.9
1995,Asia,Gasoline,Rear-wheel drive,3,2480,6,290,4490,19.8,30.3
1976,USA,Gasoline,Rear-wheel drive,3,2670,7,,4490,19.6,26.1
1979,Europe,Diesel,Rear-wheel drive,4,2290,6,265,4490,19.7,27.1
1980,USA,Hybrid,All-wheel drive,4,2300,6,,4580,18.2,30.3
2000,Asia,Diesel,Front-wheel drive,2,2330,6,281,4140,15.9,30.9
2012,USA,Gasoline,All-wheel drive,4,2580,7,286,4960,18.1,26.7
2021,Europe,Gasoline,Rear-wheel drive,5,2020,6,237,4200,19.1,32.1
2018,Asia,Diesel,Front-wheel drive,4,2110,6,258,4040,18.9,32.6
1984,USA,Gasoline,Front-wheel drive,4,2420,6,,4230,15.8,24.2
1998,Europe,Gasoline,Front-wheel drive,3,2060,6,235,3920,19.6,32.6
1989,Europe,Diesel,Front-wheel drive,5,2460,7,278,4300,18.3,30.2
1999,Asia,Gasoline,All-wheel drive,4,2480,6,249,4370,18.4,29.5
2004,USA,Hybrid,All-wheel drive,4,2040,6,231,4320,18.6,32.7
2003,USA,Gasoline,All-wheel drive,2,2320,6,248,4520,19.3,27.2
2017,Europe,Gasoline,Front-wheel drive,3,1970,5,244,3600,17.7,32.7
1980,Europe,Diesel,Front-wheel drive,5,2270,6,263,4060,17.1,32.8
1988,USA,Gasoline,Rear-wheel drive,2,1910,6,,4220,20.4,27.9
2009,Europe,Gasoline,Front-wheel drive,4,2010,5,201,3680,18.0,37.5
2021,USA,Diesel,Front-wheel drive,2,1950,5,246,3820,18.2,35.6
1975,USA,Gasoline,Front-wheel drive,5,2170,6,254,3980,18.8,27.2
1978,Europe,Gasoline,All-wheel drive,5,2340,6,260,4550,22.1,26.7
1996,USA,Gasoline,Front-wheel drive,5,2520,7,306,4430,18.9,28.2
2004,Asia,Gasoline,Front-wheel drive,2,2380,6,282,4470,18.6,28.2
2015,USA,Gasoline,Front-wheel drive,3,2350,6,260,4200,18.8,27.0
1983,USA,Gasoline,Rear-wheel drive,4,1920,5,,4070,22.4,29.8
1981,Asia,Gasoline,Front-wheel drive,3,2120,6,239,4040,16.0,30.1
2012,USA,Gasoline,Front-wheel drive,3,2330,6,287,4530,18.4,27.4
1992,Asia,Gasoline,Rear-wheel drive,4,2200,6,234,4330,19.9,29.1
2019,USA,Gasoline,Rear-wheel drive,5,2330,6,257,4500,17.4,30.3
1976,Asia,Gasoline,All-wheel drive,4,2140,6,214,4250,19.5,29.2
1998,Europe,Gasoline,All-wheel drive,4,1970,5,206,4270,19.8,29.0
2008,Europe,Gasoline,Rear-wheel drive,4,1960,6,228,4170,19.2,31.5
1994,Europe,Diesel,Front-wheel drive,2,2690,7,295,4510,18.1,30.1
1990,USA,Gasoline,All-wheel drive,5,2390,6,260,4670,19.1,25.1
2000,USA,Hybrid,Rear-wheel drive,5,2350,6,273,4400,17.0,31.7
1983,Asia,Gasoline,Front-wheel drive,3,2120,5,,4090,18.7,26.9
1997,Asia,Gasoline,Front-wheel drive,2,2200,6,252,3870,17.2,32.6
2011,Asia,Diesel,Rear-wheel drive,4,2400,6,245,4610,18.6,36.2
2007,Europe,Gasoline,Front-wheel drive,3,2480,6,281,4130,17.5,30.0
1996,USA,Gasoline,Rear-wheel drive,4,2460,6,278,4410,17.8,28.4
1976,Europe,Gasoline,Rear-wheel drive,3,1860,5,208,4070,,27.0
1982,Europe,Gasoline,Rear-wheel drive,4,2570,7,288,4740,20.6,25.1
2016,USA,Gasoline,All-wheel drive,4,2220,6,255,4470,18.9,30.5
2013,Asia,Gasoline,All-wheel drive,4,2290,6,247,4490,18.1,30.6
1983,USA,Gasoline,Front-wheel drive,4,2430,6,260,4080,19.2,28.5
2004,USA,Gasoline,Rear-wheel drive,4,2200,6,269,4230,18.9,30.3
1984,USA,Gasoline,Rear-wheel drive,5,2590,7,,4920,19.8,25.2
2007,USA,Gasoline,All-wheel drive,5,2080,5,229,4710,19.1,29.1
2010,USA,Diesel,Front-wheel drive,4,2530,6,288,4520,19.5,30.8
2012,USA,Diesel,All-wheel drive,3,2610,7,294,4750,16.4,28.0
1991,Europe,Diesel,Front-wheel drive,3,1990,5,247,3960,16.4,31.8
1982,Europe,Gasoline,Rear-wheel drive,4,2330,6,,4360,19.1,26.1
2014,Europe,Diesel,Front-wheel drive,5,1940,5,230,3720,19.2,32.5
2019,Asia,Diesel,Rear-wheel drive,4,2030,5,240,4110,17.2,32.9
1982,USA,Diesel,Rear-wheel drive,5,2270,6,,4390,18.0,26.2
1988,Europe,Diesel,All-wheel drive,4,2470,6,289,4660,18.9,27.1
2005,Asia,Gasoline,Front-wheel drive,5,2380,6,247,4460,19.2,30.7
2006,Asia,Diesel,Front-wheel drive,5,2240,6,252,4320,16.5,31.6
2019,USA,Gasoline,Front-wheel drive,4,1970,5,255,4300,20.0,31.9
1978,Asia,Hybrid,Front-wheel drive,3,2150,6,,3790,16.5,31.5
1978,Asia,Diesel,Rear-wheel drive,3,2410,6,,4270,19.9,29.4
1993,Asia,Gasoline,Rear-wheel drive,5,2320,7,270,4340,20.8,30.1
1998,Europe,Gasoline,Rear-wheel drive,4,2140,6,,4130,20.1,31.6
2024,USA,Diesel,Front-wheel drive,2,2600,7,300,4540,20.2,32.4
1981,USA,Gasoline,Front-wheel drive,5,2510,7,285,4480,19.0,27.4
1996,USA,Hybrid,Front-wheel drive,5,2210,6,276,4420,20.0,31.5
1999,Europe,Diesel,Front-wheel drive,4,2530,6,275,4210,16.2,32.1
1997,Asia,Gasoline,Rear-wheel drive,3,2130,6,227,4150,18.0,29.4
2004,Europe,Gasoline,Rear-wheel drive,4,2360,6,250,4300,18.6,31.1
1991,Asia,Diesel,Front-wheel drive,3,2180,6,230,4080,17.7,28.6
2021,Europe,Gasoline,All-wheel drive,4,2070,6,236,4010,18.4,34.8
1988,USA,Gasoline,Front-wheel drive,3,2110,6,252,3940,18.5,31.6
1978,USA,Gasoline,All-wheel drive,4,2510,7,,5010,20.0,22.3
2005,USA,Gasoline,All-wheel drive,3,2190,6,260,4400,19.2,26.5
2001,Asia,Gasoline,Front-wheel drive,4,2290,6,268,4380,17.5,29.9
1986,USA,Diesel,Rear-wheel drive,4,2210,6,270,4280,18.4,29.4
2018,USA,Diesel,Front-wheel drive,4,2210,6,261,4240,17.3,31.6
1999,Europe,Gasoline,All-wheel drive,3,2000,6,219,4400,21.0,28.1
1981,USA,Gasoline,All-wheel drive,3,2390,6,278,4410,18.7,25.0
2010,USA,Gasoline,Front-wheel drive,3,2290,6,278,4200,18.7,30.0
2022,Asia,Gasoline,Front-wheel drive,4,2350,6,254,4040,17.9,34.2
2003,USA,Diesel,Front-wheel drive,4,2030,5,257,3980,16.1,32.6
2009,Asia,Gasoline,Front-wheel drive,2,2280,6,246,4180,19.9,33.2
2022,Europe,Gasoline,Front-wheel drive,5,2160,6,236,4180,18.4,35.3
2013,USA,Gasoline,Front-wheel drive,2,2210,6,268,4090,16.7,30.9
2014,USA,Hybrid,All-wheel drive,4,2170,5,229,4450,18.7,32.7
1981,Europe,Gasoline,Front-wheel drive,4,1750,5,,3800,17.9,30.7
2022,Asia,Hybrid,Front-wheel drive,2,2100,6,216,4070,19.4,38.5
2021,Europe,Gasoline,All-wheel drive,4,2300,6,257,4400,18.4,32.9
2010,Europe,Gasoline,Front-wheel drive,3,1930,5,209,3750,17.3,34.7
2013,USA,Gasoline,Front-wheel drive,2,2320,6,255,4210,19.9,31.5
1980,USA,Diesel,Rear-wheel drive,3,2320,6,,4370,18.0,30.7
1996,Europe,Gasoline,Front-wheel drive,4,2370,7,278,4400,,29.1
1994,USA,Gasoline,Rear-wheel drive,5,1990,6,243,4290,18.7,28.3
2000,USA,Diesel,All-wheel drive,3,2030,5,243,4150,18.3,31.2
2019,Asia,Diesel,Rear-wheel drive,4,2520,7,267,4620,21.1,33.4
2023,Asia,Gasoline,All-wheel drive,4,2170,6,233,4280,18.3,30.2
1984,Europe,Gasoline,Rear-wheel drive,3,2360,6,256,4110,18.8,27.8
2024,Asia,Diesel,Front-wheel drive,5,2360,7,273,4440,18.4,33.4
2024,Asia,Gasoline,All-wheel drive,4,2370,6,248,4460,17.4,32.2
2019,Europe,Gasoline,All-wheel drive,5,2180,6,264,4550,19.5,28.1
2000,Asia,Gasoline,All-wheel drive,4,2350,6,257,4540,18.3,29.1
2010,Asia,Gasoline,Front-wheel drive,3,2770,7,296,4480,17.9,27.2
1985,USA,Gasoline,Front-wheel drive,3,2070,6,238,4190,19.3,27.4
2005,Asia,Gasoline,Front-wheel drive,3,2160,6,242,4170,19.8,31.4
2007,USA,Diesel,Front-wheel drive,5,2050,5,245,4000,20.2,28.6
1976,USA,Diesel,Front-wheel drive,5,2460,6,295,4430,18.0,27.3
1979,Europe,Diesel,Front-wheel drive,3,2240,6,268,4240,18.7,31.3
2006,Europe,Gasoline,Front-wheel drive,4,2550,6,266,4450,17.5,27.6
1999,Asia,Gasoline,Front-wheel drive,4,2170,6,237,4090,19.5,30.9
1990,Europe,Gasoline,Front-wheel drive,5,2200,6,247,4030,19.1,28.3
2010,Asia,Gasoline,All-wheel drive,3,2230,5,243,4240,16.5,28.6
2013,Asia,Gasoline,Front-wheel drive,3,2250,6,234,3850,15.8,31.4
1997,Europe,Gasoline,All-wheel drive,4,2250,6,252,4400,,28.6
2003,Europe,Gasoline,All-wheel drive,4,1900,5,211,4000,19.4,32.1
2013,USA,Gasoline,Rear-wheel drive,4,2460,6,271,4620,17.4,27.6
1986,USA,Gasoline,Rear-wheel drive,4,2090,6,266,4260,19.7,26.2
1997,Europe,Hybrid,Rear-wheel drive,5,1780,5,187,4000,20.4,35.4
2024,Europe,Diesel,Front-wheel drive,3,2460,6,,4380,19.1,33.6
1993,USA,Gasoline,Front-wheel drive,5,2240,6,225,4470,21.5,28.7
2017,USA,Gasoline,Front-wheel drive,4,2310,6,288,4280,15.6,28.3
1996,USA,Gasoline,Front-wheel drive,5,2350,6,280,4180,17.6,26.7
1982,USA,Gasoline,All-wheel drive,5,2210,6,266,4530,19.7,26.2
1978,USA,Hybrid,Rear-wheel drive,3,2610,7,,4830,19.0,27.6
1980,Asia,Gasoline,Rear-wheel drive,4,2150,5,239,4310,22.0,28.9
2008,Europe,Gasoline,Rear-wheel drive,3,2200,6,247,4450,19.2,29.2
1992,USA,Hybrid,All-wheel drive,4,2190,6,264,4500,19.0,33.0
1990,Asia,Diesel,Front-wheel drive,4,2200,6,246,4190,19.2,31.8
2009,USA,Gasoline,All-wheel drive,3,2350,6,221,4390,19.8,30.7
2020,Asia,Gasoline,Front-wheel drive,2,2190,6,234,3810,18.7,35.0
2022,Asia,Gasoline,Front-wheel drive,3,2300,6,247,4030,16.0,34.7
1979,Europe,Hybrid,Front-wheel drive,4,2310,6,,4220,17.5,30.1
1981,USA,Gasoline,Rear-wheel drive,3,2470,7,303,4770,20.1,21.9
1997,Europe,Gasoline,Front-wheel drive,3,2630,7,288,4490,19.1,28.8
1994,Asia,Gasoline,Front-wheel drive,2,2390,6,272,4450,19.0,31.1
1987,Asia,Diesel,Front-wheel drive,4,1860,5,212,3800,20.0,31.0
1980,Europe,Gasoline,Front-wheel drive,4,2220,6,,4150,20.5,29.6
1999,Asia,Gasoline,Front-wheel drive,3,2480,7,270,4320,18.9,31.0
1988,Asia,Gasoline,Rear-wheel drive,2,2290,6,235,4110,17.9,29.3
2003,USA,Gasoline,Front-wheel drive,3,2380,6,270,3890,17.4,30.4
1987,Asia,Gasoline,Front-wheel drive,4,2380,6,249,4090,17.6,31.4
1998,Europe,Gasoline,Rear-wheel drive,3,2420,7,252,4380,19.2,26.7
2004,Europe,Gasoline,Front-wheel drive,2,2580,7,288,4690,19.9,34.3
2020,Europe,Diesel,Rear-wheel drive,5,2210,6,252,4130,19.8,35.1
2004,USA,Diesel,Front-wheel drive,4,2470,7,296,4680,20.3,26.3
1976,Europe,Gasoline,All-wheel drive,5,2340,7,258,4600,17.1,24.6
2021,Asia,Gasoline,Front-wheel drive,3,2080,6,226,3950,18.5,34.7
1995,Asia,Gasoline,All-wheel drive,3,2370,6,233,4510,21.2,29.1
2013,Europe,Gasoline,Front-wheel drive,2,2820,7,300,4780,19.0,29.9
1979,Europe,Gasoline,All-wheel drive,4,2230,6,,4260,19.0,28.1
1997,USA,Gasoline,Rear-wheel drive,5,2420,6,277,4660,17.7,25.6
2006,Asia,Gasoline,Front-wheel drive,4,2690,7,265,4290,20.1,28.9
2007,Asia,Gasoline,All-wheel drive,4,2120,6,230,4280,19.1,34.1
1992,Asia,Gasoline,Front-wheel drive,3,2260,6,250,4100,19.2,29.8
2012,Europe,Diesel,All-wheel drive,5,1870,5,224,4040,19.2,34.8
2003,Europe,Gasoline,All-wheel drive,3,2590,7,261,4590,19.5,28.4
2023,USA,Diesel,Rear-wheel drive,2,2210,7,287,4410,18.1,30.2
1986,USA,Diesel,Rear-wheel drive,4,2230,6,284,4540,18.3,29.3
2018,USA,Gasoline,Front-wheel drive,3,2040,5,245,4420,19.5,30.7
1977,Asia,Gasoline,Front-wheel drive,5,2500,7,,4360,18.2,28.6
1983,Asia,Diesel,Front-wheel drive,4,1970,5,223,4100,19.0,33.7
2006,Europe,Gasoline,Front-wheel drive,4,2090,6,247,4150,19.4,34.3
1998,USA,Gasoline,All-wheel drive,3,2250,6,263,4640,18.3,28.8
2006,Asia,Hybrid,Front-wheel drive,4,2140,6,230,3960,18.9,34.2
2015,Asia,Gasoline,Front-wheel drive,4,2220,6,237,4100,18.0,30.6
2016,Asia,Diesel,Rear-wheel drive,2,2180,6,261,4110,19.6,32.8
2003,Asia,Gasoline,All-wheel drive,3,2340,6,264,4190,17.6,27.1
2024,USA,Gasoline,Front-wheel drive,4,1840,6,237,4050,17.5,32.8
1994,Europe,Gasoline,Front-wheel drive,3,2280,6,243,4110,19.7,29.2
2007,USA,Gasoline,Rear-wheel drive,4,2300,6,256,4620,20.4,24.9
2003,USA,Diesel,Rear-wheel drive,3,2540,6,295,4610,19.9,27.9
2021,USA,Diesel,Front-wheel drive,4,2380,7,289,4510,18.2,30.4
1995,USA,Gasoline,All-wheel drive,3,2590,7,262,4570,19.1,26.5
1976,Europe,Gasoline,Front-wheel drive,4,2220,6,,4110,,28.9
1983,USA,Hybrid,Front-wheel drive,4,2490,6,294,4390,19.0,32.1
1995,Asia,Gasoline,All-wheel drive,5,2320,6,262,4370,16.6,29.5
2014,Europe,Gasoline,Rear-wheel drive,5,2350,6,240,4460,19.4,29.7
1980,USA,Gasoline,Front-wheel drive,4,2730,7,295,4390,19.5,25.7
1987,USA,Gasoline,All-wheel drive,3,2560,6,293,4590,21.2,25.7
2017,USA,Gasoline,Front-wheel drive,4,2370,6,259,4410,20.4,29.5
2000,Europe,Hybrid,All-wheel drive,4,2570,6,273,4820,22.0,31.8
2011,Europe,Diesel,Rear-wheel drive,5,2150,6,225,4340,20.7,33.0
2006,Asia,Gasoline,Front-wheel drive,4,2250,6,245,4110,16.7,31.6
1981,USA,Gasoline,Front-wheel drive,4,2580,7,275,4540,19.1,24.7
2008,USA,Gasoline,All-wheel drive,2,2120,6,224,4300,17.6,27.0
2011,USA,Gasoline,Front-wheel drive,2,2200,6,255,4260,19.9,28.8
1990,Asia,Gasoline,Front-wheel drive,3,2190,6,243,4220,20.2,30.2
1990,USA,Gasoline,Rear-wheel drive,3,2570,7,263,4750,20.1,25.1
1998,USA,Gasoline,Rear-wheel drive,3,2150,6,257,4290,20.9,29.1
2021,Europe,Gasoline,Rear-wheel drive,5,2220,6,234,4440,18.6,34.3
2008,Asia,Hybrid,Rear-wheel drive,4,2360,6,251,4140,19.1,34.4
1978,Asia,Hybrid,Rear-wheel drive,5,2150,5,,4170,19.8,31.8
1995,Asia,Gasoline,Front-wheel drive,2,2190,6,255,4300,17.1,27.0
2009,USA,Gasoline,Rear-wheel drive,3,2260,6,277,4630,17.4,27.9
1986,USA,Gasoline,Front-wheel drive,4,2280,6,262,4110,18.9,29.4
2018,USA,Diesel,Front-wheel drive,5,2340,6,270,4340,18.3,33.1
2023,USA,Gasoline,All-wheel drive,2,1870,5,208,4200,20.3,31.1
1991,Asia,Diesel,All-wheel drive,3,2380,6,268,4620,20.2,30.4
1976,Asia,Diesel,Front-wheel drive,4,2360,7,,4390,20.9,29.7
2016,Asia,Diesel,Front-wheel drive,3,2260,6,254,4120,18.1,33.3
1984,Asia,Diesel,Front-wheel drive,4,2650,7,273,4510,18.5,27.8
1976,Asia,Gasoline,All-wheel drive,4,2440,7,288,4470,21.7,25.5
2020,USA,Gasoline,Front-wheel drive,4,2470,7,280,4400,17.7,33.8
1987,USA,Gasoline,Front-wheel drive,3,2100,6,237,3970,18.7,27.4
2018,USA,Gasoline,Front-wheel drive,4,2050,6,245,3880,19.5,32.4
1982,USA,Hybrid,Front-wheel drive,3,2110,5,258,4170,20.5,30.7
1999,Europe,Hybrid,All-wheel drive,2,2310,6,244,4380,19.6,32.2
2015,Asia,Diesel,Front-wheel drive,3,2190,6,258,4290,18.6,34.0
2022,USA,Gasoline,Rear-wheel drive,4,2310,6,246,4150,17.2,31.5
2020,USA,Gasoline,Rear-wheel drive,2,2330,6,249,4610,19.4,33.4
1987,Europe,Gasoline,Front-wheel drive,5,2120,6,240,4170,17.0,29.3
1989,Asia,Gasoline,Front-wheel drive,4,2380,6,251,4290,21.1,29.0
2022,USA,Gasoline,Front-wheel drive,4,2320,6,241,4200,18.7,32.3
2012,Europe,Gasoline,Rear-wheel drive,4,2110,6,239,4260,,27.1
2022,Europe,Gasoline,All-wheel drive,4,2110,6,231,4140,18.6,32.1
1999,USA,Gasoline,Front-wheel drive,3,2300,6,277,4100,18.6,29.1
2016,Europe,Diesel,Rear-wheel drive,4,2530,6,271,4660,19.0,34.3
1991,Europe,Gasoline,Rear-wheel drive,4,2280,6,241,4460,21.9,28.0
2003,Europe,Gasoline,Rear-wheel drive,4,2240,6,260,4310,19.7,30.5
1983,USA,Gasoline,Rear-wheel drive,4,2510,6,,4540,20.5,28.9
1992,USA,Hybrid,Front-wheel drive,2,2130,5,232,4070,18.6,33.5
1988,Europe,Gasoline,Front-wheel drive,4,2110,5,207,3550,18.9,28.9
2020,Europe,Gasoline,Front-wheel drive,3,2360,6,254,4250,18.9,33.8
2003,USA,Gasoline,Front-wheel drive,4,2730,7,315,4640,17.0,28.7
1993,Europe,Diesel,All-wheel drive,3,2050,6,255,4350,18.5,31.0
1980,USA,Gasoline,Front-wheel drive,4,2500,7,277,4560,20.2,24.6
1992,USA,Gasoline,Rear-wheel drive,3,2530,7,268,4630,18.1,24.9
1992,USA,Diesel,Front-wheel drive,2,2250,6,286,4110,16.8,29.0
2020,USA,Gasoline,All-wheel drive,4,2300,6,260,4610,17.5,29.7
2023,Asia,Gasoline,Rear-wheel drive,3,2150,6,249,3800,17.4,34.0
2004,Asia,Gasoline,Front-wheel drive,3,2450,7,267,4430,19.6,30.3
1989,Europe,Gasoline,Front-wheel drive,4,2160,6,,3900,17.5,28.6
1980,Europe,Diesel,Front-wheel drive,3,2350,6,,4030,18.8,29.4
2006,USA,Gasoline,Front-wheel drive,4,2100,5,229,3980,20.1,31.3
1995,USA,Gasoline,Rear-wheel drive,3,2360,6,265,4640,16.3,26.3
1979,Europe,Gasoline,All-wheel drive,2,2190,6,250,4500,17.3,30.5
1992,Europe,Gasoline,All-wheel drive,4,2470,6,248,4320,,27.1
2001,Europe,Gasoline,All-wheel drive,2,2170,6,237,4130,21.4,29.6
2005,Europe,Diesel,Front-wheel drive,5,2050,5,249,4120,,33.7
1996,USA,Diesel,Rear-wheel drive,3,2240,6,267,4450,17.1,26.6
1990,Asia,Gasoline,All-wheel drive,4,2320,7,280,4570,21.7,25.3
1978,Asia,Gasoline,Rear-wheel drive,2,2290,6,,3900,19.5,26.8
2020,Asia,Gasoline,Front-wheel drive,3,2320,6,241,4260,17.5,32.8
1997,USA,Gasoline,Front-wheel drive,4,2100,6,236,4140,19.5,28.3
1996,Europe,Gasoline,Front-wheel drive,4,2360,6,247,4210,18.3,30.1
2018,Asia,Gasoline,Front-wheel drive,3,2040,6,226,4020,16.6,32.1
1996,USA,Gasoline,All-wheel drive,2,2130,6,239,4630,18.1,28.2
1984,Europe,Gasoline,Front-wheel drive,2,2430,6,,4280,18.4,29.0
2015,USA,Gasoline,Front-wheel drive,2,2140,6,249,4100,19.5,31.4
2017,USA,Gasoline,Front-wheel drive,4,2240,6,264,4230,18.6,28.6
1983,Asia,Gasoline,Rear-wheel drive,4,2380,6,273,4280,16.6,25.5
1996,USA,Gasoline,Front-wheel drive,2,2450,7,270,4410,20.4,27.8
1978,USA,Gasoline,All-wheel drive,5,2400,6,260,4560,17.4,23.6
1976,Europe,Diesel,Front-wheel drive,4,2240,6,,4290,18.0,28.7
2007,Asia,Diesel,Rear-wheel drive,3,2500,6,261,4540,21.5,31.2
2003,Europe,Gasoline,Front-wheel drive,3,2170,6,242,3960,,30.1
2022,Europe,Diesel,All-wheel drive,4,2290,7,273,4860,19.7,31.5
1978,Asia,Gasoline,Front-wheel drive,3,2170,5,224,4020,19.9,28.4
1981,Europe,Gasoline,Front-wheel drive,5,2240,6,247,4360,20.7,28.4
1995,Asia,Diesel,Rear-wheel drive,3,2010,6,247,3920,16.9,32.8
2017,USA,Gasoline,Front-wheel drive,5,2440,6,290,4610,18.6,31.2
1982,Europe,Gasoline,Front-wheel drive,3,1930,6,241,3640,19.1,32.0
2015,USA,Gasoline,All-wheel drive,4,2330,6,267,4630,21.2,29.2
1994,Asia,Gasoline,Rear-wheel drive,2,2150,5,228,3960,20.3,32.0
1981,Asia,Gasoline,Front-wheel drive,4,2380,6,237,4150,19.3,27.8
2019,Asia,Gasoline,All-wheel drive,3,2630,6,284,4710,19.7,32.1
1985,Asia,Hybrid,Rear-wheel drive,3,2250,6,207,4260,19.3,32.1
2021,Asia,Gasoline,Rear-wheel drive,3,2170,6,256,4300,18.5,34.9
1984,Asia,Gasoline,All-wheel drive,2,2060,6,250,3960,16.8,29.9
1994,USA,Gasoline,Rear-wheel drive,5,2420,6,269,4560,20.2,25.6
1985,USA,Gasoline,All-wheel drive,3,2290,6,,4540,21.6,26.1
2010,Asia,Diesel,All-wheel drive,2,2260,6,270,4390,17.9,32.1
1991,Asia,Gasoline,All-wheel drive,2,2060,6,240,4190,18.3,25.6
1995,Asia,Gasoline,Rear-wheel drive,2,1950,5,205,3990,17.2,30.2
1993,Europe,Gasoline,Front-wheel drive,3,2160,6,227,3920,17.6,31.0
1986,Europe,Gasoline,All-wheel drive,4,2040,6,228,4060,20.5,27.6
1983,Europe,Hybrid,Front-wheel drive,3,2340,6,253,4550,18.9,31.1
1998,Europe,Gasoline,All-wheel drive,5,2200,5,231,4520,19.2,27.1
2013,USA,Gasoline,Front-wheel drive,3,2250,6,253,4250,19.2,33.0
2005,Asia,Gasoline,Front-wheel drive,4,2110,5,233,4060,17.4,30.8
1989,Europe,Gasoline,Front-wheel drive,5,2570,7,277,4680,18.2,29.8
2020,Europe,Gasoline,Front-wheel drive,3,2240,6,236,4380,19.4,31.6
2015,USA,Diesel,Front-wheel drive,3,2490,7,274,4130,18.7,33.3
1986,USA,Hybrid,Front-wheel drive,4,2390,6,271,4040,18.6,32.6
2016,Europe,Gasoline,Front-wheel drive,4,2110,6,247,4080,19.0,33.3
1987,USA,Hybrid,All-wheel drive,3,2500,7,277,4590,19.7,28.7
2018,Europe,Diesel,Front-wheel drive,5,2390,7,300,4360,16.7,29.5
1979,Europe,Diesel,Rear-wheel drive,4,2330,6,272,4660,18.8,27.3
1983,Europe,Gasoline,Rear-wheel drive,4,2130,6,248,4380,19.9,29.5
2002,Europe,Hybrid,Rear-wheel drive,4,2370,6,255,4360,17.5,34.2
2009,Asia,Diesel,Rear-wheel drive,3,2200,6,249,4070,17.6,34.8
2022,USA,Gasoline,Front-wheel drive,4,2450,6,266,4350,19.4,28.9
1981,Asia,Diesel,Front-wheel drive,4,2110,5,,3920,16.0,32.1
1979,Europe,Gasoline,Front-wheel drive,5,2210,6,227,4220,21.0,28.3
1989,Europe,Gasoline,Front-wheel drive,2,2240,6,243,3830,16.0,32.2
1989,Europe,Gasoline,All-wheel drive,4,2020,6,230,4000,20.2,29.7
2010,Europe,Diesel,Rear-wheel drive,3,2330,6,244,4220,,35.9
2001,USA,Gasoline,Front-wheel drive,3,2340,6,279,4120,20.7,31.4
1982,Asia,Gasoline,Front-wheel drive,5,2100,6,238,4100,18.7,28.1
2004,Europe,Gasoline,Front-wheel drive,2,2150,6,248,3880,17.2,33.8
2017,Europe,Diesel,Front-wheel drive,2,2060,5,234,3810,18.1,34.1
2005,Asia,Gasoline,All-wheel drive,2,2270,6,248,4230,19.9,29.1
2000,Europe,Diesel,Front-wheel drive,2,2500,6,268,4110,17.7,30.8
1995,Europe,Gasoline,Front-wheel drive,4,2390,6,227,4520,19.4,27.9
1976,Europe,Gasoline,Front-wheel drive,2,2230,6,,4110,18.1,26.3
2023,USA,Diesel,Rear-wheel drive,3,1890,6,245,3870,18.1,36.6
1994,Asia,Gasoline,Rear-wheel drive,3,2460,6,271,4380,17.0,28.4
1994,Asia,Gasoline,Rear-wheel drive,4,2110,5,236,3890,20.5,27.5
1982,USA,Gasoline,Rear-wheel drive,2,2410,6,300,4430,15.8,22.4
1996,USA,Gasoline,All-wheel drive,4,2480,7,276,4550,20.5,26.2
1997,Asia,Gasoline,Front-wheel drive,2,2250,7,265,4030,17.2,31.4
1992,Europe,Gasoline,Rear-wheel drive,2,2430,7,265,4540,20.0,28.3
2009,Europe,Gasoline,All-wheel drive,5,2270,6,266,4690,19.1,29.3
2008,Europe,Gasoline,Rear-wheel drive,4,2380,6,241,4350,17.4,30.7
1975,Europe,Gasoline,Front-wheel drive,3,2180,6,239,4110,18.7,27.6
1981,USA,Gasoline,Front-wheel drive,3,2180,6,221,4250,20.1,27.1
1997,Asia,Hybrid,All-wheel drive,2,2270,6,273,4330,19.7,32.8
1990,Asia,Gasoline,All-wheel drive,4,2220,6,246,4310,18.3,27.0
2009,Asia,Gasoline,Front-wheel drive,3,2560,7,256,4300,17.9,30.8
1987,Asia,Gasoline,Front-wheel drive,2,2170,6,237,4200,20.5,30.4
2007,Europe,Gasoline,All-wheel drive,4,1930,6,211,3910,18.5,32.2
2000,Asia,Diesel,All-wheel drive,5,2360,6,,4540,18.8,30.2
2015,Europe,Gasoline,Front-wheel drive,4,2130,6,241,4430,17.2,34.9
1978,Asia,Diesel,Rear-wheel drive,2,2480,7,,4540,22.3,28.0
1978,Europe,Gasoline,Front-wheel drive,2,2270,6,243,4220,17.5,27.7
1990,Asia,Gasoline,All-wheel drive,5,2320,6,251,4750,19.4,28.1
2007,USA,Hybrid,Front-wheel drive,4,2350,6,258,4240,17.5,35.1
1978,Asia,Gasoline,Rear-wheel drive,3,2260,6,,4560,20.5,29.4
1996,USA,Gasoline,Rear-wheel drive,4,2350,6,262,4660,19.5,27.0
1988,Asia,Gasoline,Front-wheel drive,4,2110,6,229,4090,19.6,32.3
1979,USA,Gasoline,Front-wheel drive,2,2610,7,,4690,19.0,26.3
1987,Europe,Diesel,Front-wheel drive,4,2350,6,278,4570,16.8,28.5
1985,Asia,Gasoline,All-wheel drive,5,2380,6,228,4720,21.0,25.6
2008,USA,Gasoline,All-wheel drive,4,2010,6,251,4070,17.4,30.5
2011,USA,Gasoline,Front-wheel drive,3,2360,6,251,4520,21.2,29.9
1984,Asia,Diesel,Front-wheel drive,4,2330,6,271,4480,22.1,31.1
1986,Europe,Gasoline,Front-wheel drive,2,2410,6,246,4210,19.8,27.4
2020,USA,Gasoline,Front-wheel drive,3,2350,6,268,4030,19.3,30.3
2020,Europe,Gasoline,Front-wheel drive,5,2500,7,257,4570,18.9,29.5
1983,Asia,Gasoline,Front-wheel drive,2,2220,6,,3990,16.9,32.9
1977,USA,Diesel,Front-wheel drive,5,2350,6,,4390,17.8,25.8
1978,Asia,Diesel,Front-wheel drive,3,2270,7,264,4480,20.0,29.7
1981,Asia,Diesel,Rear-wheel drive,4,2140,6,,4290,20.0,28.5
1999,USA,Gasoline,All-wheel drive,5,2330,6,280,4530,18.5,26.5
1997,USA,Gasoline,Rear-wheel drive,4,2300,6,259,4580,19.5,25.3
2017,Asia,Gasoline,Rear-wheel drive,3,2430,7,246,4760,17.9,30.2
2016,Europe,Gasoline,Front-wheel drive,3,2260,6,239,3820,17.7,32.7
1997,USA,Diesel,Front-wheel drive,3,2310,6,314,4230,17.9,31.1
1981,Europe,Diesel,All-wheel drive,4,2370,6,292,4470,18.9,29.3
1991,Asia,Diesel,Rear-wheel drive,5,2450,6,262,4560,16.2,28.6
2014,USA,Gasoline,Rear-wheel drive,3,2370,6,253,4530,17.4,27.5
1976,Europe,Gasoline,Front-wheel drive,3,1870,5,,3830,19.7,29.1
1985,USA,Hybrid,All-wheel drive,4,2320,6,256,4840,19.5,30.1
1980,Europe,Gasoline,All-wheel drive,4,2130,6,231,4310,20.2,24.2
2002,USA,Gasoline,Rear-wheel drive,3,2130,6,253,4280,18.6,26.3
1989,Europe,Diesel,Rear-wheel drive,3,2720,7,302,4740,18.7,25.1
1990,USA,Gasoline,Front-wheel drive,4,2110,6,265,4070,18.6,26.6
1975,Asia,Gasoline,Front-wheel drive,3,1950,6,217,3640,16.2,28.7
1975,USA,Diesel,Front-wheel drive,5,2130,6,,4180,19.2,29.6
1990,USA,Diesel,All-wheel drive,2,2410,6,250,4590,18.4,27.4
2024,USA,Hybrid,Front-wheel drive,3,2440,6,263,4390,19.6,31.7
1979,USA,Gasoline,Front-wheel drive,2,2750,7,312,4570,18.2,25.2
2009,Asia,Gasoline,All-wheel drive,3,2490,6,263,4630,20.3,30.8
1993,USA,Hybrid,Front-wheel drive,4,2390,6,,4250,19.4,32.5
2021,USA,Diesel,Rear-wheel drive,3,2040,6,246,4170,16.1,31.4
2003,Europe,Gasoline,Rear-wheel drive,3,2100,6,235,4200,,28.4
2013,Europe,Hybrid,Front-wheel drive,2,2170,6,222,4050,19.8,36.7
2007,Europe,Diesel,All-wheel drive,4,1980,6,239,4220,,33.9
1983,USA,Gasoline,Front-wheel drive,5,2440,6,,4290,19.3,27.0
1979,USA,Gasoline,Rear-wheel drive,4,2300,6,269,4310,19.0,24.7
1998,USA,Gasoline,Front-wheel drive,4,2250,6,242,4410,17.6,29.1
1997,USA,Gasoline,Front-wheel drive,3,2200,6,253,4260,21.4,28.4
2023,USA,Hybrid,All-wheel drive,5,2310,6,264,4370,19.4,34.9
2007,Europe,Gasoline,Front-wheel drive,5,2330,6,247,4290,18.4,30.3
1982,USA,Gasoline,Front-wheel drive,3,2370,6,269,4610,21.6,25.4
2019,USA,Hybrid,Rear-wheel drive,2,2150,6,268,4110,18.5,35.6
1992,Asia,Gasoline,Front-wheel drive,4,2500,7,277,4530,19.1,27.6
2004,USA,Gasoline,All-wheel drive,4,2320,6,265,4730,20.2,27.1
2004,USA,Gasoline,Front-wheel drive,4,2540,7,292,4750,17.9,30.0
2006,Asia,Gasoline,Front-wheel drive,3,2220,6,240,4030,19.0,33.5
2015,Europe,Hybrid,Front-wheel drive,2,2270,6,262,3880,18.1,34.9
1984,Asia,Gasoline,All-wheel drive,3,2240,6,238,4280,19.0,26.0
2002,Europe,Hybrid,All-wheel drive,2,2620,7,272,4630,18.3,32.5
2015,Asia,Gasoline,Front-wheel drive,4,2010,5,206,3720,18.8,35.2
2003,Asia,Diesel,Front-wheel drive,4,2030,6,254,3700,15.6,34.0
2002,Europe,Gasoline,Front-wheel drive,4,2270,7,274,4220,20.4,30.4
1977,Asia,Gasoline,Front-wheel drive,2,2550,7,271,4360,18.5,27.5
1988,Asia,Diesel,All-wheel drive,4,2320,6,269,4530,18.1,29.6
1978,Asia,Gasoline,Rear-wheel drive,4,2180,5,,4230,19.9,27.5
1998,Asia,Gasoline,Front-wheel drive,2,2560,7,280,4310,18.5,27.4
2007,Asia,Gasoline,Front-wheel drive,4,2460,6,257,4090,17.8,31.0
1976,Europe,Gasoline,Front-wheel drive,4,2030,6,242,4100,18.4,28.4
1988,USA,Gasoline,Front-wheel drive,4,2240,5,234,4000,17.9,26.9
2013,USA,Diesel,All-wheel drive,3,2300,6,272,4540,20.2,31.9
2021,Europe,Gasoline,Rear-wheel drive,5,2250,6,249,4420,19.8,33.5
1983,Asia,Diesel,Front-wheel drive,4,2260,5,,3880,18.1,30.2
1982,Europe,Hybrid,Rear-wheel drive,5,2280,6,,4650,18.4,29.7
1982,USA,Gasoline,All-wheel drive,3,2440,6,263,4460,19.4,24.4
2014,USA,Gasoline,Front-wheel drive,4,2190,6,256,4360,19.7,31.3
2012,Europe,Gasoline,Rear-wheel drive,4,2350,6,264,4250,15.8,33.2
2017,Europe,Gasoline,All-wheel drive,3,2500,7,255,4450,19.0,32.0
2002,Asia,Gasoline,Front-wheel drive,2,2090,6,240,3880,19.8,31.3
2015,Asia,Gasoline,Rear-wheel drive,2,2290,6,261,4290,18.0,31.5
2003,USA,Hybrid,All-wheel drive,3,2550,6,276,4810,18.6,27.3
2016,Asia,Gasoline,Front-wheel drive,4,2500,7,275,4300,18.2,28.9
1995,Europe,Gasoline,Front-wheel drive,3,2360,6,,4370,19.4,28.1
1999,Europe,Hybrid,Front-wheel drive,4,2390,6,248,4140,,35.4
2024,Europe,Gasoline,All-wheel drive,2,2310,6,247,4460,18.7,33.4
2022,USA,Gasoline,Front-wheel drive,4,2030,5,231,4010,20.4,28.4
1992,USA,Gasoline,Front-wheel drive,2,2290,7,263,4440,18.2,28.8
2016,Asia,Gasoline,Front-wheel drive,5,2260,6,264,4350,18.9,33.7
2015,USA,Gasoline,All-wheel drive,3,2300,6,282,4460,18.0,28.3
2020,Europe,Diesel,Front-wheel drive,4,2130,6,252,4000,19.5,39.2
1987,USA,Gasoline,Rear-wheel drive,4,2210,6,252,4260,19.0,27.9
2012,Asia,Diesel,Rear-wheel drive,4,2130,6,245,4220,17.5,36.2
1988,Europe,Gasoline,Front-wheel drive,3,2220,6,,4250,18.9,29.6
2007,Europe,Gasoline,Front-wheel drive,4,2280,6,230,4140,17.6,30.2
2007,Europe,Gasoline,Front-wheel drive,3,2120,6,217,3510,17.9,33.6
1985,Asia,Gasoline,Front-wheel drive,4,2360,6,257,4330,19.0,31.1
2005,Europe,Diesel,Rear-wheel drive,4,2540,7,290,4410,20.7,31.7
2014,Europe,Diesel,Rear-wheel drive,2,2050,6,259,3800,,30.2
2003,USA,Gasoline,Front-wheel drive,2,2100,6,233,4170,18.7,34.9
1995,USA,Gasoline,Front-wheel drive,5,2310,6,262,4400,18.6,26.3
2017,Europe,Gasoline,Front-wheel drive,4,2210,6,234,4190,18.3,31.2
1996,USA,Hybrid,Front-wheel drive,3,2330,6,262,4090,18.0,33.7
1984,USA,Gasoline,Front-wheel drive,3,2410,6,,4080,18.7,26.0
1976,Europe,Gasoline,Front-wheel drive,3,2580,7,274,4340,16.6,25.6
2024,Asia,Gasoline,Rear-wheel drive,2,2230,6,268,3920,17.5,34.3
2001,Asia,Gasoline,Front-wheel drive,2,2090,6,234,3980,20.5,33.5
2006,USA,Gasoline,Rear-wheel drive,3,2170,6,251,4210,20.6,29.3
2013,USA,Diesel,All-wheel drive,2,2520,7,297,4510,17.8,32.0
1983,Europe,Gasoline,Front-wheel drive,3,2450,6,276,4290,18.9,28.5
2013,USA,Gasoline,All-wheel drive,5,2310,6,251,4970,19.3,26.5
2005,Europe,Diesel,Front-wheel drive,4,2340,6,250,4050,18.4,31.6
2022,USA,Gasoline,All-wheel drive,3,2460,6,255,4730,19.6,27.6
2016,Europe,Diesel,Front-wheel drive,5,2350,6,246,4580,21.0,33.0
1979,USA,Gasoline,Rear-wheel drive,4,2060,5,,4080,19.0,29.6
2012,Europe,Gasoline,All-wheel drive,4,2360,6,265,4500,19.4,30.3
1986,Asia,Gasoline,Front-wheel drive,2,2230,6,265,4000,18.6,27.3
2007,USA,Gasoline,Front-wheel drive,3,2450,6,273,4570,19.1,30.0
1980,USA,Diesel,Rear-wheel drive,4,2410,6,268,4490,22.3,29.1
1998,USA,Gasoline,All-wheel drive,4,2410,6,268,4750,17.2,26.6
1978,Asia,Gasoline,Front-wheel drive,3,2250,6,,4130,19.2,26.4
2023,USA,Gasoline,Front-wheel drive,4,2390,6,254,4180,19.6,31.3
1986,USA,Gasoline,All-wheel drive,3,2130,6,267,4440,19.3,27.9
2021,Europe,Diesel,Front-wheel drive,3,2180,6,246,3950,14.3,34.6
2019,USA,Diesel,Front-wheel drive,3,1900,5,227,4100,19.7,36.3
2018,Asia,Gasoline,Rear-wheel drive,4,2280,6,242,4590,20.5,29.8
2002,Europe,Gasoline,All-wheel drive,4,1950,6,220,4540,19.4,27.7
2010,USA,Gasoline,Front-wheel drive,3,1890,5,223,3920,18.6,31.0
2012,Europe,Diesel,Rear-wheel drive,4,2130,6,252,3890,19.5,33.2
2014,Asia,Hybrid,Front-wheel drive,3,2160,6,253,4210,18.2,36.4
2011,Asia,Diesel,Front-wheel drive,3,2070,5,231,3780,15.0,34.8
1995,Asia,Gasoline,Rear-wheel drive,4,2470,7,273,4170,19.5,27.9
1999,Asia,Gasoline,Front-wheel drive,5,2560,7,276,4840,20.8,29.8
2015,Asia,Gasoline,Rear-wheel drive,4,2420,7,260,4820,17.7,32.5
1995,USA,Diesel,Front-wheel drive,5,2340,6,278,4490,17.8,33.3
1987,Europe,Gasoline,All-wheel drive,3,2210,6,250,4040,,26.5
2024,USA,Gasoline,All-wheel drive,3,2350,6,253,4520,19.3,29.9
1981,USA,Diesel,Rear-wheel drive,3,2500,7,,4700,19.2,27.0
1997,USA,Diesel,Front-wheel drive,4,2220,6,265,4330,19.9,31.2
1999,Europe,Gasoline,All-wheel drive,2,2430,6,256,4620,19.2,27.2
1989,USA,Gasoline,Front-wheel drive,4,2010,5,220,3710,20.0,28.1
1989,USA,Hybrid,Front-wheel drive,3,1950,5,231,4150,19.2,32.8
2003,USA,Hybrid,Rear-wheel drive,4,2110,5,238,4290,19.5,31.3
2001,Asia,Diesel,Rear-wheel drive,3,2230,6,226,4180,18.1,35.1
1994,Asia,Diesel,Front-wheel drive,3,2060,6,234,4060,20.0,33.3
1975,Asia,Diesel,Front-wheel drive,3,2290,6,,4090,18.7,33.2
2018,USA,Gasoline,Front-wheel drive,2,2360,6,271,4070,17.0,34.0
1985,Asia,Gasoline,Rear-wheel drive,5,2150,6,242,4200,19.1,28.3
1990,Asia,Gasoline,Front-wheel drive,5,1940,5,204,4120,19.6,28.6
2018,Asia,Diesel,Front-wheel drive,5,2200,6,240,4090,18.5,33.6
1999,Europe,Hybrid,Front-wheel drive,4,2040,5,225,4050,20.5,35.3
1984,USA,Hybrid,All-wheel drive,3,2260,6,,4490,20.1,29.5
2002,Asia,Gasoline,Rear-wheel drive,4,2270,6,241,4350,19.6,31.0
1991,Asia,Gasoline,Rear-wheel drive,2,2060,6,236,4130,18.2,28.7
1985,USA,Diesel,Front-wheel drive,3,2130,6,270,4010,17.0,29.2
1999,USA,Diesel,Front-wheel drive,4,2090,5,238,3960,18.8,32.3
1981,USA,Gasoline,All-wheel drive,4,2440,6,,4770,18.5,22.0
2014,Asia,Gasoline,Rear-wheel drive,2,2210,6,256,4060,19.6,31.4
1978,Europe,Gasoline,Rear-wheel drive,3,2300,6,250,4410,18.9,25.6
2007,Europe,Gasoline,Front-wheel drive,5,2260,6,260,4150,20.2,32.1
2003,Asia,Gasoline,All-wheel drive,2,2380,7,262,4410,18.3,28.4
2022,USA,Gasoline,Front-wheel drive,5,2230,6,254,4450,18.1,32.8
1992,Europe,Gasoline,Front-wheel drive,3,2410,6,270,4290,20.0,28.7
1981,Europe,Gasoline,Front-wheel drive,5,2040,6,216,4100,19.6,30.5
2000,Europe,Diesel,Front-wheel drive,2,2260,6,277,4030,17.6,34.7
2018,Europe,Gasoline,All-wheel drive,4,2340,6,240,4450,18.1,29.6
1982,Europe,Gasoline,Front-wheel drive,4,2390,6,265,4330,18.9,30.3
2003,USA,Diesel,Front-wheel drive,4,2310,6,274,4230,19.5,31.6
1977,Europe,Gasoline,Front-wheel drive,4,2590,7,289,4400,19.7,24.7
1982,USA,Gasoline,All-wheel drive,3,2020,6,232,4320,19.0,26.4
2017,Asia,Gasoline,All-wheel drive,2,2220,6,226,4200,18.0,33.3
1988,Europe,Gasoline,All-wheel drive,2,2410,6,235,4350,19.7,28.8
2004,USA,Gasoline,Front-wheel drive,2,2130,6,253,4130,15.9,31.2
2011,Asia,Gasoline,Rear-wheel drive,3,2380,7,276,4690,18.1,30.3
2022,USA,Gasoline,Front-wheel drive,4,2550,7,296,4790,19.4,30.0
1999,Asia,Diesel,Front-wheel drive,4,1980,5,239,3960,19.6,36.2
1991,USA,Gasoline,Rear-wheel drive,5,2090,6,232,4500,19.3,25.7
1988,Europe,Gasoline,Front-wheel drive,4,2410,6,253,4320,,27.6
1992,Asia,Gasoline,All-wheel drive,3,2160,6,239,4310,20.2,27.9
2004,Europe,Gasoline,Front-wheel drive,2,2500,6,261,4210,18.3,33.2
1998,Asia,Gasoline,Front-wheel drive,3,2370,6,268,4310,21.3,28.4
2019,USA,Gasoline,All-wheel drive,4,2250,6,250,4590,19.8,28.9
2023,Asia,Hybrid,Front-wheel drive,3,2610,7,271,4420,19.4,37.9
1990,Asia,Gasoline,Rear-wheel drive,2,2480,6,261,4380,18.6,29.2
2007,Asia,Hybrid,All-wheel drive,4,2400,6,232,4460,19.1,31.7
1983,USA,Gasoline,Rear-wheel drive,3,2500,7,,4590,20.5,22.2
2014,Asia,Gasoline,All-wheel drive,5,2420,6,261,4450,19.3,27.5
2016,USA,Diesel,Front-wheel drive,3,2320,6,277,4330,18.7,31.5
2002,Asia,Diesel,Front-wheel drive,4,2370,7,260,4540,18.5,32.8
2000,Asia,Diesel,Rear-wheel drive,3,2380,6,298,4290,17.9,29.8
2017,Europe,Hybrid,Rear-wheel drive,4,2110,6,225,4360,20.0,37.0
1990,USA,Gasoline,Rear-wheel drive,5,2420,6,272,4660,19.7,27.4
1990,Europe,Gasoline,All-wheel drive,4,2450,6,259,4410,,25.5
2009,Asia,Gasoline,Rear-wheel drive,2,2240,6,234,4490,20.9,31.8
1988,USA,Gasoline,Front-wheel drive,2,2460,6,290,4410,19.9,27.7
2009,USA,Gasoline,Front-wheel drive,2,2470,6,283,4130,18.0,29.1
2019,USA,Hybrid,Front-wheel drive,3,2090,6,225,4240,18.9,36.1
2005,Asia,Gasoline,Front-wheel drive,3,2180,6,227,4290,18.5,28.6
1999,USA,Gasoline,Rear-wheel drive,4,2360,6,274,4530,19.7,24.9
2004,USA,Gasoline,Rear-wheel drive,4,2090,6,225,4500,16.7,28.7
1988,Asia,Hybrid,Rear-wheel drive,4,2360,6,242,4080,19.7,35.3
1983,Europe,Diesel,Rear-wheel drive,4,2090,6,242,4220,20.0,31.1
2019,USA,Gasoline,Rear-wheel drive,3,2180,6,259,4090,17.7,30.4
2012,Asia,Hybrid,Front-wheel drive,5,1990,5,228,4220,21.2,38.0
2014,Asia,Gasoline,Rear-wheel drive,3,1990,5,219,3950,18.8,33.4
1983,Asia,Gasoline,All-wheel drive,2,2410,6,281,4390,20.8,28.9
2015,USA,Gasoline,Front-wheel drive,3,2280,6,270,4170,18.9,28.4
2016,Asia,Gasoline,All-wheel drive,4,2300,6,237,4360,17.5,30.7
2008,USA,Hybrid,Rear-wheel drive,3,2450,7,274,4320,17.3,33.6
1979,Asia,Gasoline,All-wheel drive,4,2320,6,272,4550,20.2,28.4
2011,USA,Hybrid,Front-wheel drive,3,2210,6,234,4420,18.0,33.1
1994,Asia,Gasoline,Front-wheel drive,4,2460,6,270,4410,17.8,27.6
1995,USA,Diesel,Front-wheel drive,5,2190,6,255,4360,20.2,28.7
2002,USA,Diesel,Rear-wheel drive,4,2250,6,274,4540,19.1,27.9
2022,USA,Gasoline,Front-wheel drive,5,2330,6,289,4780,16.9,31.3
2010,Europe,Gasoline,All-wheel drive,5,1980,5,230,4290,20.8,30.2
1987,Europe,Gasoline,All-wheel drive,3,2050,5,228,4310,19.9,30.1
1997,Asia,Gasoline,Rear-wheel drive,4,2330,6,254,4380,18.1,27.5
2010,Europe,Gasoline,Front-wheel drive,3,2350,6,264,4190,19.1,31.4
1985,USA,Gasoline,Rear-wheel drive,3,2620,7,291,4790,19.8,26.7
2002,Europe,Gasoline,Front-wheel drive,4,1900,5,206,3820,18.9,33.2
2005,Europe,Gasoline,Rear-wheel drive,3,2590,7,270,4270,18.2,31.4
2003,Europe,Gasoline,Front-wheel drive,3,2600,6,268,4600,18.8,30.8
2022,Europe,Gasoline,Rear-wheel drive,5,2230,6,255,4240,19.1,34.0
2002,USA,Diesel,Rear-wheel drive,3,2330,6,276,4250,17.2,27.6
2009,USA,Gasoline,Rear-wheel drive,4,2310,6,273,4420,17.7,26.9
2021,USA,Gasoline,Front-wheel drive,3,2160,5,248,4000,15.6,31.3
2004,USA,Diesel,Rear-wheel drive,3,2650,7,329,4720,19.9,27.6
1989,USA,Gasoline,Front-wheel drive,4,2100,6,231,4180,20.9,29.5
1977,Europe,Gasoline,Front-wheel drive,4,2620,7,302,4480,20.0,26.6
2008,Europe,Diesel,Rear-wheel drive,3,2300,6,260,4240,19.4,34.3
2007,USA,Gasoline,Front-wheel drive,2,2370,6,269,4260,20.2,28.7
2006,USA,Gasoline,Front-wheel drive,4,2300,6,261,4160,18.7,29.9
2023,Asia,Gasoline,Front-wheel drive,4,2210,6,249,4090,17.7,34.8
1990,Asia,Gasoline,Front-wheel drive,2,2280,6,267,4190,17.4,27.3
1995,USA,Gasoline,Rear-wheel drive,5,2500,7,263,4560,17.5,28.8
1985,Europe,Gasoline,Rear-wheel drive,4,2150,6,250,4130,19.0,25.7
1975,USA,Gasoline,Rear-wheel drive,3,2660,7,279,4740,20.7,24.4
1993,Europe,Gasoline,Front-wheel drive,5,2580,6,262,4400,19.4,28.2
2019,Asia,Diesel,Front-wheel drive,3,2200,5,259,4030,18.5,33.1
2022,Asia,Gasoline,All-wheel drive,3,2410,6,244,4230,19.1,29.7
2016,USA,Gasoline,Rear-wheel drive,4,1980,5,248,4200,16.3,27.1
2010,USA,Gasoline,Front-wheel drive,3,2240,6,261,4280,19.6,28.1
2022,USA,Gasoline,All-wheel drive,4,2160,6,251,4210,19.6,33.8
2024,USA,Hybrid,Rear-wheel drive,5,2470,6,275,4480,17.2,35.0
1979,USA,Gasoline,Front-wheel drive,3,2220,6,253,4160,20.5,28.1
2023,Europe,Gasoline,Front-wheel drive,5,2160,6,247,4260,19.0,34.7
1981,USA,Hybrid,Front-wheel drive,3,2130,5,,3990,19.9,32.5
2009,Asia,Gasoline,Rear-wheel drive,4,2510,7,244,4710,18.6,28.4
2014,Europe,Diesel,Rear-wheel drive,2,2170,6,246,4140,21.5,32.3
1982,Europe,Diesel,Front-wheel drive,5,2120,6,248,3960,18.8,30.3
1990,Asia,Gasoline,Front-wheel drive,3,2100,5,236,3640,14.8,30.1
2010,USA,Gasoline,Front-wheel drive,5,2180,6,249,4320,19.0,29.6
2007,Europe,Diesel,Front-wheel drive,3,2360,6,266,4400,16.6,35.7
1978,USA,Gasoline,Front-wheel drive,3,2570,7,283,4490,18.4,21.6
2005,Asia,Hybrid,All-wheel drive,3,2000,6,232,4320,18.7,36.2
1987,USA,Gasoline,Front-wheel drive,3,2010,6,252,4090,21.4,30.6
1991,USA,Gasoline,Front-wheel drive,2,2270,6,258,4260,17.9,28.0
1991,Europe,Diesel,Front-wheel drive,4,2050,5,244,3920,19.6,30.0
2014,Europe,Gasoline,Front-wheel drive,2,2100,6,,3930,18.6,32.8
2021,USA,Gasoline,Front-wheel drive,2,2360,6,241,4260,18.4,29.3
1998,USA,Diesel,Front-wheel drive,2,2110,5,265,3700,16.8,33.8
2016,USA,Hybrid,Front-wheel drive,4,2420,7,276,4370,19.0,32.4
2016,USA,Diesel,All-wheel drive,5,2370,6,284,4830,19.3,30.6
1996,Asia,Diesel,Rear-wheel drive,2,2030,5,227,4000,19.9,31.7
1979,USA,Gasoline,Front-wheel drive,5,2260,6,263,4330,19.3,26.1
2016,Europe,Gasoline,Front-wheel drive,4,1980,5,207,4210,17.9,34.1
2010,Asia,Diesel,All-wheel drive,3,2160,6,258,4170,18.8,32.4
2015,USA,Gasoline,Front-wheel drive,4,2290,6,259,4480,18.6,31.2
2007,USA,Gasoline,Front-wheel drive,2,2460,6,281,4500,17.3,31.1
2007,USA,Gasoline,Front-wheel drive,4,2300,6,255,4380,19.1,27.7
1987,USA,Gasoline,All-wheel drive,4,2120,6,253,4340,17.4,27.5
2004,USA,Gasoline,Rear-wheel drive,3,2340,6,284,4260,15.8,30.5
2017,Europe,Gasoline,All-wheel drive,4,2300,6,210,4460,17.8,31.8
2014,Asia,Gasoline,Rear-wheel drive,3,2260,6,252,4240,19.6,35.6
1978,Europe,Gasoline,Front-wheel drive,3,2270,6,250,3710,17.9,27.2
2007,Europe,Gasoline,Front-wheel drive,3,2500,7,283,4340,19.4,28.5
1991,USA,Hybrid,Rear-wheel drive,2,2330,6,275,4010,19.2,31.0
1980,USA,Gasoline,All-wheel drive,4,2230,7,260,4410,18.1,26.8
2014,Asia,Gasoline,Front-wheel drive,3,2190,6,241,3740,19.0,31.6
1988,Asia,Gasoline,Front-wheel drive,4,2320,6,243,4310,19.5,29.1
2007,Europe,Diesel,Front-wheel drive,4,1880,5,234,4100,17.6,36.5
1982,USA,Diesel,Rear-wheel drive,3,2320,6,269,4440,17.1,28.9
1979,USA,Gasoline,All-wheel drive,5,2440,6,,4600,19.5,24.9
2006,Europe,Gasoline,Front-wheel drive,2,1960,5,,3860,16.8,34.6
1984,Asia,Gasoline,All-wheel drive,3,2340,6,248,4380,18.7,29.3
1996,Asia,Gasoline,Rear-wheel drive,3,2180,6,239,4200,18.0,29.4
2004,Europe,Diesel,All-wheel drive,4,2190,6,241,4300,19.5,30.7
1978,USA,Gasoline,Rear-wheel drive,3,2370,6,252,4730,19.6,27.0
1990,USA,Hybrid,Front-wheel drive,3,2050,6,236,4110,19.6,33.4
2017,Europe,Gasoline,Front-wheel drive,4,2040,6,216,4350,18.6,33.5
2003,USA,Gasoline,Front-wheel drive,2,2440,7,280,4450,17.9,28.6
2018,Asia,Gasoline,Rear-wheel drive,2,2460,6,259,4560,19.0,33.3
1980,USA,Gasoline,Front-wheel drive,5,2340,6,276,4340,18.4,25.2
1981,USA,Hybrid,Front-wheel drive,4,2140,6,249,4300,18.6,32.1
2005,Europe,Hybrid,All-wheel drive,4,2450,7,254,4420,20.0,33.8
2006,USA,Diesel,Front-wheel drive,2,2500,7,,4200,17.3,30.1
1990,Europe,Diesel,Front-wheel drive,4,2400,7,264,4170,18.6,30.6
2015,Europe,Gasoline,Rear-wheel drive,2,2280,6,239,4280,20.4,32.1
1987,USA,Gasoline,Rear-wheel drive,4,2210,5,261,4590,20.6,25.9
1988,Europe,Gasoline,Front-wheel drive,4,2110,6,249,3980,,30.9
2001,Europe,Diesel,Rear-wheel drive,4,2280,6,258,4170,16.9,30.1
2004,Europe,Gasoline,All-wheel drive,3,2010,6,226,4040,,27.4
2010,Europe,Gasoline,Front-wheel drive,4,2310,6,245,3880,20.9,31.7
2015,Asia,Gasoline,Front-wheel drive,4,1900,5,234,3870,18.1,35.4
2013,Europe,Gasoline,Front-wheel drive,3,2390,6,233,3950,18.6,33.1
1998,USA,Hybrid,Front-wheel drive,4,2090,6,252,4060,17.2,31.3
2005,USA,Gasoline,Front-wheel drive,5,2240,5,252,4060,18.2,29.6
2015,Europe,Hybrid,Rear-wheel drive,4,2360,6,272,4320,,34.9
2005,USA,Gasoline,Front-wheel drive,3,2150,6,235,4040,18.5,27.6
2016,USA,Diesel,All-wheel drive,4,2390,7,310,4830,17.8,27.4
1977,USA,Gasoline,All-wheel drive,4,2250,6,271,4410,19.4,25.0
1981,Europe,Gasoline,All-wheel drive,4,2360,6,259,4520,21.6,23.6
1977,USA,Gasoline,Front-wheel drive,5,2290,7,271,4300,18.3,27.1
2018,Asia,Gasoline,Front-wheel drive,2,1990,6,204,3770,18.0,36.3
1996,USA,Diesel,Front-wheel drive,4,2490,7,295,4410,20.0,28.8
2002,Europe,Gasoline,Front-wheel drive,3,2140,6,256,3890,17.6,31.1
1990,USA,Gasoline,Front-wheel drive,4,2000,5,233,4170,17.7,28.3
2008,Asia,Gasoline,All-wheel drive,3,2350,6,261,4590,19.2,25.3
1979,Asia,Gasoline,Front-wheel drive,4,2340,6,259,4210,19.9,29.8
1989,Asia,Diesel,Front-wheel drive,4,2120,6,252,4510,20.0,27.9
1991,Asia,Gasoline,Rear-wheel drive,4,2440,7,248,4540,19.3,27.7
1987,USA,Gasoline,Front-wheel drive,3,2590,7,288,4530,20.5,28.2
1993,Asia,Diesel,Front-wheel drive,3,2420,6,279,4440,16.7,33.1
1982,Europe,Gasoline,Rear-wheel drive,4,2500,6,288,4540,19.0,27.3
1991,USA,Diesel,All-wheel drive,4,1950,5,268,4420,20.4,30.9
1996,USA,Gasoline,Front-wheel drive,4,2140,6,242,4010,19.6,29.7
2010,Asia,Hybrid,Front-wheel drive,4,2270,6,229,4000,19.0,37.8
1989,Asia,Gasoline,Front-wheel drive,2,2440,7,273,4220,18.7,28.2
2001,USA,Gasoline,Front-wheel drive,3,2060,5,223,3960,18.8,28.5
2009,USA,Gasoline,Front-wheel drive,4,1910,5,202,3850,19.9,32.6
1987,USA,Gasoline,Front-wheel drive,4,2440,6,265,4290,18.1,28.6
1990,Europe,Diesel,Rear-wheel drive,2,2350,7,283,4410,20.1,28.3
2023,USA,Gasoline,Rear-wheel drive,2,2150,5,249,4290,16.2,32.6
2009,Europe,Diesel,Front-wheel drive,3,2470,6,275,4140,16.8,33.3
1986,Europe,Hybrid,Front-wheel drive,3,1860,6,200,3710,16.8,34.8
1977,USA,Gasoline,Front-wheel drive,4,2150,6,244,4080,17.9,29.5
1990,USA,Gasoline,Front-wheel drive,2,2210,6,262,4080,19.3,28.6
1988,Asia,Gasoline,All-wheel drive,3,2200,6,257,4460,20.5,25.5
2003,Europe,Gasoline,All-wheel drive,3,2450,6,259,4270,18.0,26.5
1994,USA,Gasoline,Rear-wheel drive,3,2010,5,253,4090,19.2,28.6
2024,Asia,Hybrid,Front-wheel drive,4,2030,5,228,4000,18.5,37.7
1992,Asia,Gasoline,All-wheel drive,3,1870,5,204,3860,20.5,28.3
1994,Europe,Gasoline,Front-wheel drive,3,2200,6,256,4070,17.6,30.1
1981,Asia,Gasoline,Front-wheel drive,4,2140,5,219,4070,19.6,27.0
2001,Asia,Gasoline,Front-wheel drive,4,2290,6,241,4110,19.3,31.9
2020,Europe,Gasoline,Rear-wheel drive,3,2400,6,261,4600,20.0,28.7
2018,USA,Gasoline,Front-wheel drive,3,2230,6,242,4320,20.4,34.9
2020,Europe,Gasoline,Front-wheel drive,4,2300,6,237,3940,17.6,27.7
2023,USA,Diesel,All-wheel drive,4,2120,6,259,4160,17.7,32.6
2017,Europe,Gasoline,Rear-wheel drive,4,2710,8,302,4750,17.8,28.8
1990,Europe,Hybrid,All-wheel drive,5,2570,7,272,4820,18.5,26.2
1990,USA,Gasoline,Front-wheel drive,5,2060,6,250,4350,18.9,25.0
1999,USA,Gasoline,Front-wheel drive,2,2220,5,249,4030,21.0,31.1
2020,Asia,Diesel,Front-wheel drive,4,2240,6,269,3970,19.7,35.4
1988,Europe,Gasoline,Front-wheel drive,4,2400,6,246,4220,19.7,31.3
1987,USA,Gasoline,Front-wheel drive,4,2230,6,249,3930,16.5,30.2
1975,Asia,Gasoline,Front-wheel drive,5,1940,6,,4080,20.2,29.4
1987,USA,Gasoline,Front-wheel drive,3,2530,6,280,4290,18.1,26.6
1979,Asia,Gasoline,Rear-wheel drive,4,2090,6,227,4400,21.0,28.4
2001,Europe,Gasoline,Rear-wheel drive,5,1910,5,204,4070,18.9,31.4
2002,USA,Gasoline,Rear-wheel drive,2,2360,6,254,4390,17.8,28.1
2003,Asia,Gasoline,All-wheel drive,4,2370,6,254,4650,18.0,27.5
2018,USA,Gasoline,Front-wheel drive,4,2230,6,239,4270,19.4,29.5
1981,Asia,Gasoline,Front-wheel drive,4,1890,5,,3990,19.3,31.9
2010,Europe,Diesel,Front-wheel drive,3,2330,6,263,4040,,35.2
1975,Europe,Gasoline,Rear-wheel drive,3,1940,6,204,4130,18.3,24.3
1993,USA,Gasoline,Front-wheel drive,4,2160,6,253,4240,18.0,26.1
1983,Europe,Gasoline,All-wheel drive,2,1980,5,211,4160,18.6,26.2
1983,Asia,Diesel,Rear-wheel drive,3,2240,6,256,4280,19.0,26.3
2008,USA,Diesel,Front-wheel drive,5,2370,6,273,4440,18.4,34.3
2001,Asia,Gasoline,Rear-wheel drive,3,2190,6,237,4020,17.9,29.2
2019,Europe,Gasoline,Front-wheel drive,4,2160,6,220,4020,17.8,33.8
2002,Asia,Gasoline,Rear-wheel drive,4,2260,6,249,4320,20.2,29.0
1982,USA,Gasoline,Front-wheel drive,5,2240,5,273,4350,21.4,28.9
1981,USA,Gasoline,Front-wheel drive,4,2300,6,272,4230,20.1,26.1
1982,USA,Hybrid,Front-wheel drive,4,2360,5,,4230,16.0,26.5
2014,Europe,Gasoline,Front-wheel drive,2,2270,6,239,3860,15.8,35.0
1994,Europe,Gasoline,Front-wheel drive,2,1960,6,212,3880,17.9,29.1
2021,Europe,Hybrid,Front-wheel drive,4,2090,6,264,4050,18.6,39.0
2011,USA,Diesel,All-wheel drive,2,2370,6,258,4500,17.7,31.2
2022,USA,Hybrid,Front-wheel drive,4,2350,6,269,4350,20.1,35.2
2019,USA,Diesel,Front-wheel drive,5,2310,7,281,4520,19.1,29.7
2024,Europe,Gasoline,Rear-wheel drive,4,2380,6,280,4200,16.1,29.6
2024,Asia,Gasoline,Rear-wheel drive,3,2390,6,245,4270,18.1,32.9
1992,USA,Hybrid,Front-wheel drive,3,2390,6,277,4430,19.1,30.4
1978,Asia,Gasoline,Front-wheel drive,3,2320,7,,4330,17.2,26.3
2007,Asia,Gasoline,Rear-wheel drive,3,2180,6,236,4330,18.9,32.1
2009,USA,Gasoline,Front-wheel drive,3,2340,6,259,4100,18.2,30.6
2000,USA,Gasoline,All-wheel drive,5,2120,5,252,4640,19.1,28.1
1995,Europe,Diesel,Front-wheel drive,2,2010,5,243,3710,19.3,32.3
1983,Asia,Diesel,Rear-wheel drive,5,2250,5,,4470,19.6,27.9
2013,Europe,Diesel,Rear-wheel drive,5,2040,5,226,4130,18.6,34.3
2021,Asia,Gasoline,Front-wheel drive,4,2270,6,240,4130,19.5,33.1
2024,Asia,Gasoline,Rear-wheel drive,4,2320,6,257,4720,19.1,32.2
2002,Asia,Gasoline,Front-wheel drive,4,2040,6,247,3740,16.5,31.7
2010,Europe,Gasoline,Front-wheel drive,4,2360,6,258,4330,18.5,26.8
1975,USA,Gasoline,Rear-wheel drive,3,2090,6,,4320,18.3,26.9
2020,Asia,Gasoline,Rear-wheel drive,2,2490,7,266,4260,17.4,30.1
2010,USA,Gasoline,All-wheel drive,4,2200,6,266,4410,19.4,26.7
1991,USA,Gasoline,All-wheel drive,3,2280,6,233,4380,18.9,29.0
2014,Asia,Diesel,All-wheel drive,5,2400,6,286,4880,20.8,28.9
1995,Asia,Diesel,Rear-wheel drive,3,2110,6,250,3780,18.0,35.3
1975,Europe,Gasoline,Front-wheel drive,4,2250,6,245,4230,19.4,29.0
1979,USA,Gasoline,Front-wheel drive,4,2160,6,261,4200,19.8,26.0
2008,Asia,Diesel,All-wheel drive,3,2180,5,230,4410,19.7,32.1
2014,Europe,Gasoline,Front-wheel drive,3,2010,6,228,3640,17.6,33.8
2012,USA,Hybrid,Front-wheel drive,3,2170,6,242,4150,18.2,34.5
2020,USA,Gasoline,All-wheel drive,3,2210,6,255,4410,18.6,28.2
1990,Asia,Gasoline,Front-wheel drive,4,2520,7,284,4570,20.4,28.1
1991,Europe,Diesel,All-wheel drive,5,2150,6,263,4340,18.5,31.3
1990,Asia,Gasoline,Front-wheel drive,4,2220,5,222,3900,17.5,30.6
2008,USA,Gasoline,Front-wheel drive,5,2160,6,239,4290,18.9,30.2
2008,USA,Gasoline,Rear-wheel drive,2,2290,6,274,4350,18.7,29.5
1990,Europe,Diesel,Front-wheel drive,3,2370,6,265,4190,19.8,31.1
2015,USA,Gasoline,Front-wheel drive,5,2380,6,249,4550,20.3,27.6
1999,USA,Diesel,Front-wheel drive,2,2390,6,257,4140,19.6,28.1
2003,USA,Gasoline,Rear-wheel drive,5,2350,6,274,4760,19.6,26.6
1999,USA,Diesel,Front-wheel drive,4,2280,5,242,4380,19.7,31.5
2022,Europe,Gasoline,All-wheel drive,2,2300,6,233,4170,,30.8
1978,Asia,Gasoline,Rear-wheel drive,5,2320,6,257,4310,18.9,25.2
1977,Asia,Gasoline,All-wheel drive,2,2200,6,,4300,19.2,24.1
1983,Asia,Diesel,Rear-wheel drive,2,2440,6,294,4360,19.8,29.4
2005,Europe,Hybrid,Rear-wheel drive,4,2360,6,249,4350,19.8,34.7
1997,Asia,Gasoline,Front-wheel drive,2,2440,6,270,4010,16.1,27.2
1997,Asia,Hybrid,Front-wheel drive,3,2280,6,233,4290,19.5,33.3
2002,Asia,Gasoline,Front-wheel drive,5,2280,6,261,4290,19.2,31.4
1986,Asia,Gasoline,Front-wheel drive,3,2150,5,232,4030,18.0,30.9
2003,Asia,Gasoline,Front-wheel drive,5,2370,7,262,4570,17.8,27.9
2013,USA,Gasoline,Front-wheel drive,2,2650,7,305,4430,15.3,30.4
2004,Europe,Gasoline,All-wheel drive,5,2360,6,247,4560,19.9,25.9
2010,USA,Gasoline,Rear-wheel drive,3,2240,6,249,4460,19.2,29.5
2005,USA,Gasoline,Rear-wheel drive,4,1960,6,225,4380,19.5,28.1
2014,Europe,Gasoline,Rear-wheel drive,3,2290,6,230,4070,20.8,31.4
2023,USA,Gasoline,Front-wheel drive,2,2250,7,273,4230,19.6,33.8
1991,Europe,Gasoline,Front-wheel drive,4,2230,6,221,3920,19.3,30.7
2004,Asia,Gasoline,Front-wheel drive,4,2260,6,255,3880,17.7,31.3
2019,Asia,Gasoline,Rear-wheel drive,3,1940,5,215,3770,19.1,32.1
1998,Asia,Gasoline,Front-wheel drive,4,2350,6,268,4300,18.9,30.9
2013,Asia,Gasoline,All-wheel drive,5,2260,6,250,4600,19.7,32.8
1999,USA,Gasoline,All-wheel drive,3,2300,6,278,4410,19.2,28.1
2015,Europe,Diesel,Front-wheel drive,3,2230,6,268,4100,18.7,36.5
1975,Europe,Diesel,Rear-wheel drive,4,2090,6,,4060,22.1,27.7
2020,USA,Diesel,Front-wheel drive,4,2360,6,276,4560,17.1,34.5
2021,USA,Gasoline,All-wheel drive,2,2040,6,225,4130,18.8,30.1
1979,Asia,Gasoline,Rear-wheel drive,2,2250,6,,4190,21.2,30.5
2013,USA,Gasoline,All-wheel drive,3,2170,6,245,4330,20.2,30.5
2008,Asia,Diesel,Front-wheel drive,4,1940,5,215,4280,19.5,37.8
2024,Asia,Gasoline,Rear-wheel drive,3,2300,6,252,4120,18.3,29.6
2005,Asia,Diesel,Front-wheel drive,5,2020,6,236,4140,19.5,32.8
2002,USA,Gasoline,Front-wheel drive,4,2280,6,266,4190,18.9,29.5
1995,USA,Hybrid,Rear-wheel drive,2,2350,7,266,4670,20.3,28.4
1980,Europe,Gasoline,Front-wheel drive,5,2360,6,244,4130,20.0,27.7
1991,Asia,Gasoline,Front-wheel drive,3,2350,6,,4080,19.4,31.2
2017,Europe,Gasoline,All-wheel drive,5,2330,6,,4650,20.4,30.9
1998,Asia,Gasoline,Rear-wheel drive,3,2180,6,235,4280,16.9,28.2
1977,Europe,Gasoline,All-wheel drive,4,2240,7,244,4430,18.2,26.3
1976,USA,Gasoline,Front-wheel drive,3,1970,6,235,3800,18.2,30.0
1981,USA,Gasoline,Front-wheel drive,3,2450,6,266,4640,18.5,27.9
2007,USA,Diesel,Front-wheel drive,2,2500,7,271,4370,19.4,31.6
2001,Europe,Gasoline,Front-wheel drive,2,1910,6,204,3690,19.2,30.9
1989,Asia,Hybrid,Front-wheel drive,4,2530,7,291,4410,18.8,33.1
1993,Europe,Diesel,Front-wheel drive,4,2500,6,295,4250,17.2,31.4
2000,Asia,Gasoline,Front-wheel drive,3,2400,6,250,4370,20.7,26.7
1976,Asia,Gasoline,Front-wheel drive,4,2390,6,,4460,19.5,27.3
1984,USA,Diesel,All-wheel drive,4,2680,7,301,4880,21.9,23.1
1990,Asia,Gasoline,All-wheel drive,3,2390,7,259,4740,19.2,24.8
1989,USA,Gasoline,Front-wheel drive,5,2360,6,279,4280,17.5,28.7
1992,USA,Hybrid,Front-wheel drive,3,2530,6,277,4370,19.1,30.3
1999,USA,Gasoline,Front-wheel drive,3,2330,6,273,4480,18.5,30.3
1988,USA,Gasoline,Front-wheel drive,4,2350,7,273,4370,18.4,27.5
1976,Asia,Gasoline,Front-wheel drive,3,2030,6,,3900,17.3,29.9
1991,Asia,Gasoline,Front-wheel drive,3,2400,6,269,4350,16.8,28.2
1994,Europe,Diesel,Rear-wheel drive,2,2360,6,271,4360,17.9,28.1
2010,USA,Gasoline,Rear-wheel drive,4,2330,6,273,4610,19.0,27.7
1984,USA,Diesel,All-wheel drive,4,2330,6,279,4560,18.2,28.2
1980,Asia,Gasoline,Front-wheel drive,3,2420,7,272,4470,20.4,28.2
1994,USA,Gasoline,Rear-wheel drive,5,2420,7,265,4700,21.7,26.1
1993,Europe,Gasoline,Rear-wheel drive,2,2120,5,230,3880,16.5,31.1
2018,USA,Gasoline,All-wheel drive,3,2550,7,290,5170,20.9,30.0
1992,Europe,Gasoline,Front-wheel drive,4,2180,6,243,4130,19.8,29.4
1988,USA,Diesel,All-wheel drive,2,2280,6,267,4440,14.0,25.3
1984,Asia,Gasoline,Front-wheel drive,5,2180,6,,4210,20.1,31.1
2022,Europe,Gasoline,Rear-wheel drive,3,2280,6,259,4240,17.9,33.6
1996,USA,Hybrid,Front-wheel drive,3,2260,6,284,4310,18.6,30.4
1997,USA,Diesel,Front-wheel drive,3,2360,6,298,4410,19.3,33.7
2024,Europe,Gasoline,All-wheel drive,2,2420,6,252,4440,,28.8
2015,Asia,Diesel,All-wheel drive,2,2500,7,281,5010,21.5,30.9
2000,Asia,Diesel,Front-wheel drive,4,2160,6,,4060,19.5,34.3
1989,Europe,Gasoline,Front-wheel drive,3,2720,6,271,4530,19.0,27.8
1983,USA,Gasoline,Rear-wheel drive,3,2150,6,271,3860,16.3,30.2
2020,USA,Diesel,Rear-wheel drive,5,2460,7,300,4560,16.9,33.0
2022,Asia,Gasoline,Rear-wheel drive,2,2270,6,258,4300,18.7,29.4
1992,USA,Diesel,Front-wheel drive,3,2030,6,260,3870,19.4,33.4
2006,USA,Gasoline,All-wheel drive,3,2230,6,268,4310,17.5,26.5
2023,USA,Diesel,Front-wheel drive,2,2120,6,274,4390,17.8,32.9
1992,Europe,Diesel,All-wheel drive,4,2330,6,254,4350,19.0,31.1
2002,Europe,Gasoline,All-wheel drive,3,2400,6,243,4370,17.9,27.6
1991,Asia,Gasoline,Front-wheel drive,2,2570,6,270,4560,19.1,28.5
2008,Asia,Gasoline,Rear-wheel drive,2,1850,5,205,4100,19.4,31.1
2009,USA,Gasoline,All-wheel drive,4,2460,6,,4540,18.3,28.7
1984,USA,Gasoline,Rear-wheel drive,4,2650,6,285,4730,19.1,24.9
1999,USA,Gasoline,Front-wheel drive,5,1940,6,248,3970,19.9,28.0
2014,USA,Gasoline,All-wheel drive,4,2140,6,237,4430,20.8,27.6
2006,USA,Diesel,Front-wheel drive,4,2440,7,294,4500,17.6,30.1
2015,Asia,Diesel,Front-wheel drive,3,2130,6,224,4070,18.9,33.5
2008,USA,Gasoline,Rear-wheel drive,4,2550,7,280,4520,19.6,28.7
1984,Europe,Diesel,Rear-wheel drive,5,2320,6,,4410,18.7,29.4
1979,Asia,Diesel,Front-wheel drive,3,2340,6,246,4130,22.3,33.2
1991,USA,Gasoline,Front-wheel drive,2,2210,6,260,3990,19.5,29.0
1989,USA,Gasoline,Front-wheel drive,4,2220,6,251,4150,19.0,27.0
2004,Europe,Diesel,Front-wheel drive,5,2360,6,261,4440,18.9,31.0
2003,Europe,Gasoline,All-wheel drive,2,2480,6,274,4600,19.5,29.1
2021,Europe,Gasoline,Front-wheel drive,3,2560,6,300,4690,19.2,29.1
2023,Asia,Gasoline,Rear-wheel drive,4,2280,6,251,4360,20.8,32.2
1993,Europe,Gasoline,Front-wheel drive,5,2110,6,230,4010,17.2,29.3
2008,USA,Hybrid,Rear-wheel drive,5,2430,7,283,4400,19.8,33.4
2013,Europe,Diesel,Front-wheel drive,4,2100,6,237,3790,18.6,35.1
2009,Asia,Gasoline,Rear-wheel drive,3,2400,6,245,4460,17.5,28.8
1996,Asia,Hybrid,Front-wheel drive,5,2020,5,214,4010,18.2,35.5
1997,Asia,Gasoline,Front-wheel drive,4,2380,6,238,4410,19.5,27.1
2004,USA,Gasoline,All-wheel drive,5,2550,6,281,5010,19.2,25.4
1993,Europe,Gasoline,Rear-wheel drive,2,2120,5,224,4030,19.8,31.8
1979,Asia,Gasoline,Front-wheel drive,4,2280,6,255,4110,19.3,29.1
1990,USA,Gasoline,Rear-wheel drive,5,2190,6,236,4400,20.4,29.1
1992,Europe,Gasoline,Front-wheel drive,5,2200,5,233,4010,,29.1
1997,Europe,Gasoline,Front-wheel drive,2,2190,6,257,3940,17.6,29.8
1980,USA,Diesel,Front-wheel drive,2,2250,6,258,4310,19.9,29.1
1983,Asia,Diesel,Rear-wheel drive,2,2250,6,259,4400,20.2,32.0
1991,USA,Gasoline,All-wheel drive,2,2110,5,247,4310,21.0,30.5
1994,Europe,Diesel,Rear-wheel drive,4,2390,6,295,4480,19.6,29.4
2019,Europe,Gasoline,Front-wheel drive,4,2170,5,250,3770,,29.9
1993,Europe,Gasoline,All-wheel drive,2,2280,6,266,4280,18.8,29.3
1989,Asia,Gasoline,Front-wheel drive,2,2190,6,253,4020,20.1,30.4
2016,USA,Gasoline,Rear-wheel drive,4,2150,6,238,4290,18.2,31.7
1983,Europe,Diesel,Front-wheel drive,4,2350,7,,4520,17.5,27.3
1991,USA,Gasoline,Front-wheel drive,3,2220,6,267,4510,20.6,27.0
1989,Europe,Diesel,All-wheel drive,4,2210,5,248,4530,18.9,29.3
2010,Asia,Gasoline,Front-wheel drive,4,2300,6,263,4210,18.2,32.9
2008,Europe,Gasoline,Front-wheel drive,4,2130,5,216,4090,19.7,32.6
1980,Europe,Diesel,Front-wheel drive,4,2410,6,,4280,16.5,30.9
1999,USA,Gasoline,Rear-wheel drive,4,2330,6,271,4780,19.5,26.5
2019,USA,Gasoline,Rear-wheel drive,4,2170,6,240,4180,19.7,28.5
1987,USA,Gasoline,Front-wheel drive,3,2390,6,277,4130,19.0,24.7
1989,USA,Diesel,All-wheel drive,4,2110,6,274,4590,20.6,30.0
2004,Asia,Gasoline,Front-wheel drive,2,2380,7,223,4250,18.0,32.3
1989,USA,Hybrid,Front-wheel drive,5,1970,6,238,4220,20.4,31.1
2008,Europe,Gasoline,Front-wheel drive,3,2240,6,246,4180,18.7,33.7
1999,USA,Gasoline,Front-wheel drive,4,2150,6,241,4160,19.5,28.0
1994,Europe,Diesel,All-wheel drive,2,2470,7,,4640,18.0,29.3
2009,Europe,Gasoline,Front-wheel drive,4,2110,6,256,4060,17.8,27.2
2007,Asia,Hybrid,All-wheel drive,3,2500,7,280,4640,21.2,31.8
2004,USA,Hybrid,All-wheel drive,4,2200,5,234,4410,18.0,29.5
1993,Europe,Gasoline,Front-wheel drive,3,2570,7,258,4490,18.9,30.0
2017,Europe,Gasoline,Front-wheel drive,5,1870,5,202,3850,17.9,34.0
2008,Asia,Gasoline,Front-wheel drive,2,2140,5,230,4050,16.8,33.1
1990,Asia,Diesel,Rear-wheel drive,4,2340,6,279,4360,17.8,30.9
2014,USA,Gasoline,All-wheel drive,2,2270,6,249,3920,17.1,28.1
2017,Europe,Gasoline,Rear-wheel drive,4,2080,6,267,4250,18.7,33.1
1996,USA,Gasoline,Front-wheel drive,4,2150,6,244,4060,17.0,31.7
2012,USA,Gasoline,Front-wheel drive,4,1990,6,234,3900,19.5,29.0
2007,Europe,Hybrid,Rear-wheel drive,3,2310,6,257,4530,20.8,34.9
2019,USA,Gasoline,Front-wheel drive,4,2320,6,248,4690,20.8,29.1
2012,Asia,Gasoline,Front-wheel drive,3,2350,6,261,4020,18.5,28.7
1984,Europe,Gasoline,Front-wheel drive,4,2070,6,,4040,16.9,29.0
1987,Europe,Gasoline,Rear-wheel drive,4,2260,6,251,4340,18.8,25.0
2000,USA,Diesel,All-wheel drive,3,2050,5,297,4370,18.3,28.5
2013,USA,Gasoline,All-wheel drive,4,2320,6,234,4480,18.7,25.4
1984,Europe,Gasoline,Rear-wheel drive,5,2170,6,237,4330,19.4,26.1
1995,USA,Gasoline,Front-wheel drive,2,2440,7,275,4460,17.4,27.7
2003,Asia,Hybrid,Rear-wheel drive,4,2350,6,267,4360,19.1,32.8
1986,Asia,Diesel,Front-wheel drive,2,2220,6,268,4020,16.8,30.8
2013,Asia,Diesel,All-wheel drive,3,2590,7,310,4700,18.5,29.7
1980,Europe,Diesel,All-wheel drive,2,2340,6,288,4310,,31.4
1977,USA,Hybrid,Rear-wheel drive,3,2320,6,,4430,20.6,31.7
2015,Asia,Gasoline,Front-wheel drive,5,2180,6,232,4080,17.9,32.8
2019,Asia,Gasoline,Front-wheel drive,4,2280,6,252,4120,17.2,31.7
1990,USA,Gasoline,Rear-wheel drive,2,2270,6,261,4350,18.3,23.6
1992,USA,Gasoline,Rear-wheel drive,4,2190,6,239,4160,18.6,28.7
2024,Asia,Hybrid,Front-wheel drive,4,2130,5,242,4050,17.7,37.4
2013,USA,Gasoline,Front-wheel drive,3,2350,6,259,3970,17.1,27.5
1982,Europe,Gasoline,Front-wheel drive,5,2240,6,242,4460,19.7,28.4
2011,Europe,Gasoline,All-wheel drive,3,2030,6,229,3960,,29.6
2012,Europe,Diesel,All-wheel drive,3,2270,6,248,4310,17.1,31.3
2016,USA,Gasoline,Front-wheel drive,4,2510,7,275,4600,18.5,28.8
1982,USA,Gasoline,All-wheel drive,5,2370,6,,5040,20.5,27.0
1995,USA,Gasoline,Front-wheel drive,3,2270,7,257,4360,18.4,27.1
2020,Europe,Gasoline,Rear-wheel drive,3,2400,6,262,4550,18.9,29.5
2024,Europe,Gasoline,Rear-wheel drive,3,2070,6,228,3910,17.4,34.5
1995,Europe,Hybrid,All-wheel drive,4,2290,6,227,4350,20.9,31.3
1999,USA,Gasoline,Front-wheel drive,2,2310,6,261,4050,18.8,30.7
2020,Europe,Hybrid,Front-wheel drive,2,2230,6,235,4160,18.3,35.8
2019,Europe,Gasoline,Front-wheel drive,4,2200,6,241,4210,18.0,32.8
1995,USA,Diesel,All-wheel drive,4,2240,6,250,4470,19.5,28.9
2008,Asia,Hybrid,Rear-wheel drive,3,2470,7,261,4820,16.6,31.8
2003,USA,Gasoline,Front-wheel drive,4,2310,6,287,4390,19.7,28.6
2006,Asia,Gasoline,Rear-wheel drive,4,2090,6,250,4330,16.9,31.1
1983,USA,Gasoline,Front-wheel drive,3,2120,6,,3970,20.0,25.3
1989,Asia,Gasoline,All-wheel drive,3,2280,6,247,4480,20.3,27.1
1977,Asia,Gasoline,Front-wheel drive,2,2380,6,233,4010,18.3,25.1
1980,USA,Hybrid,Front-wheel drive,3,2610,7,284,4720,20.2,29.2
1978,Europe,Gasoline,Front-wheel drive,4,1950,5,,3650,,29.6
2010,Asia,Gasoline,All-wheel drive,3,2230,6,230,4390,20.3,29.9
1983,Europe,Gasoline,Rear-wheel drive,4,2310,6,,4300,19.1,26.3
2012,Asia,Gasoline,Front-wheel drive,4,1870,5,207,3960,17.9,33.6
1988,Asia,Hybrid,Front-wheel drive,3,2100,6,227,3600,19.1,36.0
2023,Europe,Hybrid,Front-wheel drive,5,2170,6,218,4260,17.3,36.1
1988,Europe,Gasoline,All-wheel drive,3,2130,5,218,4210,18.8,28.5
1979,USA,Gasoline,Front-wheel drive,5,2400,6,,4690,19.9,27.9
1995,USA,Gasoline,Front-wheel drive,4,2080,5,221,4130,19.5,30.6
1980,Asia,Gasoline,All-wheel drive,4,2020,5,235,4210,20.3,31.3
1994,Asia,Gasoline,Front-wheel drive,5,2280,6,230,4240,20.4,28.7
2002,Asia,Gasoline,Front-wheel drive,5,2150,6,244,4060,17.1,29.3
2023,USA,Gasoline,Front-wheel drive,2,2460,6,286,4500,17.9,30.2
2020,Europe,Gasoline,Front-wheel drive,4,2160,6,254,4180,18.6,32.5
2018,Europe,Gasoline,Rear-wheel drive,3,2080,6,232,3910,18.9,33.8
1981,Asia,Diesel,Front-wheel drive,2,2180,6,258,4180,21.7,26.1
2001,Europe,Gasoline,Front-wheel drive,5,2350,6,251,4210,19.4,30.8
2007,USA,Gasoline,Front-wheel drive,2,2390,6,283,4050,18.0,30.2
1979,USA,Diesel,Front-wheel drive,2,2050,6,,4010,17.5,27.0
1989,Europe,Gasoline,All-wheel drive,3,2470,7,262,4530,19.6,25.2
2007,USA,Diesel,All-wheel drive,4,2250,6,282,4790,20.0,28.7
2012,Europe,Gasoline,All-wheel drive,4,2180,6,229,4310,17.7,27.8
2020,USA,Gasoline,All-wheel drive,3,2290,5,276,4670,20.1,27.2
1993,USA,Gasoline,Front-wheel drive,4,2070,6,252,4140,20.5,27.8
2019,Asia,Diesel,Front-wheel drive,4,2160,6,243,4180,19.5,34.5
2004,Europe,Gasoline,Front-wheel drive,3,2090,6,223,3960,16.8,29.6
1982,Europe,Gasoline,All-wheel drive,4,2450,6,250,4620,22.3,27.8
2023,Asia,Hybrid,Front-wheel drive,4,2380,6,239,4550,19.4,36.0
2011,Asia,Hybrid,Front-wheel drive,2,2360,6,254,4270,15.8,35.3
2012,Asia,Gasoline,Front-wheel drive,3,2110,5,225,4300,19.9,33.1
2004,Europe,Gasoline,All-wheel drive,4,2380,6,239,4560,17.0,28.8
1990,USA,Gasoline,Front-wheel drive,3,2500,6,293,4330,16.9,29.2
2003,Asia,Gasoline,Rear-wheel drive,3,2250,6,259,4680,19.4,31.6
1998,USA,Gasoline,Rear-wheel drive,4,2010,6,216,4280,20.7,29.2
1990,USA,Diesel,Front-wheel drive,5,2420,6,286,4420,17.3,32.1
1976,Asia,Diesel,Rear-wheel drive,3,2370,6,282,4340,20.1,25.9
1996,USA,Diesel,Rear-wheel drive,5,2380,6,289,4480,18.6,27.0
1979,Europe,Gasoline,Front-wheel drive,4,2240,6,,3850,20.1,28.0
1976,Europe,Gasoline,Rear-wheel drive,3,2420,6,277,4380,19.7,27.6
2004,USA,Gasoline,All-wheel drive,3,2370,6,262,4810,19.5,23.3
2018,USA,Gasoline,Front-wheel drive,3,2310,6,253,3940,16.0,30.3
1975,USA,Gasoline,Rear-wheel drive,3,2410,6,286,4710,22.2,22.9
1976,Asia,Gasoline,All-wheel drive,4,2300,6,251,4470,20.4,26.3
2005,Asia,Gasoline,Rear-wheel drive,3,2190,5,229,4190,17.8,33.9
1977,USA,Gasoline,Front-wheel drive,3,2100,6,,3850,18.4,27.0
1986,USA,Gasoline,Front-wheel drive,2,2290,6,269,4080,19.0,29.9
1989,Asia,Gasoline,Front-wheel drive,4,2280,6,248,4170,18.0,27.5
1976,Asia,Gasoline,Front-wheel drive,4,1980,5,222,4080,18.8,30.6
2014,USA,Gasoline,All-wheel drive,3,2310,6,253,4510,20.0,25.5
1980,USA,Gasoline,Rear-wheel drive,4,2500,7,,4750,17.9,25.1
2017,Asia,Gasoline,Front-wheel drive,3,2620,7,290,4760,21.0,29.6
1984,USA,Diesel,All-wheel drive,3,2560,7,317,4840,18.9,26.9
1996,USA,Diesel,Front-wheel drive,5,2470,6,294,4720,20.4,28.4
1992,Europe,Gasoline,Rear-wheel drive,5,2020,5,207,3990,21.4,27.6
1978,USA,Gasoline,Front-wheel drive,4,2360,6,282,4400,18.8,26.2
2020,USA,Gasoline,Front-wheel drive,4,2200,6,257,4400,18.7,28.0
1994,USA,Gasoline,Front-wheel drive,3,2280,6,264,4230,19.0,26.6
1983,USA,Diesel,Front-wheel drive,3,2370,7,283,4490,19.4,27.7
2010,USA,Diesel,Front-wheel drive,3,2360,6,269,4290,17.6,31.8
2015,USA,Gasoline,Front-wheel drive,3,2200,6,238,4000,18.6,32.1
1994,USA,Diesel,All-wheel drive,4,2190,5,246,4220,18.7,30.9
2017,Europe,Gasoline,All-wheel drive,4,1860,5,175,3840,20.3,33.2
1977,Asia,Hybrid,Front-wheel drive,4,2610,7,312,4500,20.8,29.1
2023,USA,Gasoline,Front-wheel drive,4,2380,6,272,4490,20.3,29.2
2015,Europe,Gasoline,Front-wheel drive,3,2100,6,236,3920,19.0,30.8
2000,USA,Diesel,Rear-wheel drive,3,2380,6,273,4450,19.7,26.8
1983,Asia,Gasoline,All-wheel drive,3,1920,5,218,4280,22.4,28.4
2017,USA,Diesel,Rear-wheel drive,2,1980,5,239,3870,17.7,32.1
2015,Europe,Gasoline,Front-wheel drive,3,2370,6,251,4270,19.3,27.6
2013,USA,Hybrid,Front-wheel drive,4,2510,6,286,4200,17.7,34.5
2007,Europe,Hybrid,All-wheel drive,4,2460,7,271,4580,17.9,32.6
2011,USA,Gasoline,Rear-wheel drive,5,2340,6,251,4420,19.5,27.0
1997,Asia,Diesel,All-wheel drive,2,2710,7,296,4880,20.7,30.2
2019,Asia,Diesel,Front-wheel drive,3,2380,7,280,4370,20.5,36.2
2009,USA,Hybrid,Front-wheel drive,5,2170,6,230,4180,17.4,35.3
1999,USA,Gasoline,Front-wheel drive,4,2370,6,279,4390,17.6,30.2
2012,Europe,Gasoline,Front-wheel drive,4,1940,6,238,3970,18.9,34.6
1994,Asia,Gasoline,Rear-wheel drive,4,2380,6,253,4300,17.4,27.7
1979,Europe,Gasoline,All-wheel drive,5,1870,5,201,4140,18.1,27.7
1993,Asia,Diesel,Rear-wheel drive,3,2720,7,300,5000,18.9,28.6
1977,USA,Diesel,Front-wheel drive,4,1870,6,229,3670,18.2,30.0
2014,USA,Gasoline,Front-wheel drive,4,2450,7,277,4580,18.5,30.8
1993,USA,Gasoline,Front-wheel drive,2,2110,5,233,4110,18.5,26.9
2010,Asia,Gasoline,Front-wheel drive,3,2310,6,248,4420,19.4,28.2
2003,Europe,Hybrid,All-wheel drive,2,2120,6,240,4190,21.0,32.0
1986,USA,Gasoline,Rear-wheel drive,5,2420,6,281,4400,18.9,28.9
1998,USA,Hybrid,Front-wheel drive,3,2130,6,273,4080,17.6,32.5
1988,USA,Gasoline,Front-wheel drive,5,2280,6,253,4460,18.5,27.1
1994,USA,Gasoline,Front-wheel drive,3,2040,5,201,3790,18.4,29.3
1979,USA,Diesel,Rear-wheel drive,2,2280,7,297,4530,20.4,29.0
2000,Europe,Gasoline,Front-wheel drive,3,2220,6,228,3950,17.3,34.1
1989,Europe,Gasoline,Front-wheel drive,3,2260,6,241,3990,15.6,26.2
2000,USA,Gasoline,Front-wheel drive,3,2070,5,229,4000,19.6,29.8
2004,Asia,Gasoline,Front-wheel drive,2,2170,6,,4030,19.1,33.0
2012,Asia,Gasoline,Front-wheel drive,4,2200,6,249,4300,19.0,32.4
1985,USA,Gasoline,Rear-wheel drive,5,2570,7,280,4750,18.8,24.1
2007,USA,Gasoline,All-wheel drive,4,2250,6,252,4480,21.2,27.8
2016,USA,Diesel,Front-wheel drive,3,2230,6,284,4190,19.9,34.4
1984,Asia,Diesel,Front-wheel drive,2,2260,6,249,3980,17.9,32.0
1989,USA,Diesel,Front-wheel drive,4,2040,6,227,3880,19.5,31.8
2002,Asia,Gasoline,Rear-wheel drive,5,2080,5,226,4100,17.5,31.0
2001,Europe,Diesel,Rear-wheel drive,5,2020,6,233,4310,19.9,31.8
2011,Europe,Diesel,Front-wheel drive,4,1920,5,238,3890,19.5,35.6
1976,USA,Gasoline,Front-wheel drive,4,2110,6,245,4360,19.3,27.7
2015,Asia,Hybrid,Front-wheel drive,2,2100,6,236,4210,17.3,36.6
1977,Asia,Diesel,Front-wheel drive,4,2350,6,,4410,18.0,30.3
2006,Asia,Gasoline,Front-wheel drive,3,2310,6,250,4180,18.3,30.6
1997,USA,Gasoline,Front-wheel drive,4,2130,6,238,4050,17.2,30.9
2022,USA,Gasoline,Front-wheel drive,5,2320,6,286,4440,17.8,32.3
1999,Asia,Hybrid,Front-wheel drive,4,2340,6,,4080,17.0,33.4
1977,Europe,Diesel,Front-wheel drive,4,2040,6,,4090,19.4,34.1
1982,USA,Gasoline,Front-wheel drive,4,2390,6,284,4490,18.5,28.1
2018,USA,Gasoline,All-wheel drive,4,2210,6,252,4400,18.8,29.9
1985,USA,Diesel,Front-wheel drive,4,2190,6,278,4370,20.5,28.5
1999,Asia,Gasoline,All-wheel drive,2,2570,7,275,4630,18.4,29.7
2021,USA,Gasoline,Front-wheel drive,4,2590,7,293,4550,15.8,27.8
1975,Europe,Gasoline,All-wheel drive,4,2580,7,310,5040,,20.7
2012,Europe,Gasoline,All-wheel drive,4,2000,5,210,4180,19.0,30.1
2020,Europe,Gasoline,Front-wheel drive,2,2080,6,212,3850,18.7,33.2
2022,USA,Gasoline,Front-wheel drive,2,2240,6,238,4000,18.9,32.0
1984,USA,Diesel,All-wheel drive,2,2390,6,277,4530,19.4,25.4
2011,Europe,Diesel,All-wheel drive,3,2630,7,277,4720,18.9,29.3
1982,Asia,Gasoline,Front-wheel drive,3,2350,6,,4390,19.2,27.7
1977,Europe,Gasoline,Front-wheel drive,3,2100,6,203,4120,18.2,29.1
1993,USA,Gasoline,Front-wheel drive,2,2440,7,283,4560,19.0,26.1
2012,Europe,Gasoline,All-wheel drive,4,2060,6,237,4000,16.4,28.3
2022,Asia,Gasoline,Front-wheel drive,4,2110,6,251,4180,16.5,31.7
1997,USA,Gasoline,All-wheel drive,2,2390,7,268,4540,20.5,28.1
2016,Asia,Gasoline,Front-wheel drive,4,2390,6,275,4290,17.3,32.1
2019,Asia,Gasoline,Front-wheel drive,5,1850,5,198,3970,17.5,34.9
2017,Europe,Diesel,All-wheel drive,3,2670,7,332,4770,18.8,31.4
1984,Europe,Gasoline,Front-wheel drive,4,2190,6,240,3970,17.3,29.2
1975,Europe,Gasoline,Front-wheel drive,4,2190,6,,4030,17.4,26.2
1998,USA,Gasoline,Front-wheel drive,4,2540,7,288,4420,18.2,26.2
2003,USA,Gasoline,Rear-wheel drive,5,2590,7,283,4400,19.5,24.6
1980,USA,Gasoline,Rear-wheel drive,2,2230,6,,4440,17.2,25.4
2020,USA,Hybrid,All-wheel drive,4,2260,6,242,4400,18.9,33.4
2008,Europe,Gasoline,All-wheel drive,3,2150,5,226,4300,19.5,27.6
1979,USA,Gasoline,Front-wheel drive,3,1970,5,,3980,21.6,26.6
1991,USA,Gasoline,Front-wheel drive,3,2110,6,238,3960,19.6,28.9
2024,USA,Gasoline,Front-wheel drive,3,2190,6,272,4200,17.0,30.5
2011,USA,Gasoline,Rear-wheel drive,4,2580,7,288,4660,16.5,24.6
1988,USA,Diesel,Front-wheel drive,4,2300,6,282,4400,20.0,30.1
2009,Europe,Gasoline,Front-wheel drive,3,2010,6,224,3980,17.7,33.9
2007,USA,Diesel,Front-wheel drive,3,2000,6,252,3930,18.7,31.0
2001,Europe,Hybrid,Rear-wheel drive,4,2160,6,,4010,18.7,37.5
1983,USA,Gasoline,Rear-wheel drive,3,2550,6,,4330,17.3,28.2
2001,Asia,Gasoline,All-wheel drive,4,2420,6,265,4490,19.7,30.0
2013,Europe,Gasoline,Rear-wheel drive,5,2370,6,254,4500,20.2,31.5
1992,USA,Gasoline,Front-wheel drive,4,2120,6,254,4160,21.6,31.8
1998,USA,Diesel,Rear-wheel drive,3,2460,6,263,4430,19.1,29.6
1977,Asia,Hybrid,Front-wheel drive,3,2630,7,304,4350,19.5,30.9
1995,Europe,Diesel,Rear-wheel drive,5,2260,6,258,4380,17.1,32.3
2000,Asia,Hybrid,Front-wheel drive,2,2100,6,258,4180,17.9,33.2
1976,USA,Diesel,All-wheel drive,3,2150,6,241,4320,19.2,27.9
1979,Asia,Gasoline,Rear-wheel drive,5,2360,6,245,4450,19.4,26.6
2021,USA,Gasoline,Front-wheel drive,4,2400,6,263,4380,20.1,30.6
1991,Asia,Gasoline,Rear-wheel drive,5,2270,6,240,4660,18.7,28.5
1977,Europe,Gasoline,Front-wheel drive,4,1910,6,199,3710,19.2,29.3
2006,Europe,Gasoline,Front-wheel drive,5,2420,7,273,4330,19.0,28.4
2009,USA,Gasoline,Rear-wheel drive,2,2090,6,252,4200,19.4,29.6
2020,Europe,Diesel,Front-wheel drive,3,2240,6,261,4040,19.6,36.3
2003,USA,Diesel,All-wheel drive,3,1900,6,244,4150,19.0,27.1
2015,Europe,Gasoline,Rear-wheel drive,3,2530,7,273,4620,20.5,29.7
1990,Asia,Diesel,All-wheel drive,4,2480,7,274,4320,17.9,27.8
1979,Europe,Diesel,Front-wheel drive,3,2450,7,291,4330,20.2,29.5
1993,Europe,Gasoline,All-wheel drive,3,2430,6,250,4400,17.5,28.9
1998,Europe,Gasoline,Front-wheel drive,5,2180,6,235,4150,19.4,29.8
2019,USA,Gasoline,Front-wheel drive,4,1970,5,234,3880,17.9,32.3
1979,Europe,Diesel,All-wheel drive,3,2110,6,249,4380,,28.5
2016,Asia,Gasoline,Front-wheel drive,3,2280,6,243,4290,19.6,26.5
1995,USA,Gasoline,Rear-wheel drive,5,2570,7,292,4970,20.1,24.0
1977,Asia,Diesel,Front-wheel drive,2,2040,5,256,4060,18.7,28.7
1985,Europe,Gasoline,Front-wheel drive,3,1980,6,231,3840,18.1,27.8
1986,USA,Gasoline,Front-wheel drive,3,2170,6,267,4030,18.2,24.8
1988,USA,Gasoline,All-wheel drive,4,2360,6,283,4660,18.8,27.5
1979,Asia,Diesel,Rear-wheel drive,4,2290,6,,4190,20.9,28.8
2000,Asia,Gasoline,Front-wheel drive,3,2100,6,234,3880,19.6,30.5
1986,Europe,Diesel,Front-wheel drive,4,2390,6,258,4410,19.7,28.6
1991,Europe,Gasoline,Front-wheel drive,3,2330,6,271,4130,19.4,29.5
2008,USA,Gasoline,Rear-wheel drive,4,2450,6,272,4490,18.2,27.8
2017,USA,Gasoline,Front-wheel drive,4,2300,6,253,4050,15.9,32.9
2020,Europe,Gasoline,Front-wheel drive,2,2420,7,251,4100,17.2,33.7
2012,USA,Diesel,Rear-wheel drive,4,2270,6,270,4580,17.9,27.5
2001,Europe,Hybrid,All-wheel drive,4,2140,6,251,4390,20.2,32.3
2001,Europe,Diesel,Front-wheel drive,2,2390,6,262,4010,,32.1
1999,USA,Gasoline,Front-wheel drive,4,2190,6,246,4160,18.6,29.6
2005,USA,Diesel,Front-wheel drive,3,2410,6,270,4390,18.6,32.4
2021,USA,Hybrid,Front-wheel drive,5,2230,6,233,4340,20.0,37.0
1995,Asia,Diesel,Front-wheel drive,3,2230,6,238,4300,19.4,28.9
1982,Asia,Hybrid,Rear-wheel drive,4,2480,6,,4380,19.9,28.3
1999,Europe,Gasoline,All-wheel drive,4,1930,5,212,3890,18.6,32.4
1985,Europe,Gasoline,Front-wheel drive,3,2030,6,212,4050,19.6,27.5
1995,Asia,Hybrid,Front-wheel drive,2,2240,5,238,4100,18.7,34.9
2007,USA,Gasoline,Front-wheel drive,4,2430,7,279,4270,18.7,27.0
2007,USA,Diesel,Front-wheel drive,4,2080,5,244,4020,19.1,31.6
2004,Europe,Gasoline,Front-wheel drive,4,2100,6,236,3720,19.8,33.9
2006,USA,Gasoline,Rear-wheel drive,3,2260,6,251,4360,20.6,28.4
2005,Asia,Gasoline,Front-wheel drive,5,2540,7,272,4660,17.2,30.2
1991,USA,Diesel,Rear-wheel drive,4,2270,6,253,4220,20.4,29.2
1999,USA,Gasoline,Rear-wheel drive,3,2430,7,269,4320,18.4,25.7
1989,USA,Gasoline,Front-wheel drive,2,2610,7,289,4540,18.7,27.6
2003,Asia,Gasoline,Front-wheel drive,2,2330,7,253,4550,18.3,31.6
2019,Asia,Gasoline,Front-wheel drive,4,1910,6,220,3820,19.8,34.3
1984,Asia,Gasoline,All-wheel drive,4,2540,7,,4900,20.5,23.0
1996,Asia,Hybrid,Front-wheel drive,4,1950,5,199,4050,19.2,36.0
1977,USA,Hybrid,Front-wheel drive,5,2360,6,283,4270,20.4,28.7
2001,USA,Gasoline,All-wheel drive,4,2340,6,284,4600,19.0,26.3
2012,Asia,Gasoline,Rear-wheel drive,5,2170,6,235,4130,20.9,31.9
2014,Asia,Gasoline,Rear-wheel drive,2,2300,6,252,4400,18.7,31.5
1992,Asia,Gasoline,Front-wheel drive,3,2350,6,249,4180,17.3,29.2
2022,USA,Gasoline,Front-wheel drive,3,2090,6,233,4370,17.9,32.8
1979,Asia,Gasoline,Front-wheel drive,3,2330,6,259,4330,19.4,27.1
1984,Asia,Gasoline,Front-wheel drive,3,2350,7,,4240,18.2,25.9
1991,Asia,Diesel,Rear-wheel drive,5,2120,6,256,4100,20.6,30.4
1980,USA,Diesel,Rear-wheel drive,4,2070,6,259,4250,18.1,30.9
2008,Asia,Diesel,All-wheel drive,5,2300,6,273,4750,20.2,32.5
2019,Asia,Gasoline,Front-wheel drive,4,2350,7,250,4350,19.5,29.4
1983,Asia,Hybrid,Front-wheel drive,3,2180,6,218,4250,19.4,30.0
2014,USA,Gasoline,Front-wheel drive,2,2200,6,274,4110,18.3,32.4
2023,USA,Diesel,Front-wheel drive,4,2570,7,297,4650,18.5,32.0
1987,Asia,Gasoline,All-wheel drive,2,2450,7,283,4580,19.9,26.2
2019,Asia,Gasoline,Front-wheel drive,2,1990,6,215,3830,18.1,36.0
1980,Asia,Hybrid,All-wheel drive,4,2380,6,266,4570,20.1,32.5
2009,Asia,Hybrid,Front-wheel drive,5,2150,6,244,4310,20.1,33.5
2003,Asia,Gasoline,Front-wheel drive,3,2290,6,261,4130,18.1,28.6
1976,Asia,Diesel,All-wheel drive,5,2440,6,263,4650,20.4,27.5
2015,Europe,Gasoline,Rear-wheel drive,4,2460,6,273,4450,,29.7
2007,Asia,Hybrid,Front-wheel drive,4,1830,5,208,3830,18.4,37.8
2022,Asia,Gasoline,Front-wheel drive,4,1910,5,216,3930,20.5,34.4
1987,Europe,Gasoline,Front-wheel drive,3,2220,6,241,4040,20.3,28.1
2021,USA,Gasoline,All-wheel drive,3,2170,6,239,4570,19.6,30.6
2022,Asia,Diesel,Front-wheel drive,3,2070,5,216,3920,18.7,36.2
2004,Asia,Hybrid,Front-wheel drive,4,2560,7,276,4450,18.4,36.4
2008,Europe,Hybrid,Front-wheel drive,3,2370,7,274,4020,17.7,34.1
2004,USA,Gasoline,Front-wheel drive,2,2130,6,219,4030,18.5,30.7
1987,Europe,Gasoline,Front-wheel drive,5,2130,6,231,3840,17.7,31.3
2004,USA,Gasoline,Front-wheel drive,2,1820,5,198,3770,18.3,34.2
2013,USA,Hybrid,Front-wheel drive,4,2150,6,223,4090,20.5,36.1
1997,Europe,Diesel,All-wheel drive,4,2400,7,264,4760,20.0,28.9
1988,USA,Gasoline,Rear-wheel drive,3,2210,7,271,4230,18.4,28.0
2003,Europe,Gasoline,Rear-wheel drive,3,1930,5,210,3780,20.8,30.0
1995,USA,Gasoline,Front-wheel drive,4,2680,7,309,4690,21.5,25.9
2007,Europe,Gasoline,Rear-wheel drive,2,2010,6,228,3720,17.7,27.2
1991,Europe,Gasoline,All-wheel drive,2,2220,6,221,4250,18.9,26.8
1990,USA,Diesel,All-wheel drive,3,2380,6,266,4660,17.5,30.3
2005,Europe,Gasoline,Front-wheel drive,3,2120,6,251,3910,,32.0
1991,Asia,Gasoline,Rear-wheel drive,3,2470,6,256,4390,16.5,27.1
2021,Asia,Hybrid,Front-wheel drive,5,2570,7,296,4580,17.0,32.7
1998,Asia,Gasoline,All-wheel drive,5,2220,5,243,4420,20.8,26.8
2003,Asia,Gasoline,Front-wheel drive,4,2140,5,248,4180,18.8,30.0
2020,USA,Gasoline,Rear-wheel drive,3,2160,6,239,4330,20.8,26.9
2009,Europe,Gasoline,Rear-wheel drive,2,2200,5,247,4340,22.1,30.2
2003,USA,Gasoline,Rear-wheel drive,3,1970,5,237,4210,21.2,28.5
2004,Asia,Diesel,All-wheel drive,3,2110,6,252,4220,17.4,31.9
2022,Asia,Gasoline,Front-wheel drive,3,2000,6,246,4270,20.1,32.4
2018,Asia,Hybrid,Rear-wheel drive,5,1950,6,217,4330,16.6,37.1
1995,Asia,Diesel,Front-wheel drive,5,2150,6,248,3930,18.3,33.6
1979,USA,Diesel,Front-wheel drive,3,1980,5,224,3740,19.9,31.4
2021,Europe,Gasoline,All-wheel drive,2,2210,6,248,4310,19.4,32.3
2009,USA,Hybrid,Rear-wheel drive,2,2300,6,254,4310,20.5,33.3
1981,USA,Gasoline,Front-wheel drive,4,2240,6,259,4340,19.6,25.8
1990,Asia,Gasoline,All-wheel drive,3,2620,6,257,4560,17.6,27.3
2017,Europe,Gasoline,All-wheel drive,4,2270,6,236,4500,19.5,31.2
2002,Asia,Gasoline,Front-wheel drive,2,1980,5,212,3730,18.4,32.1
1986,Asia,Diesel,Rear-wheel drive,3,2450,7,269,4370,19.6,28.1
2024,Asia,Gasoline,All-wheel drive,3,2460,7,280,4730,18.4,32.8
2003,Europe,Gasoline,Front-wheel drive,2,1920,5,219,3490,19.6,32.9
1994,Europe,Diesel,All-wheel drive,5,2380,6,271,4330,17.0,28.8
1994,Asia,Gasoline,Front-wheel drive,4,2170,6,234,4210,18.8,30.2
1991,USA,Gasoline,Front-wheel drive,5,2190,6,240,4090,19.1,29.7
2002,Asia,Hybrid,Rear-wheel drive,3,2220,5,232,4030,16.9,36.5
1980,USA,Gasoline,Rear-wheel drive,4,2780,7,307,4940,19.4,24.4
1983,USA,Gasoline,Front-wheel drive,2,2220,5,227,3920,18.3,29.6
1991,USA,Gasoline,Front-wheel drive,4,2420,6,280,4360,20.6,26.5
1994,Europe,Gasoline,Front-wheel drive,3,2220,6,249,3820,20.2,33.8
1995,USA,Gasoline,Rear-wheel drive,3,2460,7,279,4540,17.8,28.1
2022,Europe,Gasoline,Rear-wheel drive,5,2270,6,250,4280,18.7,30.0
2011,USA,Gasoline,Front-wheel drive,4,2050,5,224,3990,20.2,30.7
2005,Asia,Gasoline,Front-wheel drive,3,2410,6,256,4260,20.1,32.2
1995,USA,Gasoline,Rear-wheel drive,3,2100,6,222,4120,21.3,27.9
1984,Europe,Gasoline,All-wheel drive,3,2160,6,247,4250,,29.7
1977,USA,Gasoline,Front-wheel drive,3,2170,6,,4200,21.4,32.0
1978,Europe,Gasoline,Front-wheel drive,2,2390,7,269,4320,19.5,24.4
1986,USA,Gasoline,Rear-wheel drive,2,2340,6,255,4300,18.1,28.4
1982,Asia,Gasoline,Rear-wheel drive,4,2420,6,,4580,18.0,27.2
1997,Asia,Gasoline,Front-wheel drive,5,2090,6,222,3830,19.6,33.7
1983,Europe,Gasoline,Front-wheel drive,3,2330,6,,4500,19.9,26.4
2005,Europe,Gasoline,Front-wheel drive,3,2870,7,282,4780,21.1,25.9
1997,Europe,Gasoline,Rear-wheel drive,2,2360,6,256,4530,,24.7
1990,Europe,Diesel,All-wheel drive,3,2240,6,244,4370,20.0,31.9
2006,Europe,Gasoline,Front-wheel drive,2,2280,6,233,4080,16.4,30.2
2007,USA,Diesel,Front-wheel drive,4,2170,5,259,4340,19.5,32.5
1984,USA,Gasoline,Front-wheel drive,3,2080,5,249,3990,19.6,30.2
1993,Asia,Gasoline,Front-wheel drive,5,2410,7,251,4580,18.9,30.0
2021,USA,Gasoline,Front-wheel drive,4,2080,6,245,4410,19.0,31.2
2014,Asia,Gasoline,Front-wheel drive,4,2150,6,233,4250,19.2,34.7
1976,USA,Diesel,Front-wheel drive,2,2300,6,276,4110,18.5,27.2
2018,USA,Gasoline,All-wheel drive,5,2610,7,311,4650,18.5,27.5
1985,Asia,Gasoline,Front-wheel drive,2,2520,7,277,4480,20.9,29.7
2016,Europe,Gasoline,Rear-wheel drive,4,2110,6,258,4220,19.0,33.2
1992,Asia,Gasoline,All-wheel drive,2,2090,6,234,4240,18.1,28.4
2022,Asia,Hybrid,Front-wheel drive,5,2040,5,230,4120,18.8,37.9
2024,USA,Gasoline,Front-wheel drive,3,2320,6,258,4150,17.7,28.5
1998,USA,Diesel,Front-wheel drive,3,2410,6,286,4270,17.7,30.9
1984,Asia,Gasoline,Front-wheel drive,3,2000,6,228,3580,20.5,30.2
1978,USA,Gasoline,Front-wheel drive,4,2390,6,,4220,20.3,28.0
1977,Europe,Gasoline,Front-wheel drive,3,2250,6,,4060,,29.9
2014,USA,Gasoline,Front-wheel drive,4,2720,7,313,4400,19.0,30.5
1991,USA,Gasoline,Front-wheel drive,2,2440,6,277,4340,18.7,28.9
1977,USA,Gasoline,Front-wheel drive,3,2200,6,,3920,17.8,26.0
1994,USA,Hybrid,Rear-wheel drive,3,2450,6,272,4510,16.1,27.6
1981,Europe,Gasoline,Rear-wheel drive,5,2370,6,,4590,19.6,26.5
2010,USA,Gasoline,Front-wheel drive,3,2510,6,288,4480,16.2,28.8
1980,Asia,Diesel,Front-wheel drive,2,2070,6,276,3960,18.2,34.4
1976,USA,Diesel,Front-wheel drive,3,2240,6,261,4080,18.7,30.5
2006,Asia,Gasoline,Front-wheel drive,4,2350,7,273,4510,20.0,29.7
1979,Europe,Diesel,Front-wheel drive,3,2290,7,256,4310,19.3,32.5
1992,Asia,Gasoline,Front-wheel drive,4,2260,6,230,4120,21.8,31.8
1986,Europe,Gasoline,Front-wheel drive,3,2450,6,246,4470,18.0,25.8
2020,Europe,Gasoline,Front-wheel drive,3,2300,7,275,3970,17.5,31.5
1988,Europe,Hybrid,All-wheel drive,5,2250,6,258,4410,18.9,30.9
1995,Asia,Gasoline,Front-wheel drive,4,2720,7,280,4680,19.1,27.5
2000,Europe,Gasoline,Front-wheel drive,4,2180,6,226,3960,21.0,30.8
1985,Europe,Diesel,All-wheel drive,3,1880,5,219,4150,19.6,29.5
2012,Asia,Gasoline,Front-wheel drive,5,2070,6,232,4060,18.1,32.1
2002,USA,Gasoline,Rear-wheel drive,4,2490,7,278,4980,19.9,27.4
2008,Europe,Gasoline,Front-wheel drive,4,2030,6,228,4110,20.4,34.2
2002,Asia,Gasoline,Front-wheel drive,5,2470,6,265,4270,17.7,30.1
1982,USA,Hybrid,Front-wheel drive,4,2240,6,265,4280,18.5,31.2
2006,Europe,Gasoline,Front-wheel drive,4,2510,6,246,4470,21.0,28.4
1984,Europe,Diesel,Front-wheel drive,3,2520,7,284,4400,20.5,27.7
1998,USA,Gasoline,Front-wheel drive,4,2960,7,326,4910,18.8,26.3
1995,Europe,Gasoline,Front-wheel drive,2,2420,7,263,4470,,31.0
1986,Europe,Diesel,Front-wheel drive,5,2350,6,267,4350,20.5,33.5
2024,USA,Gasoline,Front-wheel drive,4,2420,6,268,4260,18.8,35.0
2001,Europe,Gasoline,Front-wheel drive,2,2250,6,259,3970,16.3,32.2
1991,Europe,Gasoline,Front-wheel drive,3,2440,6,267,4120,18.3,26.6
2018,Europe,Gasoline,All-wheel drive,3,1960,6,201,4000,17.2,34.1
2020,USA,Hybrid,Front-wheel drive,3,2200,6,240,4210,16.8,35.0
2023,Europe,Gasoline,Rear-wheel drive,3,2410,7,261,4570,19.7,28.8
1991,Europe,Gasoline,Front-wheel drive,5,2310,6,248,4190,19.6,29.6
1998,Europe,Gasoline,Front-wheel drive,3,2250,5,241,4100,17.4,32.5
2024,Europe,Gasoline,Rear-wheel drive,2,2090,6,249,4150,19.2,30.9
1996,Europe,Gasoline,Front-wheel drive,2,2130,6,212,3720,19.4,33.6
2005,USA,Gasoline,Front-wheel drive,3,2420,6,274,4020,18.2,28.6
2004,Europe,Gasoline,Rear-wheel drive,4,2370,6,239,4160,18.7,30.0
2004,Europe,Gasoline,All-wheel drive,3,2260,6,269,4200,17.3,27.0
1993,Europe,Gasoline,Rear-wheel drive,4,2150,6,225,4370,19.5,29.3
2015,Asia,Gasoline,Front-wheel drive,4,1840,5,219,3560,16.5,34.6
2002,Asia,Hybrid,Front-wheel drive,3,2400,6,260,4290,16.9,34.5
2005,Europe,Gasoline,Front-wheel drive,5,2610,7,280,4360,18.2,27.0
2013,Europe,Gasoline,Rear-wheel drive,2,1790,5,178,3780,17.2,32.2
1984,USA,Gasoline,Front-wheel drive,4,2480,6,,4340,18.0,24.2
2011,Europe,Gasoline,Front-wheel drive,3,2160,6,238,4290,20.2,30.7
2014,Asia,Hybrid,All-wheel drive,2,2390,6,253,4280,19.1,36.1
1999,USA,Hybrid,Rear-wheel drive,5,2610,6,281,4910,17.7,28.0
1988,Europe,Gasoline,Front-wheel drive,5,2020,6,223,4260,,26.1
2020,Europe,Gasoline,Rear-wheel drive,4,2280,6,261,4210,18.5,30.4
1990,USA,Gasoline,Rear-wheel drive,2,2370,6,257,4530,20.0,29.0
2004,USA,Gasoline,All-wheel drive,5,2250,5,247,4200,18.4,29.0
2005,USA,Hybrid,All-wheel drive,4,2320,6,266,4770,20.1,33.0
2003,Asia,Gasoline,Rear-wheel drive,3,2280,6,242,4330,18.7,31.3
2001,Asia,Hybrid,All-wheel drive,4,2010,6,233,4300,20.2,33.5
2012,Asia,Gasoline,Front-wheel drive,4,2230,6,248,4020,16.6,32.0
2002,Asia,Diesel,Rear-wheel drive,4,2040,6,254,4030,17.9,31.9
2009,USA,Gasoline,Front-wheel drive,4,2020,5,224,4270,20.7,30.4
1994,Asia,Gasoline,All-wheel drive,4,1810,5,207,3900,19.0,31.4
2010,Europe,Hybrid,All-wheel drive,5,2260,6,234,4220,16.3,35.5
1996,Europe,Diesel,All-wheel drive,5,2410,6,276,4470,19.5,29.8
1976,Asia,Gasoline,All-wheel drive,5,2350,6,246,4370,20.4,26.4
2002,USA,Gasoline,Rear-wheel drive,2,2370,6,245,4370,21.3,30.3
2020,Asia,Gasoline,Front-wheel drive,4,2130,6,238,4070,16.6,33.7
1983,USA,Diesel,All-wheel drive,4,2400,6,262,4610,19.3,24.9
1996,Asia,Gasoline,Front-wheel drive,4,2220,6,240,4060,18.5,28.5
2009,USA,Hybrid,All-wheel drive,4,2290,6,255,4600,19.7,32.7
2017,Asia,Hybrid,Front-wheel drive,5,2480,6,258,4310,19.0,36.3
2021,Europe,Gasoline,Rear-wheel drive,4,2350,7,258,4340,17.7,33.7
2007,USA,Gasoline,Front-wheel drive,3,2210,6,252,4140,17.6,29.9
2005,USA,Gasoline,Rear-wheel drive,4,2390,7,273,4630,20.0,27.0
1997,USA,Gasoline,Front-wheel drive,4,2150,6,250,4180,19.6,27.3
1984,Asia,Gasoline,All-wheel drive,2,2350,6,251,4110,18.8,25.4
2009,Asia,Gasoline,Rear-wheel drive,4,2560,6,282,4670,19.4,26.5
1998,USA,Gasoline,Front-wheel drive,4,2330,7,287,4320,16.4,27.9
2020,USA,Hybrid,Front-wheel drive,2,2380,7,271,4410,17.1,36.0
2022,USA,Hybrid,Front-wheel drive,3,2240,6,260,4280,18.7,34.9
1977,USA,Diesel,Front-wheel drive,5,2240,6,270,4270,19.0,29.4
2000,Asia,Gasoline,Front-wheel drive,2,2450,6,260,4240,18.7,29.5
1993,Asia,Gasoline,Rear-wheel drive,2,2380,6,244,4390,19.0,24.8
2020,USA,Gasoline,Front-wheel drive,2,2230,6,251,4320,18.6,29.7
1985,Asia,Gasoline,Rear-wheel drive,3,2430,7,268,4320,20.3,27.4
2020,USA,Diesel,Rear-wheel drive,4,2270,6,264,4480,19.9,34.3
1982,Europe,Hybrid,Front-wheel drive,4,2370,6,,4430,18.6,30.9
1993,Asia,Diesel,All-wheel drive,3,2850,7,332,4650,18.9,28.2
2010,Europe,Gasoline,Front-wheel drive,5,2540,7,273,4410,20.5,28.7
2011,Asia,Gasoline,Rear-wheel drive,4,2250,6,254,4290,21.1,31.1
1998,Europe,Gasoline,Rear-wheel drive,3,1840,6,215,3780,18.2,32.7
1983,Europe,Gasoline,Front-wheel drive,2,2340,6,,4130,19.6,31.1
2006,Asia,Diesel,All-wheel drive,5,2410,7,271,4740,18.4,33.6
1992,USA,Gasoline,Rear-wheel drive,5,2510,6,294,5000,21.6,24.2
1983,Asia,Gasoline,Rear-wheel drive,3,2130,6,240,4140,17.8,26.6
1990,Europe,Gasoline,Front-wheel drive,2,2080,6,228,3820,18.5,31.9
1976,Europe,Diesel,Rear-wheel drive,4,2310,6,,4250,19.6,28.4
2002,USA,Gasoline,Front-wheel drive,4,2110,6,252,4410,21.0,28.6
2010,Europe,Gasoline,All-wheel drive,3,2540,7,274,4360,17.2,27.3
1981,USA,Hybrid,Front-wheel drive,3,2160,6,243,4140,16.9,28.3
2023,USA,Gasoline,Front-wheel drive,5,1900,6,223,4030,18.9,35.1
1979,USA,Gasoline,Front-wheel drive,3,2360,6,271,4290,19.0,24.9
2019,Europe,Gasoline,All-wheel drive,5,2370,6,257,4570,17.4,27.8
1997,USA,Gasoline,Front-wheel drive,3,2360,6,253,4280,18.1,32.7
1988,Europe,Gasoline,All-wheel drive,4,2070,5,236,4360,19.3,29.1
1995,Europe,Gasoline,Front-wheel drive,4,2200,6,204,3870,,30.9
2010,USA,Gasoline,Front-wheel drive,4,2090,6,224,4010,19.3,33.7
1991,USA,Gasoline,Front-wheel drive,4,2040,5,252,3980,18.7,28.7
1984,Asia,Gasoline,Front-wheel drive,4,2220,6,224,4230,20.2,29.7
2006,Asia,Gasoline,All-wheel drive,4,2170,5,252,4390,17.3,32.9
1986,Asia,Gasoline,Rear-wheel drive,5,2400,7,269,4590,16.8,28.6
1976,USA,Gasoline,Front-wheel drive,2,2110,5,239,3950,16.1,28.6
1984,USA,Gasoline,Front-wheel drive,4,2330,6,231,4110,19.2,27.0
2009,USA,Hybrid,All-wheel drive,4,2400,6,268,4700,19.4,31.0
1978,Europe,Diesel,All-wheel drive,5,2230,5,239,4580,21.2,26.9
2008,Asia,Gasoline,Front-wheel drive,3,2130,6,243,3860,19.1,32.7
1984,USA,Gasoline,All-wheel drive,5,2560,6,298,5020,19.4,21.4
2003,Asia,Gasoline,Front-wheel drive,5,2370,7,253,4160,16.6,29.3
1993,Asia,Diesel,All-wheel drive,3,2480,7,278,4480,18.8,30.1
1996,Europe,Gasoline,Front-wheel drive,3,2310,6,289,4200,20.2,28.7
1981,Europe,Gasoline,All-wheel drive,5,2530,7,282,4430,20.6,26.5
1984,Asia,Diesel,Front-wheel drive,4,2260,6,254,3880,17.9,31.6
2014,Asia,Gasoline,Front-wheel drive,4,2120,5,205,4230,18.5,32.6
2015,Europe,Gasoline,Front-wheel drive,3,2120,6,252,3940,,34.8
2017,Asia,Gasoline,Rear-wheel drive,4,2490,7,270,5060,19.5,28.1
1983,USA,Hybrid,Front-wheel drive,4,2320,6,,4090,19.8,29.4
1983,Europe,Gasoline,All-wheel drive,4,2670,7,304,4780,,27.9
1995,Asia,Gasoline,Rear-wheel drive,4,2420,6,263,4590,19.9,27.0
2002,USA,Gasoline,Rear-wheel drive,5,2470,7,277,4790,19.3,25.7
1976,USA,Gasoline,Rear-wheel drive,2,2670,7,283,4710,19.9,22.8
1989,Europe,Gasoline,Front-wheel drive,3,2320,6,233,4020,20.7,28.6
1996,Asia,Gasoline,Front-wheel drive,4,2030,6,246,4010,19.2,31.6
2017,Europe,Diesel,Front-wheel drive,3,2170,6,243,3930,19.4,35.9
2022,USA,Gasoline,All-wheel drive,5,2380,6,,4570,20.1,28.8
2010,USA,Gasoline,Front-wheel drive,3,1940,6,243,4230,18.8,31.5
2018,Asia,Hybrid,All-wheel drive,3,2160,6,230,4350,19.2,33.1
2002,USA,Gasoline,Rear-wheel drive,2,2370,7,281,4410,19.0,26.2
2015,USA,Gasoline,All-wheel drive,5,1950,5,248,4270,17.4,32.0
1989,USA,Diesel,Front-wheel drive,5,2280,6,268,4630,20.7,31.4
1993,Europe,Gasoline,Front-wheel drive,4,2230,6,253,4360,17.6,30.1
1979,USA,Gasoline,Front-wheel drive,4,2360,6,265,4270,20.3,29.1
1981,USA,Gasoline,Rear-wheel drive,2,2250,6,,4300,20.2,24.7
2022,USA,Gasoline,Rear-wheel drive,4,2140,7,,4380,18.5,29.8
1985,Europe,Gasoline,Front-wheel drive,5,2260,6,226,4250,19.0,28.7
1990,Asia,Gasoline,All-wheel drive,3,2150,6,235,4060,19.4,28.0
2003,Europe,Diesel,Rear-wheel drive,3,2120,7,272,4100,15.9,32.7
1994,USA,Gasoline,All-wheel drive,5,2410,6,267,4680,19.3,26.1
1983,USA,Gasoline,Rear-wheel drive,5,2330,7,258,4520,18.2,26.7
1977,Asia,Gasoline,Rear-wheel drive,4,2590,7,261,4390,19.6,28.0
2003,USA,Gasoline,Front-wheel drive,5,2230,6,243,4330,18.4,28.1
2015,Asia,Gasoline,Front-wheel drive,4,2140,6,236,4130,19.9,32.6
1998,Asia,Gasoline,Rear-wheel drive,4,2170,6,246,4260,17.5,29.8
2004,USA,Gasoline,Front-wheel drive,5,2150,6,273,4170,19.1,30.7
2020,Asia,Gasoline,Rear-wheel drive,5,2260,6,240,4090,18.4,36.0
1975,Europe,Hybrid,Rear-wheel drive,2,2310,6,,4240,17.4,34.8
1990,Europe,Gasoline,Rear-wheel drive,4,2110,6,229,4360,19.6,29.2
2023,Europe,Gasoline,Front-wheel drive,3,2300,6,242,4330,20.2,32.3
1986,USA,Hybrid,Rear-wheel drive,2,2280,6,250,4340,19.1,34.3
1991,Europe,Hybrid,Front-wheel drive,3,2500,7,245,4640,19.4,33.8
2008,USA,Gasoline,Front-wheel drive,5,2290,6,253,4370,16.7,27.8
1986,USA,Gasoline,Front-wheel drive,4,2140,6,248,4220,20.6,28.5
1997,Europe,Hybrid,Front-wheel drive,3,1850,6,211,3510,18.8,36.3
1990,Asia,Gasoline,Front-wheel drive,3,2060,6,220,4130,19.1,32.0
2005,Asia,Diesel,Front-wheel drive,5,2250,6,246,4110,19.5,32.6
1982,Europe,Gasoline,Front-wheel drive,5,2120,6,222,4270,,29.7
1975,USA,Diesel,Front-wheel drive,4,2270,5,273,3820,17.7,28.0
2007,Asia,Gasoline,All-wheel drive,2,2370,7,271,4270,19.0,26.7
1993,Europe,Gasoline,All-wheel drive,3,2150,6,242,4300,18.4,30.0
1982,Asia,Diesel,Front-wheel drive,3,2220,6,257,4040,18.3,27.7
2013,USA,Gasoline,Front-wheel drive,3,2200,5,240,4130,18.8,33.8
2014,Europe,Diesel,Front-wheel drive,4,2160,5,227,3800,17.1,35.5
1992,USA,Diesel,All-wheel drive,3,2240,6,256,4380,18.7,29.8
2012,USA,Diesel,Front-wheel drive,3,2450,6,299,3850,18.2,32.6
1978,Asia,Gasoline,All-wheel drive,3,2380,6,,4560,18.9,25.2
1979,USA,Gasoline,Rear-wheel drive,5,1940,5,234,4300,18.6,26.9
1982,USA,Gasoline,Front-wheel drive,3,2310,5,269,4190,19.3,27.1
2021,Asia,Gasoline,Front-wheel drive,4,2360,7,257,4510,19.4,33.1
2013,Asia,Gasoline,All-wheel drive,3,2260,6,228,4170,19.6,30.0
2008,Asia,Diesel,Front-wheel drive,3,2350,6,247,4050,18.1,34.4
2023,Asia,Gasoline,Front-wheel drive,3,2220,5,235,4010,19.9,30.4
1980,Asia,Diesel,All-wheel drive,5,2370,7,284,4430,18.0,28.5
2008,USA,Hybrid,Rear-wheel drive,4,2060,6,229,4500,20.3,34.0
1989,Asia,Gasoline,Rear-wheel drive,2,2220,6,246,4130,18.1,28.3
1987,USA,Hybrid,Rear-wheel drive,4,2360,7,277,4830,18.4,28.6
2006,Asia,Gasoline,Front-wheel drive,4,2030,6,226,3820,16.3,31.5
1997,Asia,Gasoline,Front-wheel drive,2,2420,6,245,4460,19.3,26.4
2001,Asia,Diesel,Front-wheel drive,4,2230,6,262,4260,19.8,28.9
2008,USA,Gasoline,Rear-wheel drive,3,2360,6,269,4300,17.5,31.3
1990,Asia,Diesel,Front-wheel drive,3,2180,6,,4010,17.7,34.6
1978,USA,Hybrid,Front-wheel drive,4,2180,6,237,4360,18.2,29.4
1998,Europe,Hybrid,Front-wheel drive,4,2330,6,259,4190,17.2,34.5
1987,USA,Gasoline,Rear-wheel drive,3,2370,6,260,4650,19.4,24.1
1981,USA,Gasoline,Front-wheel drive,5,2220,5,,4410,21.2,27.1
1996,Europe,Gasoline,All-wheel drive,4,1910,5,207,4080,20.8,29.0
1996,Asia,Gasoline,Front-wheel drive,3,2420,7,272,4330,18.0,29.0
1976,Asia,Diesel,Front-wheel drive,3,2100,5,245,3620,16.6,30.7
1996,Europe,Diesel,Rear-wheel drive,4,1890,5,219,3970,,35.2
1986,USA,Gasoline,Front-wheel drive,4,2490,6,273,4320,17.9,25.6
1980,Asia,Diesel,All-wheel drive,3,2220,6,,4220,19.9,27.3
2022,Asia,Gasoline,Front-wheel drive,5,2210,6,243,4120,16.3,31.8
2012,Europe,Gasoline,All-wheel drive,4,2440,6,254,4630,,29.7
1987,Asia,Gasoline,Front-wheel drive,5,2490,7,267,4390,18.7,29.7
2014,Europe,Gasoline,Front-wheel drive,3,2120,6,236,3920,16.0,33.0
1996,Europe,Gasoline,Front-wheel drive,4,2170,5,222,4210,19.1,31.3
2000,Asia,Gasoline,Front-wheel drive,4,2470,7,260,4590,18.8,29.9
2023,Asia,Diesel,Rear-wheel drive,5,2370,6,261,4470,19.4,33.1
1989,Asia,Gasoline,Rear-wheel drive,4,2310,6,255,4260,20.2,27.6
2022,Europe,Diesel,Front-wheel drive,3,2090,5,246,3840,17.0,36.1
1989,Europe,Gasoline,Rear-wheel drive,5,2280,6,248,4510,19.6,25.4
1989,Europe,Hybrid,All-wheel drive,4,2420,6,254,4590,19.4,28.7
2013,Asia,Gasoline,Rear-wheel drive,4,1940,6,234,3910,18.4,29.6
2006,Europe,Diesel,All-wheel drive,4,2500,7,290,4830,20.1,29.1
1977,Europe,Gasoline,Rear-wheel drive,5,2220,6,,4130,19.4,23.1
2006,USA,Gasoline,Rear-wheel drive,3,2230,6,253,4310,17.8,27.4
2013,Europe,Diesel,Front-wheel drive,4,2380,6,243,4080,17.9,31.3
1995,USA,Diesel,Front-wheel drive,5,2230,5,262,4280,19.4,33.8
2006,Asia,Gasoline,Front-wheel drive,3,2290,6,261,4060,18.9,29.4
2004,USA,Gasoline,Front-wheel drive,5,2620,7,274,4630,18.0,27.4
1999,Europe,Gasoline,Front-wheel drive,4,2210,6,244,4330,19.2,27.6
1985,Europe,Diesel,Front-wheel drive,2,2280,6,268,4190,19.5,28.6
1977,Asia,Diesel,Front-wheel drive,3,2190,5,250,3960,20.6,30.3
1983,Europe,Gasoline,Front-wheel drive,3,2250,6,262,4230,17.8,30.4
1999,Europe,Gasoline,Front-wheel drive,3,2280,7,252,4250,18.6,30.5
1982,USA,Gasoline,Front-wheel drive,2,2180,6,,4210,19.6,28.0
2010,Asia,Gasoline,Rear-wheel drive,3,2060,6,235,4120,18.2,29.8
2008,USA,Gasoline,Front-wheel drive,4,2240,6,267,4140,18.2,31.3
2002,Asia,Gasoline,Front-wheel drive,2,2180,6,232,4010,19.3,35.0
1994,Asia,Gasoline,Front-wheel drive,3,2370,6,256,4490,19.2,30.1
2013,USA,Gasoline,All-wheel drive,4,2030,5,240,4200,19.4,30.6
2001,Asia,Gasoline,Front-wheel drive,2,2330,6,240,4120,18.7,32.1
2019,Europe,Gasoline,Front-wheel drive,2,2290,6,224,4210,19.3,32.4
1996,Europe,Diesel,Front-wheel drive,3,1920,5,213,3890,16.7,34.7
1996,USA,Hybrid,Rear-wheel drive,3,2410,6,267,4720,18.2,31.6
2009,USA,Gasoline,Rear-wheel drive,4,2070,6,242,4190,19.7,28.6
1975,USA,Gasoline,Rear-wheel drive,4,2470,7,271,4440,21.2,21.3
1982,USA,Gasoline,All-wheel drive,4,2280,6,270,4480,18.9,23.0
1998,Europe,Gasoline,Rear-wheel drive,4,2260,6,257,4150,,29.8
1995,USA,Gasoline,All-wheel drive,4,2120,6,234,4480,16.0,27.5
1991,Asia,Diesel,Front-wheel drive,3,2290,6,243,4370,21.3,33.0
1997,Europe,Gasoline,All-wheel drive,4,2350,6,253,4580,21.2,28.1
2013,Asia,Gasoline,Rear-wheel drive,3,2540,7,281,4330,18.3,29.5
2005,Asia,Gasoline,All-wheel drive,2,2290,6,255,4390,20.3,28.9
2004,Asia,Gasoline,Front-wheel drive,4,2330,6,213,4290,20.6,31.5
1995,USA,Gasoline,Rear-wheel drive,4,2250,6,261,4560,18.3,27.3
2001,Europe,Gasoline,All-wheel drive,3,2500,6,263,4200,18.7,26.0
1987,Asia,Gasoline,All-wheel drive,3,2580,7,266,4560,19.4,24.5
2008,Europe,Gasoline,Front-wheel drive,4,2150,6,230,4110,17.5,30.0
1996,USA,Gasoline,All-wheel drive,5,2170,6,241,4690,20.2,25.3
2010,USA,Gasoline,Front-wheel drive,3,2220,6,269,4040,18.3,29.1
1998,USA,Gasoline,Front-wheel drive,3,2080,5,223,4040,19.3,32.3
2012,Europe,Gasoline,Rear-wheel drive,3,2390,6,274,4210,17.9,28.8
2001,Asia,Gasoline,All-wheel drive,4,2140,6,244,4410,18.4,30.2
2009,Europe,Gasoline,Front-wheel drive,2,2190,5,260,4050,17.6,34.4
1985,Europe,Hybrid,Front-wheel drive,2,2320,7,266,4210,,33.3
2003,Europe,Gasoline,Rear-wheel drive,4,2410,6,257,4490,18.3,27.1
2018,Asia,Gasoline,Front-wheel drive,4,2300,6,283,4140,16.7,32.4
2002,USA,Gasoline,Front-wheel drive,4,2350,6,274,4410,17.3,30.7
2007,Europe,Gasoline,Front-wheel drive,3,2050,5,215,3900,18.9,34.3
1984,Europe,Gasoline,Front-wheel drive,3,2100,5,,4250,17.6,30.6
2007,Asia,Gasoline,Front-wheel drive,5,2160,5,251,4020,19.6,34.3
2001,USA,Gasoline,All-wheel drive,4,2100,6,233,4470,20.2,30.7
2015,Europe,Diesel,Rear-wheel drive,4,2420,6,288,4470,18.9,35.3
1987,Europe,Diesel,Front-wheel drive,3,2020,5,,4050,20.0,33.5
2010,USA,Diesel,Front-wheel drive,4,2050,5,230,3790,18.9,34.8
2004,Asia,Gasoline,All-wheel drive,4,2320,6,259,4510,17.4,30.8
2021,USA,Hybrid,All-wheel drive,3,2190,6,241,4470,17.4,34.8
2009,USA,Gasoline,Front-wheel drive,2,2390,6,263,4410,18.6,32.7
2018,Asia,Gasoline,Front-wheel drive,3,2400,7,259,4350,18.9,29.1
1992,Asia,Gasoline,All-wheel drive,4,2320,6,244,4460,18.1,26.6
2018,USA,Gasoline,Front-wheel drive,2,2210,6,236,4330,22.2,31.1
1995,USA,Gasoline,Rear-wheel drive,4,2220,6,268,4380,19.2,26.3
2007,USA,Hybrid,Front-wheel drive,4,2300,6,,4490,17.9,31.6
1992,Asia,Diesel,All-wheel drive,2,2250,6,248,4100,20.7,30.0
1983,USA,Diesel,Front-wheel drive,2,2090,6,257,4210,16.6,28.2
2004,USA,Gasoline,Front-wheel drive,4,2250,6,260,4170,19.6,29.3
1985,Europe,Hybrid,Front-wheel drive,3,2460,6,266,4590,19.8,31.1
1998,USA,Gasoline,All-wheel drive,4,2010,6,242,4400,19.2,25.9
2016,Europe,Gasoline,Front-wheel drive,5,1910,5,202,4000,19.0,33.2
1994,USA,Diesel,Front-wheel drive,4,2610,7,300,4770,17.5,27.8
2002,Europe,Hybrid,Rear-wheel drive,4,2180,5,238,4330,19.0,33.8
1986,USA,Diesel,Front-wheel drive,2,1970,6,240,3980,18.4,29.6
2004,USA,Gasoline,Rear-wheel drive,3,2530,7,287,4580,18.9,26.9
2021,Europe,Diesel,Front-wheel drive,2,2210,6,243,3880,18.2,34.6
1999,Europe,Gasoline,Front-wheel drive,4,2140,5,,4310,,30.8
1987,USA,Gasoline,Front-wheel drive,3,2510,6,277,4090,18.2,26.2
1977,Asia,Gasoline,Front-wheel drive,5,1950,5,209,3840,19.7,30.0
1980,USA,Gasoline,All-wheel drive,3,2210,6,232,4250,20.6,23.4
1989,USA,Diesel,Front-wheel drive,4,2220,6,259,4100,18.9,32.3
2008,Europe,Diesel,Front-wheel drive,2,2090,6,254,4020,19.8,32.1
2013,Europe,Diesel,Rear-wheel drive,3,2120,6,247,4230,21.1,35.6
2016,USA,Hybrid,All-wheel drive,4,2190,6,272,4640,18.5,31.4
1986,USA,Gasoline,Rear-wheel drive,4,2680,7,267,4630,19.2,25.4
1998,Asia,Diesel,All-wheel drive,5,2350,6,275,4610,18.0,29.8
1985,Asia,Gasoline,Front-wheel drive,5,2370,6,221,4440,20.8,27.4
1986,Asia,Diesel,All-wheel drive,3,2470,6,279,4440,17.7,31.2
1990,Asia,Gasoline,Front-wheel drive,5,2060,6,207,3820,17.5,28.7
1987,USA,Gasoline,Front-wheel drive,3,2200,6,246,3950,17.8,28.5
2003,USA,Hybrid,Rear-wheel drive,4,2320,6,267,4310,17.6,31.5
1995,Europe,Hybrid,Rear-wheel drive,3,2080,6,242,3940,17.4,36.0
2000,Europe,Gasoline,Front-wheel drive,3,2340,6,265,3970,18.3,30.5
1989,USA,Gasoline,Rear-wheel drive,3,2410,7,286,4610,17.1,26.3
1996,Europe,Gasoline,All-wheel drive,3,2390,6,265,4620,,28.3
2002,USA,Hybrid,Front-wheel drive,5,2170,6,241,4470,18.5,30.9
2011,USA,Gasoline,Rear-wheel drive,5,2320,6,281,4510,18.8,26.1
2023,USA,Hybrid,Front-wheel drive,4,2690,7,324,4510,17.9,35.7
1997,USA,Hybrid,Rear-wheel drive,3,2310,6,269,4620,19.0,31.9
2017,Europe,Gasoline,Rear-wheel drive,2,2640,7,252,4320,18.3,28.9
2005,Asia,Gasoline,Front-wheel drive,5,2280,6,246,4130,19.6,32.1
1992,Asia,Gasoline,Front-wheel drive,5,2260,6,219,4110,18.6,31.8
2012,Asia,Diesel,All-wheel drive,3,1980,5,232,3890,18.5,34.0
2002,USA,Gasoline,All-wheel drive,3,2300,6,260,4380,19.4,28.8
1979,USA,Gasoline,Rear-wheel drive,4,2260,6,239,4440,19.2,27.1
2005,Europe,Gasoline,Rear-wheel drive,3,2500,6,253,4530,18.7,29.7
1982,Asia,Gasoline,Rear-wheel drive,3,1970,6,226,4100,19.7,26.8
1997,USA,Diesel,Front-wheel drive,4,2340,6,274,4210,16.6,34.0
2019,Asia,Gasoline,Rear-wheel drive,4,2160,6,258,4140,17.4,31.3
2013,USA,Gasoline,Rear-wheel drive,3,2150,5,236,4280,20.2,30.8
2010,Asia,Gasoline,Front-wheel drive,4,2100,6,242,3780,20.9,33.5
1977,Asia,Gasoline,Front-wheel drive,4,2110,5,,3830,18.8,29.1
1988,Europe,Gasoline,Front-wheel drive,4,1910,5,202,4010,20.3,29.7
2010,USA,Gasoline,Front-wheel drive,5,2060,5,251,4350,18.5,30.5
1976,Asia,Gasoline,Front-wheel drive,2,2340,7,,4310,19.7,26.6
2009,Europe,Diesel,Front-wheel drive,5,2140,6,279,4190,20.2,33.7
1991,Asia,Hybrid,Front-wheel drive,4,2580,6,277,4650,18.1,30.3
2022,Asia,Hybrid,Rear-wheel drive,2,2420,7,294,4200,19.3,35.9
2010,USA,Gasoline,Rear-wheel drive,3,2110,5,248,4230,18.4,32.0
2011,USA,Gasoline,Front-wheel drive,3,2060,5,238,3890,18.3,31.1
1995,Asia,Gasoline,Front-wheel drive,4,2580,6,271,4560,20.1,29.1
1993,Europe,Gasoline,Rear-wheel drive,2,2570,6,279,4370,,27.6
2009,USA,Gasoline,Front-wheel drive,5,2100,5,224,4000,21.1,30.9
2013,Asia,Hybrid,All-wheel drive,4,2100,5,238,4410,20.9,37.3
2008,USA,Gasoline,Front-wheel drive,2,2290,6,274,4440,17.7,28.2
2006,Asia,Gasoline,Front-wheel drive,3,2010,6,240,3760,17.5,31.6
1996,USA,Diesel,Front-wheel drive,4,2340,6,261,4180,18.5,30.4
2016,Europe,Gasoline,All-wheel drive,3,2170,6,232,4290,20.5,31.0
1980,USA,Gasoline,Rear-wheel drive,3,2120,5,,4300,20.6,23.0
1982,Europe,Gasoline,Front-wheel drive,5,2480,6,270,4250,,28.4
2003,USA,Diesel,Front-wheel drive,4,2330,6,281,4250,18.0,29.0
2000,Asia,Hybrid,Front-wheel drive,4,2260,6,246,4340,21.0,34.8
2016,Asia,Gasoline,Front-wheel drive,4,1900,5,208,3680,18.9,37.0
2000,USA,Gasoline,Rear-wheel drive,3,2020,6,234,4020,17.7,32.5
2012,Asia,Gasoline,Rear-wheel drive,5,2050,6,246,3920,18.2,29.2
1991,Europe,Gasoline,Front-wheel drive,4,2450,6,265,4310,19.5,29.6
1997,USA,Gasoline,Front-wheel drive,4,2440,6,281,4660,21.8,26.3
2018,USA,Gasoline,Rear-wheel drive,3,2140,6,244,4170,20.1,31.7
2003,Europe,Gasoline,Rear-wheel drive,5,2210,6,252,4130,18.2,30.6
1977,USA,Gasoline,Front-wheel drive,3,2260,6,,4030,19.3,27.8
1978,USA,Gasoline,Front-wheel drive,2,2400,6,253,4190,18.2,28.0
2017,USA,Gasoline,Front-wheel drive,5,2380,6,275,4520,18.9,31.2
2015,USA,Gasoline,All-wheel drive,4,2320,6,266,4560,20.8,26.9
1984,USA,Gasoline,Rear-wheel drive,5,2030,5,219,4520,20.1,27.1
2001,USA,Gasoline,Front-wheel drive,5,2210,6,239,4300,19.2,27.2
1981,USA,Gasoline,Front-wheel drive,3,2320,7,277,4420,20.4,26.3
2004,Asia,Diesel,Rear-wheel drive,2,2130,6,245,4160,19.1,33.0
2017,USA,Gasoline,Front-wheel drive,5,2410,6,255,4450,22.6,31.4
1977,USA,Hybrid,All-wheel drive,4,2280,7,,4560,20.2,27.9
1997,Europe,Gasoline,All-wheel drive,4,2550,6,256,4760,19.7,25.8
2022,USA,Gasoline,All-wheel drive,4,2480,7,269,4530,18.3,29.9
1996,USA,Hybrid,Rear-wheel drive,3,2260,6,257,4600,18.7,31.2
1995,Asia,Diesel,Rear-wheel drive,4,2260,6,243,4260,17.4,26.9
2016,Europe,Gasoline,All-wheel drive,4,2380,7,245,4420,18.5,31.7
2014,Asia,Gasoline,Front-wheel drive,4,2520,6,264,4090,19.8,31.6
1980,Asia,Gasoline,All-wheel drive,3,2510,7,280,4370,17.4,23.8
2010,USA,Gasoline,Front-wheel drive,5,2600,7,286,4610,19.5,27.7
2009,Asia,Gasoline,Front-wheel drive,3,2520,7,286,4450,18.1,30.6
1997,Europe,Gasoline,Front-wheel drive,2,2110,5,239,4030,18.7,31.2
1994,Asia,Gasoline,Rear-wheel drive,4,2340,6,256,4350,20.6,28.7
2011,Asia,Gasoline,Front-wheel drive,3,2300,6,261,4390,20.9,31.3
2019,USA,Gasoline,Front-wheel drive,5,2100,6,273,4670,19.8,29.9
2008,Asia,Gasoline,Rear-wheel drive,4,2250,6,238,4440,17.6,29.2
1995,Europe,Hybrid,Front-wheel drive,4,2080,5,236,4060,20.3,35.1
2000,USA,Gasoline,All-wheel drive,5,1910,5,214,4270,18.2,29.0
2014,USA,Gasoline,Front-wheel drive,3,2260,6,268,4320,18.1,27.7
1994,USA,Gasoline,Front-wheel drive,5,2130,6,235,4310,17.2,26.7
2016,USA,Gasoline,Rear-wheel drive,3,1780,5,244,3910,18.1,30.8
1981,USA,Gasoline,Front-wheel drive,2,2140,7,265,4070,18.8,26.2
1989,Asia,Gasoline,Front-wheel drive,5,2670,7,287,4540,19.1,24.3
2018,USA,Gasoline,Rear-wheel drive,3,2330,6,290,4130,16.4,29.4
1988,USA,Diesel,Front-wheel drive,5,2300,6,240,4340,19.8,29.5
1987,USA,Gasoline,Front-wheel drive,3,2340,6,264,4040,19.4,29.7
1990,Europe,Gasoline,Rear-wheel drive,4,2160,6,232,4200,19.3,28.3
2001,USA,Gasoline,Front-wheel drive,3,2100,6,267,4110,17.3,29.0
2021,USA,Diesel,Front-wheel drive,4,2340,6,286,4100,15.8,36.1
2016,USA,Gasoline,Front-wheel drive,3,2030,6,249,4390,20.6,31.3
2000,Asia,Diesel,Front-wheel drive,2,1910,5,232,3440,18.4,35.7
1979,USA,Gasoline,Front-wheel drive,3,2020,6,,3900,20.1,28.9
1978,Asia,Diesel,Rear-wheel drive,4,2310,6,244,4350,16.6,26.7
2007,Asia,Hybrid,Front-wheel drive,4,2190,6,230,4080,19.8,35.1
2003,Europe,Gasoline,Front-wheel drive,4,2400,6,240,4250,20.5,29.8
1991,USA,Gasoline,All-wheel drive,3,2390,7,270,4460,18.7,29.0
2016,USA,Gasoline,Front-wheel drive,3,2520,7,314,4710,20.1,29.5
1982,Europe,Diesel,Front-wheel drive,5,2400,5,,4300,20.6,30.9
2021,Europe,Gasoline,All-wheel drive,2,2340,6,263,4430,16.5,30.3
1995,Asia,Gasoline,Front-wheel drive,4,2530,7,278,4440,18.4,29.9
2023,USA,Gasoline,Front-wheel drive,4,2180,6,255,4040,19.3,31.4
2014,Asia,Gasoline,Rear-wheel drive,4,2390,6,,4370,17.8,28.6
1977,Asia,Hybrid,Front-wheel drive,2,2270,6,229,4280,20.9,30.8
1997,Asia,Gasoline,Front-wheel drive,4,2480,6,256,4480,20.8,31.4
1978,Europe,Hybrid,Rear-wheel drive,4,2430,6,,4450,21.1,30.8
1984,Asia,Diesel,Front-wheel drive,4,2190,6,,4240,19.4,32.2
1991,Asia,Gasoline,All-wheel drive,5,2250,6,269,4240,16.9,22.8
1998,USA,Gasoline,Front-wheel drive,4,2310,6,261,4740,18.8,27.3
1977,Asia,Gasoline,Front-wheel drive,2,2040,6,207,3780,19.0,32.0
1981,USA,Gasoline,Rear-wheel drive,4,2130,5,253,4010,19.9,25.7
1981,USA,Gasoline,Rear-wheel drive,3,2010,5,235,4130,20.8,25.6
2019,USA,Gasoline,Front-wheel drive,2,2420,6,257,4460,18.7,30.8
1985,Asia,Diesel,Front-wheel drive,2,2190,6,263,4050,20.6,31.8
2023,Asia,Gasoline,Front-wheel drive,2,2190,6,238,4040,17.2,32.0
1998,USA,Hybrid,Front-wheel drive,3,2540,7,287,4470,19.6,31.8
1982,USA,Gasoline,Rear-wheel drive,3,2300,6,242,4170,18.6,27.6
1985,Europe,Gasoline,Front-wheel drive,2,2060,5,232,4150,18.3,29.8
1991,Asia,Gasoline,Front-wheel drive,4,2130,6,241,3860,17.7,28.6
2001,USA,Gasoline,Rear-wheel drive,4,2390,6,249,4360,18.7,27.0
2007,Asia,Gasoline,All-wheel drive,2,2190,6,,4420,20.3,25.8
1988,Asia,Gasoline,Rear-wheel drive,4,1750,5,217,3620,17.3,29.4
1987,Europe,Gasoline,All-wheel drive,4,2060,6,230,4390,,26.0
2023,Asia,Diesel,Front-wheel drive,2,2410,6,277,4100,18.2,34.2
2016,Europe,Gasoline,All-wheel drive,5,2270,6,246,4610,20.4,32.7
1982,USA,Gasoline,Front-wheel drive,3,2100,6,236,4150,20.3,28.7
2008,USA,Gasoline,Front-wheel drive,2,2510,6,279,4340,19.0,28.0
1997,Asia,Gasoline,Front-wheel drive,3,2010,5,202,3730,19.8,33.0
2003,USA,Gasoline,Front-wheel drive,2,2270,6,,4230,18.2,26.5
1993,Europe,Gasoline,Front-wheel drive,4,1980,6,238,3970,20.0,29.9
2005,USA,Diesel,All-wheel drive,3,2400,6,274,4080,19.7,31.4
1987,USA,Gasoline,Rear-wheel drive,3,2260,6,255,4350,18.9,25.2
2008,Asia,Diesel,Rear-wheel drive,3,2280,6,244,4430,18.1,32.8
1997,USA,Gasoline,Rear-wheel drive,4,1850,5,221,3910,19.1,31.5
2009,USA,Gasoline,Front-wheel drive,5,2500,6,283,4600,18.8,30.6
2020,USA,Gasoline,Rear-wheel drive,3,2240,6,249,4260,17.0,28.7
2005,USA,Hybrid,Rear-wheel drive,3,2440,6,272,4520,18.0,31.1
2010,USA,Gasoline,Front-wheel drive,3,1920,5,245,3860,18.8,32.4
1988,USA,Gasoline,Rear-wheel drive,3,2220,6,265,4480,19.6,26.1
2000,Asia,Hybrid,All-wheel drive,3,2130,5,233,4180,18.1,32.4
1985,Europe,Hybrid,Front-wheel drive,5,2310,6,249,4340,19.1,34.8
1992,Asia,Diesel,Front-wheel drive,5,2040,6,244,4070,20.2,35.3
2010,Europe,Hybrid,Front-wheel drive,3,2240,5,240,3750,16.5,36.1
1992,USA,Gasoline,All-wheel drive,3,2450,6,261,4600,18.0,24.8
1989,Europe,Gasoline,Front-wheel drive,3,2090,6,220,3940,18.0,30.2
2002,Europe,Gasoline,Rear-wheel drive,4,2480,6,273,4620,16.1,29.8
1983,Europe,Diesel,All-wheel drive,4,2150,6,245,3870,18.9,32.0
2009,USA,Hybrid,Rear-wheel drive,5,2110,6,254,4480,21.4,31.9
2006,Europe,Gasoline,Front-wheel drive,4,2500,7,266,4280,,33.0
2000,Asia,Gasoline,All-wheel drive,4,2510,6,275,4850,21.3,25.9
1996,Asia,Gasoline,Front-wheel drive,4,1920,5,222,3860,19.0,29.6
2020,Europe,Diesel,All-wheel drive,5,2130,6,244,4310,19.7,34.6
1982,Asia,Gasoline,Front-wheel drive,3,2230,6,246,3990,17.9,29.0
2014,Europe,Gasoline,Front-wheel drive,3,2160,6,218,3960,18.5,32.7
2019,USA,Gasoline,Rear-wheel drive,3,2420,6,271,4570,19.2,28.1
1988,USA,Gasoline,Rear-wheel drive,2,2060,5,223,3730,19.5,28.7
1995,Europe,Diesel,All-wheel drive,5,2330,6,269,4210,18.2,28.6
1990,USA,Gasoline,Rear-wheel drive,4,2070,6,246,4320,18.2,28.3
2016,USA,Gasoline,All-wheel drive,4,2220,6,268,4490,21.7,27.0
2013,USA,Gasoline,Front-wheel drive,4,2220,6,237,4390,18.5,32.1
1980,USA,Gasoline,Front-wheel drive,4,2350,6,263,4240,19.7,24.9
2014,Europe,Gasoline,All-wheel drive,3,2340,6,236,4490,20.7,31.1
2009,USA,Gasoline,Rear-wheel drive,2,2010,5,247,3980,16.0,28.9
2012,USA,Diesel,All-wheel drive,5,2500,7,288,4860,18.4,29.0
2002,USA,Gasoline,Front-wheel drive,3,2000,6,245,3930,18.3,28.9
1995,USA,Hybrid,Rear-wheel drive,2,2290,6,268,4410,17.1,34.7
1994,Europe,Gasoline,Front-wheel drive,4,2250,6,265,4070,19.2,28.4
2012,USA,Gasoline,All-wheel drive,5,2360,6,266,4880,21.6,27.0
1992,Asia,Gasoline,Front-wheel drive,4,2340,6,247,4360,19.6,28.4
1984,USA,Diesel,Front-wheel drive,3,2670,7,309,4720,16.9,25.7
1994,Asia,Gasoline,Front-wheel drive,5,2420,7,273,4230,15.6,30.8
1990,Asia,Diesel,Front-wheel drive,4,2010,5,210,3870,20.2,30.7
2016,Europe,Gasoline,Front-wheel drive,3,2300,6,253,4140,17.5,31.0
2007,Asia,Gasoline,All-wheel drive,5,2470,6,254,4680,20.7,28.8
2019,Asia,Gasoline,Front-wheel drive,4,1860,5,207,4270,17.3,33.3
2003,USA,Diesel,All-wheel drive,4,1960,6,227,4330,21.4,32.6
2006,USA,Gasoline,Front-wheel drive,2,2120,6,265,4030,17.8,33.2
2009,Asia,Hybrid,Front-wheel drive,3,2070,6,234,4140,19.6,36.0
1978,Europe,Gasoline,Front-wheel drive,3,2060,6,,3920,,28.3
2019,USA,Diesel,Front-wheel drive,3,1960,5,235,3910,18.8,33.3
2012,USA,Gasoline,Front-wheel drive,5,2400,6,275,4380,20.3,30.6
1998,USA,Gasoline,Rear-wheel drive,3,2210,6,265,4260,18.3,25.5
1988,Europe,Diesel,Front-wheel drive,3,2270,6,248,4020,19.4,29.1
2019,USA,Diesel,Front-wheel drive,4,2040,5,240,3970,16.3,33.6
1976,USA,Gasoline,Front-wheel drive,3,2050,6,,3780,18.9,29.8
2014,USA,Gasoline,Rear-wheel drive,3,2220,6,244,4500,21.0,30.4
2006,Asia,Gasoline,Front-wheel drive,5,2210,6,232,4170,18.8,33.6
2014,Europe,Hybrid,All-wheel drive,4,2210,6,238,4100,19.5,38.3
2007,Asia,Gasoline,All-wheel drive,3,2360,6,254,4750,18.7,28.5
2011,USA,Gasoline,Front-wheel drive,4,2340,7,263,4550,19.7,28.5
2005,Asia,Gasoline,Front-wheel drive,4,2360,7,270,4080,17.2,31.8
1991,USA,Gasoline,Front-wheel drive,4,2400,6,291,4250,15.8,27.1
2016,USA,Gasoline,Rear-wheel drive,4,2320,6,263,4440,20.6,27.4
1982,USA,Gasoline,Front-wheel drive,2,2330,6,,3970,19.0,27.2
2006,USA,Gasoline,Front-wheel drive,4,2530,7,292,4400,18.4,28.5
1977,USA,Diesel,Front-wheel drive,3,2350,7,290,4260,20.1,31.4
1979,USA,Diesel,All-wheel drive,4,2290,6,293,4510,20.2,27.5
1979,USA,Gasoline,All-wheel drive,2,2410,6,,4560,20.1,25.2
2007,USA,Gasoline,Front-wheel drive,3,1960,6,229,3980,18.9,28.0
1994,Europe,Gasoline,Front-wheel drive,3,2140,6,246,3990,18.7,31.1
1989,USA,Gasoline,Front-wheel drive,3,2060,6,253,3890,19.2,27.4
1991,USA,Gasoline,Rear-wheel drive,4,2240,6,280,4410,18.2,28.0
2018,Asia,Gasoline,Rear-wheel drive,5,2270,6,256,4400,18.6,31.8
1984,Asia,Gasoline,All-wheel drive,4,2260,6,,4490,20.0,25.4
1980,USA,Gasoline,Front-wheel drive,5,2360,6,278,4380,17.9,27.6
1984,Europe,Gasoline,All-wheel drive,5,2090,6,233,4190,20.6,31.8
2007,Europe,Hybrid,Rear-wheel drive,2,2330,6,255,4380,18.5,31.7
1982,Europe,Hybrid,All-wheel drive,4,2100,6,232,4540,19.4,29.8
1975,Europe,Gasoline,All-wheel drive,4,2430,6,,4440,20.1,23.4
1984,Europe,Gasoline,Front-wheel drive,4,2410,7,,4170,,31.1
1982,Asia,Gasoline,All-wheel drive,4,2640,7,,4790,21.1,25.3
1976,USA,Gasoline,Front-wheel drive,3,2170,5,,3990,21.2,26.9
1986,Europe,Hybrid,Rear-wheel drive,4,2270,6,220,4220,19.0,32.4
2011,Asia,Gasoline,Front-wheel drive,4,2460,6,264,4240,16.8,30.9
1998,Europe,Diesel,Rear-wheel drive,4,2230,6,252,4250,,33.2
2003,Asia,Gasoline,Front-wheel drive,4,2530,7,276,4510,16.4,28.7
2000,USA,Diesel,Front-wheel drive,4,2160,6,257,4150,17.5,30.9
2011,Asia,Diesel,Front-wheel drive,4,2150,5,254,3670,16.4,37.7
2005,USA,Gasoline,Rear-wheel drive,4,2070,6,246,4120,18.7,29.7
1992,USA,Gasoline,Rear-wheel drive,4,2490,6,265,4560,19.4,22.9
1992,USA,Gasoline,All-wheel drive,3,2270,6,245,4540,18.5,27.0
1982,Europe,Gasoline,Front-wheel drive,4,2600,7,283,4520,19.0,25.2
1979,Europe,Hybrid,Rear-wheel drive,3,2230,6,267,4570,20.2,33.6
1985,Asia,Diesel,Front-wheel drive,4,2150,6,244,3880,19.6,32.5
2003,Europe,Diesel,Front-wheel drive,4,2080,6,243,4010,19.1,35.2
2005,Asia,Gasoline,All-wheel drive,3,2110,6,250,4350,18.2,29.0
2023,Europe,Diesel,All-wheel drive,3,2440,6,281,4740,18.0,32.9
1987,USA,Diesel,Rear-wheel drive,4,2400,6,277,4850,20.3,29.5
1980,USA,Hybrid,Front-wheel drive,4,1830,5,,3970,20.7,32.9
2003,Europe,Gasoline,Front-wheel drive,4,2730,7,281,4580,21.3,28.1
1996,Asia,Gasoline,Front-wheel drive,5,2240,6,242,4250,21.0,30.1
1990,Asia,Gasoline,Front-wheel drive,4,2350,6,262,4310,20.1,28.0
2021,USA,Gasoline,Rear-wheel drive,3,2250,6,243,4130,15.9,30.3
1995,Asia,Gasoline,Front-wheel drive,3,2180,6,230,3870,18.4,32.3
2002,USA,Gasoline,Front-wheel drive,2,2660,7,293,4740,20.9,24.7
2005,USA,Gasoline,All-wheel drive,3,2320,6,236,4630,20.5,27.8
2012,USA,Gasoline,Front-wheel drive,5,2380,6,261,4510,18.5,29.8
2022,Asia,Diesel,Front-wheel drive,5,2440,7,271,4360,19.6,36.0
1998,USA,Diesel,Rear-wheel drive,3,2290,6,301,4560,21.8,27.7
1976,Europe,Diesel,Front-wheel drive,3,1980,6,,3820,20.5,30.2
2024,Europe,Gasoline,Front-wheel drive,2,2140,5,226,4060,18.5,33.7
1996,USA,Gasoline,Front-wheel drive,4,2240,6,248,4080,17.6,26.9
2008,USA,Gasoline,Front-wheel drive,4,2410,7,,4670,20.0,30.0
1999,Europe,Diesel,Front-wheel drive,2,2300,6,265,4080,16.1,32.1
2004,Europe,Gasoline,All-wheel drive,5,2200,6,246,4510,18.1,29.4
1978,USA,Gasoline,Front-wheel drive,2,2340,6,284,4230,18.9,26.6
1998,USA,Diesel,Front-wheel drive,4,2110,6,258,4300,19.6,31.1
2012,Asia,Gasoline,Rear-wheel drive,2,2130,6,244,4420,20.2,29.4
1984,Europe,Gasoline,Front-wheel drive,3,2160,6,221,3930,18.8,29.2
1984,Europe,Diesel,Front-wheel drive,3,2040,6,249,4120,20.3,29.7
2008,Europe,Gasoline,Front-wheel drive,5,2430,6,254,4230,19.8,33.1
1998,Europe,Gasoline,Front-wheel drive,2,2140,5,221,3690,18.7,30.2
1997,USA,Diesel,All-wheel drive,4,2150,6,253,3830,18.1,30.1
1976,Asia,Hybrid,Front-wheel drive,4,1940,5,,3540,19.7,36.6
1999,USA,Gasoline,Rear-wheel drive,5,2200,6,263,4360,17.1,28.5
1993,USA,Gasoline,All-wheel drive,3,2270,6,245,4490,17.8,25.0
2007,Asia,Gasoline,All-wheel drive,4,2410,6,271,4710,18.0,25.7
2000,Europe,Gasoline,Rear-wheel drive,3,2160,6,229,4150,19.6,28.5
2005,Asia,Diesel,All-wheel drive,3,2460,6,265,4510,19.5,30.2
2016,Asia,Diesel,Front-wheel drive,3,2360,6,253,4190,17.7,32.2
1987,Asia,Gasoline,Rear-wheel drive,5,2230,6,258,4270,19.7,31.4
1978,USA,Gasoline,Front-wheel drive,3,2060,5,,3960,19.6,26.2
2024,USA,Gasoline,Front-wheel drive,5,2360,6,256,4480,18.6,29.3
2018,USA,Gasoline,Front-wheel drive,4,2140,6,262,4220,17.2,29.9
2009,USA,Hybrid,Front-wheel drive,4,2250,6,286,4090,18.0,31.7
1991,USA,Gasoline,Front-wheel drive,4,2380,6,271,4460,21.0,27.0
2020,Asia,Gasoline,Front-wheel drive,5,2490,6,279,4600,19.4,28.9
2003,Asia,Gasoline,Front-wheel drive,3,2330,7,260,4300,18.3,33.0
2024,USA,Gasoline,Front-wheel drive,5,2420,6,269,4550,16.8,28.9
2023,Europe,Gasoline,Front-wheel drive,5,2100,6,229,4140,18.3,35.9
1977,Asia,Gasoline,All-wheel drive,3,2320,7,,4310,17.5,25.8
2022,Europe,Gasoline,All-wheel drive,5,2360,6,251,4400,17.8,31.5
1988,Asia,Hybrid,Front-wheel drive,4,2180,6,235,4200,19.8,33.5
2007,USA,Diesel,Front-wheel drive,4,2100,6,249,4220,19.4,31.7
1991,Europe,Diesel,Rear-wheel drive,5,2410,6,251,4350,19.6,29.0
2013,USA,Gasoline,Front-wheel drive,2,2320,6,278,4380,19.4,31.5
1976,Europe,Gasoline,Front-wheel drive,5,2340,6,,4320,19.3,28.7
2022,Asia,Diesel,Rear-wheel drive,2,2070,6,237,4240,17.3,34.8
1983,Asia,Gasoline,Rear-wheel drive,4,2270,6,,4410,20.8,27.2
1985,Europe,Gasoline,Front-wheel drive,3,2070,5,216,3850,20.7,27.7
2013,USA,Diesel,Front-wheel drive,4,2270,6,264,4140,20.5,32.2
2002,USA,Gasoline,Front-wheel drive,4,2220,6,239,4450,16.1,27.2
2004,USA,Diesel,Rear-wheel drive,3,2380,6,286,4530,18.3,31.8
2023,USA,Diesel,Front-wheel drive,3,2190,6,260,4180,18.2,33.9
1998,Europe,Gasoline,Front-wheel drive,3,2230,7,288,3980,16.2,31.6
1979,USA,Gasoline,Front-wheel drive,5,2340,6,263,4440,18.9,29.8
2003,USA,Diesel,All-wheel drive,2,2330,6,296,4540,16.2,27.8
2012,USA,Diesel,Rear-wheel drive,4,2090,6,248,4100,15.4,33.3
2019,USA,Gasoline,Front-wheel drive,4,2200,6,275,4450,18.3,32.2
2018,Asia,Gasoline,Front-wheel drive,3,2270,7,271,4120,18.4,34.9
2017,USA,Gasoline,Front-wheel drive,4,2590,7,304,4600,16.7,26.2
2015,Europe,Gasoline,Rear-wheel drive,4,2510,7,279,4630,18.8,27.4
2016,Europe,Gasoline,Front-wheel drive,4,2480,7,,4660,19.8,29.3
1994,Asia,Gasoline,All-wheel drive,4,2140,6,209,4260,23.2,30.6
2001,Asia,Diesel,All-wheel drive,2,2410,6,269,4610,19.6,29.3
1981,USA,Diesel,Rear-wheel drive,3,2090,6,258,4370,19.7,27.9
2022,Europe,Gasoline,Rear-wheel drive,4,2210,6,259,4160,16.6,29.1
2016,Europe,Gasoline,Front-wheel drive,4,2040,5,223,4190,21.3,35.0
1980,USA,Diesel,All-wheel drive,4,2630,7,,5040,20.4,22.5
1989,USA,Hybrid,Rear-wheel drive,2,2290,6,251,4460,19.0,27.7
2024,USA,Gasoline,Front-wheel drive,5,2140,6,247,4290,18.9,31.4
2003,Asia,Gasoline,Front-wheel drive,5,2350,6,258,4380,19.0,31.8
1991,Asia,Gasoline,Front-wheel drive,4,2260,6,266,4210,17.6,32.2
2002,Europe,Gasoline,Front-wheel drive,3,2320,6,254,3970,18.4,27.0
2018,Asia,Diesel,Front-wheel drive,5,2230,6,243,4430,18.9,31.6
2022,Asia,Diesel,Front-wheel drive,4,2450,7,297,4540,18.0,33.9
1975,USA,Gasoline,Front-wheel drive,2,2490,6,,4440,19.2,23.8
1978,USA,Diesel,Front-wheel drive,5,2340,7,282,4660,17.4,27.1
1990,USA,Gasoline,Rear-wheel drive,3,2420,6,290,4430,17.4,23.1
1980,USA,Gasoline,Front-wheel drive,4,1960,5,,4010,18.8,26.2
1985,Asia,Gasoline,Front-wheel drive,2,2170,6,230,4210,19.9,29.2
2015,Europe,Gasoline,Front-wheel drive,3,2110,6,218,4120,18.5,33.2
1988,Asia,Gasoline,Front-wheel drive,4,2050,5,210,3580,20.7,30.2
1987,Europe,Gasoline,All-wheel drive,3,2130,5,226,4380,19.2,27.6
1987,USA,Diesel,All-wheel drive,4,2420,7,315,4620,18.3,28.2
2019,Europe,Gasoline,Rear-wheel drive,3,2410,7,253,4290,19.0,32.0
2014,Asia,Gasoline,Front-wheel drive,5,2130,5,228,4160,17.1,31.1
1998,USA,Hybrid,Front-wheel drive,5,1940,6,235,4280,21.4,33.7
1977,USA,Gasoline,Front-wheel drive,5,2170,6,,4260,19.7,27.4
1978,Europe,Hybrid,All-wheel drive,3,2310,6,263,4240,17.5,30.9
1981,Europe,Gasoline,Rear-wheel drive,3,2470,6,,4540,19.5,25.6
1991,Asia,Diesel,All-wheel drive,3,2650,7,304,4580,18.6,30.3
1984,Europe,Diesel,All-wheel drive,4,2110,6,,4530,20.7,27.3
2022,Asia,Diesel,Rear-wheel drive,4,2240,6,258,4270,18.4,32.3
2014,Europe,Gasoline,Front-wheel drive,4,2280,6,255,4150,16.9,29.6
2009,Asia,Gasoline,Front-wheel drive,3,2180,6,248,4060,18.4,31.9
2012,Europe,Hybrid,Front-wheel drive,4,2500,6,260,4460,16.7,35.4
1984,Asia,Hybrid,Front-wheel drive,4,2070,6,232,3750,20.7,33.6
2011,USA,Hybrid,Front-wheel drive,4,2170,6,221,4120,19.4,37.1
2011,Asia,Diesel,Front-wheel drive,2,2120,6,230,4030,17.0,33.0
2022,USA,Gasoline,Front-wheel drive,5,2200,6,234,4140,17.5,32.3
2019,USA,Gasoline,Front-wheel drive,4,2170,6,245,4230,19.8,35.2
1994,Asia,Gasoline,Rear-wheel drive,3,2010,6,231,4050,16.9,32.8
2022,Europe,Gasoline,Front-wheel drive,4,2420,6,240,4320,18.8,31.6
1986,Asia,Gasoline,Front-wheel drive,2,2340,6,277,3910,19.0,30.6
1994,Asia,Gasoline,All-wheel drive,4,2320,6,261,4370,18.7,28.7
2015,USA,Gasoline,Front-wheel drive,3,1830,5,205,3870,19.3,31.0
1994,Asia,Hybrid,Front-wheel drive,5,2200,5,245,4370,16.0,31.3
2016,USA,Gasoline,All-wheel drive,4,2300,6,269,4530,19.5,27.6
1986,Asia,Gasoline,Front-wheel drive,4,2330,6,255,4120,19.9,29.2
2005,Europe,Gasoline,All-wheel drive,4,2380,6,277,4310,19.6,28.4
1985,USA,Diesel,Rear-wheel drive,2,2600,7,314,4580,18.7,28.0
2020,Asia,Gasoline,Front-wheel drive,4,2290,6,250,3930,18.2,31.0
2010,USA,Diesel,All-wheel drive,3,2490,7,302,4790,18.3,32.4
1982,Asia,Gasoline,Front-wheel drive,3,2430,7,282,4460,19.8,28.2
2024,USA,Gasoline,Front-wheel drive,2,2630,7,288,4550,18.4,30.1
2008,Asia,Gasoline,Front-wheel drive,5,2010,6,227,4080,18.9,28.8
1980,Europe,Gasoline,Front-wheel drive,3,2100,5,,3930,18.2,28.1
2007,Asia,Hybrid,All-wheel drive,5,2080,6,223,4400,17.8,35.6
2010,Asia,Gasoline,Front-wheel drive,4,2260,7,263,4130,18.4,32.7
1994,Asia,Hybrid,All-wheel drive,4,2470,7,278,4450,19.5,32.4
2005,USA,Gasoline,Rear-wheel drive,3,2520,6,290,4610,21.3,29.7
2015,Europe,Gasoline,Rear-wheel drive,2,2080,6,235,4060,18.9,33.7
2004,USA,Diesel,Front-wheel drive,4,2340,6,283,4520,16.4,30.2
2015,USA,Diesel,Front-wheel drive,3,2230,6,259,3980,17.4,34.6
1986,USA,Diesel,Front-wheel drive,5,2200,6,271,4390,18.7,29.4
1999,Europe,Diesel,Rear-wheel drive,4,2090,6,257,4180,19.9,34.7
2021,Asia,Gasoline,All-wheel drive,4,2690,7,289,4550,16.9,28.8
1978,USA,Gasoline,Front-wheel drive,3,2240,6,,4270,22.3,25.7
2017,Europe,Gasoline,Front-wheel drive,4,2190,6,232,4090,18.2,32.6
1982,Asia,Gasoline,Front-wheel drive,4,2250,6,,4090,18.2,29.6
2018,USA,Gasoline,Front-wheel drive,3,2170,7,267,4270,19.4,30.6
2020,Europe,Diesel,All-wheel drive,4,2230,6,254,4410,19.5,32.6
1976,USA,Gasoline,Front-wheel drive,3,2620,7,290,4450,18.4,25.3
2005,Europe,Hybrid,Front-wheel drive,4,2020,6,216,3640,20.5,35.8
2017,Asia,Diesel,Front-wheel drive,3,2450,7,282,4380,19.1,36.6
2018,USA,Gasoline,Rear-wheel drive,5,2470,6,294,4790,18.5,30.6
2022,Asia,Diesel,Front-wheel drive,4,1760,5,213,3500,18.1,34.4
2006,USA,Gasoline,Front-wheel drive,3,2210,7,266,4180,19.9,29.6
1996,Europe,Gasoline,Front-wheel drive,3,2180,5,223,3940,18.4,33.2
1987,USA,Hybrid,Front-wheel drive,4,2220,6,255,4090,17.8,33.1
1981,Europe,Diesel,Rear-wheel drive,4,2150,6,262,4130,19.2,29.4
2020,USA,Gasoline,Front-wheel drive,3,2130,5,250,3950,19.1,34.9
1979,Asia,Gasoline,Front-wheel drive,5,2490,7,276,4780,20.7,25.4
2017,Europe,Gasoline,Rear-wheel drive,4,2120,5,221,3940,20.9,31.7
1981,USA,Gasoline,Front-wheel drive,4,1840,5,254,3980,19.5,27.6
1977,USA,Diesel,Front-wheel drive,4,2360,6,,4390,20.0,27.0
1994,Asia,Gasoline,Rear-wheel drive,2,2490,7,264,4340,17.2,29.5
2015,USA,Gasoline,Front-wheel drive,2,2250,6,266,4550,18.5,29.2
2006,Asia,Gasoline,All-wheel drive,4,2290,6,255,4630,19.1,30.5
1994,USA,Gasoline,Front-wheel drive,3,2230,6,262,3740,18.1,27.5
2024,Asia,Gasoline,Front-wheel drive,3,2230,6,263,4070,16.1,32.7
1987,USA,Hybrid,Front-wheel drive,3,2480,6,275,4370,20.4,29.2
1998,Asia,Hybrid,Rear-wheel drive,5,2410,7,232,4770,23.8,32.8
1994,USA,Gasoline,Front-wheel drive,4,2260,6,247,4340,18.1,25.9
2021,USA,Gasoline,Front-wheel drive,3,2320,6,249,4030,18.8,31.2
1985,USA,Diesel,Front-wheel drive,2,2340,6,253,4220,18.2,28.6
1991,Asia,Gasoline,Front-wheel drive,3,2500,6,267,4350,20.3,27.4
2023,Europe,Gasoline,Front-wheel drive,3,2170,6,235,3980,17.2,32.6
2021,USA,Diesel,Rear-wheel drive,3,2680,7,318,4800,16.9,27.9
2013,Asia,Gasoline,Front-wheel drive,3,2300,6,248,4360,17.7,32.3
1997,Asia,Diesel,Rear-wheel drive,2,2220,7,266,4350,18.2,29.2
2022,USA,Diesel,Front-wheel drive,4,1960,5,245,3800,18.5,34.5
2011,Europe,Diesel,Front-wheel drive,5,2340,6,,4430,19.4,32.2
2017,Asia,Hybrid,Front-wheel drive,5,1900,5,,4380,19.0,36.9
1978,USA,Gasoline,Rear-wheel drive,4,2360,6,265,4790,21.1,24.5
2011,USA,Gasoline,Front-wheel drive,5,2400,6,256,4260,15.7,28.4
1981,USA,Hybrid,Rear-wheel drive,3,2220,6,259,4340,19.1,30.9
2019,Asia,Gasoline,Front-wheel drive,3,2390,6,238,4480,20.5,31.1
2004,USA,Gasoline,All-wheel drive,3,2130,6,239,4460,20.1,27.2
1979,USA,Gasoline,Front-wheel drive,4,2330,6,272,4090,17.8,28.6
1981,Europe,Gasoline,Rear-wheel drive,2,2410,7,,4370,18.5,25.4
1998,USA,Gasoline,Front-wheel drive,4,2320,6,253,4130,18.9,30.5
1975,USA,Diesel,All-wheel drive,4,2280,6,242,4510,22.0,25.0
1991,Asia,Gasoline,All-wheel drive,2,2480,7,268,4490,19.1,26.3
1985,USA,Gasoline,All-wheel drive,4,2450,7,291,4550,20.0,24.2
1982,Asia,Gasoline,Front-wheel drive,2,2550,7,274,4530,20.6,27.9
1997,USA,Gasoline,Front-wheel drive,2,2320,6,276,4480,17.6,28.8
1989,Asia,Gasoline,Rear-wheel drive,4,2610,7,288,4800,21.8,26.3
1981,Asia,Gasoline,Rear-wheel drive,3,2120,6,234,4270,20.7,27.5
1997,USA,Gasoline,All-wheel drive,5,2360,6,259,5060,20.0,26.1
1998,USA,Gasoline,All-wheel drive,5,2230,6,254,4630,19.4,27.5
2023,USA,Gasoline,Front-wheel drive,2,2540,6,285,4440,16.7,31.9
2011,Europe,Gasoline,Front-wheel drive,4,2070,5,226,3920,18.6,32.1
1979,Europe,Gasoline,Front-wheel drive,5,2100,6,,4230,19.9,31.3
2007,Asia,Gasoline,Rear-wheel drive,4,2330,6,258,4330,18.8,31.7
2004,USA,Hybrid,Front-wheel drive,3,2240,6,260,4150,18.1,32.8
1982,USA,Gasoline,Rear-wheel drive,4,2440,6,287,4540,19.1,25.8
1976,USA,Gasoline,Front-wheel drive,5,2420,6,,4860,18.0,28.1
1995,USA,Gasoline,Front-wheel drive,3,2230,6,253,4440,19.2,29.6
1982,Europe,Diesel,All-wheel drive,2,2220,6,252,4340,,26.9
2020,Asia,Gasoline,Front-wheel drive,5,2040,5,206,3820,15.9,36.0
2012,Asia,Gasoline,All-wheel drive,2,2090,5,217,3920,20.9,30.9
2001,Asia,Gasoline,Front-wheel drive,3,2180,6,237,3930,18.3,34.1
2006,Asia,Diesel,Front-wheel drive,4,2250,6,250,4040,20.2,35.5
1994,Europe,Gasoline,Front-wheel drive,3,2060,6,215,3990,18.4,30.8
2008,Europe,Gasoline,Front-wheel drive,3,2170,6,238,3950,18.0,31.9
1990,USA,Gasoline,Front-wheel drive,4,2470,6,276,4390,19.9,30.7
1996,Europe,Gasoline,Front-wheel drive,3,2090,5,220,3840,18.0,33.3
2020,USA,Gasoline,Rear-wheel drive,5,2080,6,257,4420,18.2,29.0
2012,Asia,Gasoline,Front-wheel drive,5,2090,5,241,4180,19.2,33.9
1994,USA,Diesel,Rear-wheel drive,3,2320,6,256,4450,19.3,31.2
1976,Asia,Gasoline,Front-wheel drive,4,2260,6,,4210,18.6,27.0
2008,USA,Gasoline,Front-wheel drive,3,2020,6,244,3960,20.2,32.7
2012,Europe,Gasoline,Front-wheel drive,5,2270,6,263,4310,17.9,33.7
2007,Europe,Diesel,Rear-wheel drive,2,2040,5,231,4050,20.5,34.1
2020,USA,Diesel,Front-wheel drive,3,1960,5,245,3940,18.8,33.0
1982,Asia,Gasoline,Front-wheel drive,3,2410,6,,4290,21.6,28.2
1985,Asia,Gasoline,Rear-wheel drive,2,2240,6,253,3960,20.1,29.5
1977,Europe,Gasoline,Rear-wheel drive,2,2320,6,276,4280,17.2,27.4
1981,USA,Gasoline,Front-wheel drive,2,2350,6,,4490,20.1,27.4
2010,Europe,Gasoline,All-wheel drive,5,2340,6,250,4540,17.7,28.5
1991,Europe,Diesel,Front-wheel drive,4,2240,6,251,4340,20.1,30.6
2012,Europe,Gasoline,Rear-wheel drive,3,2340,6,252,4470,19.4,33.6
2013,USA,Gasoline,Rear-wheel drive,4,2280,6,272,4370,19.5,28.6
2004,Asia,Gasoline,Front-wheel drive,5,2230,6,243,3870,19.7,30.2
2003,Asia,Hybrid,Rear-wheel drive,5,2470,7,255,4730,19.0,32.5
1980,USA,Gasoline,Front-wheel drive,3,2030,5,225,3910,18.5,30.7
1975,Asia,Diesel,Front-wheel drive,4,2440,7,,4310,16.9,30.8
2004,Asia,Gasoline,Front-wheel drive,2,2160,6,241,4020,17.9,29.3
1997,USA,Gasoline,All-wheel drive,2,2180,6,239,4320,19.5,25.2
1979,USA,Gasoline,Front-wheel drive,5,2350,6,266,4300,18.1,26.5
2000,Europe,Gasoline,Front-wheel drive,4,2570,6,278,4340,16.7,29.6
2003,Europe,Diesel,Rear-wheel drive,3,2300,6,263,4340,,31.3
1976,Europe,Hybrid,Front-wheel drive,4,2260,6,,4160,17.8,30.7
1975,USA,Gasoline,Rear-wheel drive,5,2280,6,274,4360,18.4,27.8
2019,Europe,Gasoline,Rear-wheel drive,4,2250,6,277,4110,16.6,30.1
1979,Europe,Diesel,Front-wheel drive,4,1940,5,221,4140,20.0,30.2
2006,USA,Gasoline,All-wheel drive,4,2480,6,286,4960,20.5,26.0
1991,Europe,Gasoline,Front-wheel drive,3,1740,5,184,3370,18.4,32.0
1979,Asia,Gasoline,Front-wheel drive,3,2670,7,,4620,16.9,25.2
2023,Europe,Gasoline,Front-wheel drive,4,2210,6,246,4080,16.0,32.3
1983,Asia,Gasoline,Front-wheel drive,3,2180,5,233,3890,19.3,27.6
2024,USA,Diesel,Rear-wheel drive,2,2310,6,,4280,18.8,31.8
2008,Europe,Gasoline,Front-wheel drive,2,2560,7,276,4410,17.9,30.8
1978,Europe,Gasoline,Rear-wheel drive,5,2100,6,,4330,19.1,26.9
2018,USA,Gasoline,Rear-wheel drive,2,2380,6,268,4750,20.0,29.9
2020,USA,Diesel,Front-wheel drive,4,2340,6,280,4260,17.0,30.8
2012,Europe,Gasoline,All-wheel drive,5,2280,6,242,4370,18.6,30.5
1980,Asia,Gasoline,All-wheel drive,5,2410,6,,4460,20.2,26.2
1979,USA,Diesel,Front-wheel drive,3,2450,7,,4600,17.1,28.6
1995,Europe,Gasoline,Front-wheel drive,4,2330,6,245,4190,17.6,28.4
2004,Europe,Gasoline,Front-wheel drive,4,2430,6,254,4340,16.7,30.5
2024,USA,Diesel,Front-wheel drive,5,2350,7,270,4170,17.0,32.3
2008,Europe,Gasoline,Rear-wheel drive,2,2420,6,254,4070,,29.7
1991,USA,Gasoline,Front-wheel drive,5,2500,6,274,4590,17.2,26.2
1990,USA,Gasoline,Front-wheel drive,3,2380,6,272,4360,18.2,24.3
2018,USA,Gasoline,All-wheel drive,3,2330,6,258,4510,18.1,28.7
2005,USA,Hybrid,All-wheel drive,2,1900,5,237,4000,19.2,36.1
2012,Europe,Gasoline,Front-wheel drive,3,2120,6,229,3980,18.4,31.5
1982,Europe,Gasoline,Front-wheel drive,3,2390,7,254,4210,20.8,30.2
2021,Asia,Gasoline,All-wheel drive,5,2140,5,235,4050,18.4,31.3
1982,USA,Diesel,Rear-wheel drive,4,2700,7,312,4710,17.7,27.0
2023,Europe,Diesel,Rear-wheel drive,4,2330,6,281,4640,19.9,36.3
2014,USA,Gasoline,Front-wheel drive,5,2280,6,263,4530,18.7,30.7
1999,Asia,Diesel,All-wheel drive,3,2630,7,299,4670,20.1,27.6
2003,Asia,Gasoline,Front-wheel drive,4,2100,6,231,4120,17.6,31.6
2014,USA,Gasoline,Front-wheel drive,4,2500,6,269,4650,20.1,28.2
2020,Asia,Gasoline,Rear-wheel drive,3,2290,6,254,4170,18.4,34.8
1981,USA,Diesel,Front-wheel drive,4,2400,6,287,4220,18.9,26.1
1989,USA,Gasoline,Front-wheel drive,4,2390,7,302,4240,19.3,25.1
2012,USA,Diesel,Front-wheel drive,5,2130,6,267,4150,19.0,31.8
1984,Europe,Gasoline,Front-wheel drive,2,1900,5,192,3730,18.4,28.3
2012,USA,Hybrid,Front-wheel drive,4,2400,7,288,4350,17.9,32.5
1985,USA,Gasoline,Front-wheel drive,4,2210,6,,4150,20.1,27.8
2018,USA,Diesel,Front-wheel drive,2,2390,6,300,4470,20.0,33.0
2000,USA,Gasoline,All-wheel drive,3,2460,6,271,4740,18.0,25.1
1997,Europe,Diesel,Rear-wheel drive,2,2190,6,261,4200,16.6,32.1
2018,Europe,Diesel,All-wheel drive,2,2200,6,240,4370,19.0,31.2
2019,Asia,Gasoline,Rear-wheel drive,4,2350,7,256,4400,17.5,29.6
1995,USA,Gasoline,Front-wheel drive,2,2390,6,273,4240,18.4,30.2
2002,Asia,Gasoline,Front-wheel drive,4,1940,6,230,3840,17.0,31.0
2013,Europe,Gasoline,All-wheel drive,2,2120,5,215,4160,17.5,29.1
2000,USA,Gasoline,Rear-wheel drive,3,2190,6,252,4010,18.5,30.7
1976,Asia,Gasoline,Rear-wheel drive,3,2230,6,217,4370,19.5,25.0
1998,USA,Gasoline,Front-wheel drive,3,2380,6,290,4490,18.0,28.1
1992,USA,Gasoline,Front-wheel drive,5,2410,7,282,4880,19.3,24.3
2016,USA,Gasoline,Front-wheel drive,5,2100,6,234,4030,20.0,30.4
2013,Asia,Gasoline,Front-wheel drive,5,2380,6,277,4190,17.7,30.7
2010,Europe,Hybrid,Rear-wheel drive,4,2470,6,255,4680,18.6,33.9
1978,Asia,Gasoline,Front-wheel drive,4,2220,6,220,4040,19.3,26.4
2004,USA,Diesel,Rear-wheel drive,4,2210,6,262,4460,19.1,33.2
1995,Asia,Gasoline,All-wheel drive,3,2280,6,256,4300,18.1,25.7
2008,USA,Gasoline,All-wheel drive,5,2430,7,297,4770,16.3,29.4
2005,USA,Diesel,Front-wheel drive,3,2490,7,296,4400,19.3,30.5
1983,USA,Diesel,Front-wheel drive,4,2290,6,258,4190,18.2,28.3
1991,USA,Diesel,Front-wheel drive,4,2250,6,273,4130,19.6,28.0
1980,USA,Gasoline,Front-wheel drive,5,2120,6,,4280,19.4,28.1
1996,Europe,Gasoline,Front-wheel drive,5,1970,5,206,4030,,27.4
2010,Asia,Gasoline,Front-wheel drive,5,2370,7,249,4490,20.1,32.4
2011,USA,Gasoline,Front-wheel drive,5,2180,6,251,4110,18.2,33.8
2001,USA,Diesel,Rear-wheel drive,3,2470,6,282,4490,18.5,28.4
1990,Europe,Diesel,All-wheel drive,2,2120,6,233,4140,20.7,33.9
2015,USA,Gasoline,Rear-wheel drive,3,2600,6,282,4670,20.2,28.8
2002,Europe,Diesel,Front-wheel drive,3,2080,6,231,3910,18.6,30.9
1994,Asia,Diesel,Front-wheel drive,3,2190,5,259,4140,20.4,30.4
2007,Europe,Hybrid,Front-wheel drive,2,2310,6,255,4120,18.5,34.7
1984,USA,Gasoline,Front-wheel drive,5,2360,6,272,4190,17.0,27.7
2016,USA,Gasoline,All-wheel drive,4,2430,6,269,4530,19.0,27.8
2008,Asia,Gasoline,Front-wheel drive,4,2360,6,243,4130,18.6,31.2
2010,Europe,Gasoline,Front-wheel drive,3,2100,6,229,3810,18.2,33.7
1984,USA,Hybrid,Rear-wheel drive,4,2070,5,,3910,19.8,31.7
1989,Europe,Hybrid,Front-wheel drive,4,2170,6,227,4180,19.5,30.5
2007,Europe,Gasoline,Front-wheel drive,5,2040,6,230,3830,,31.9
1980,Europe,Gasoline,Rear-wheel drive,4,2650,7,,4520,18.9,24.4
2014,USA,Gasoline,Rear-wheel drive,3,2140,6,232,4450,18.9,30.6
1979,USA,Diesel,Front-wheel drive,5,2030,6,234,4370,19.7,32.5
1996,Asia,Gasoline,Rear-wheel drive,4,1790,5,191,4000,19.2,31.8
1992,Europe,Gasoline,Front-wheel drive,3,2280,6,264,4320,18.7,29.1
1989,USA,Diesel,All-wheel drive,2,2270,6,288,4540,19.2,27.4
1979,USA,Diesel,All-wheel drive,5,2330,6,,4600,19.3,27.1
2005,Asia,Gasoline,Front-wheel drive,4,2130,6,231,4210,19.0,31.4
1983,USA,Diesel,Front-wheel drive,4,1880,5,,4040,18.6,30.7
1978,Asia,Gasoline,Rear-wheel drive,5,2330,6,256,4580,21.2,28.7
2011,USA,Gasoline,Front-wheel drive,4,2110,6,246,4070,17.3,30.9
1990,Asia,Gasoline,Front-wheel drive,3,2510,6,259,4500,21.3,25.9
2005,USA,Gasoline,Front-wheel drive,4,1890,5,238,3980,18.8,31.0
2001,Europe,Gasoline,Front-wheel drive,5,2130,6,230,4220,18.1,30.8
2016,Europe,Hybrid,Front-wheel drive,4,2320,6,270,4400,19.1,36.4
1988,USA,Diesel,Front-wheel drive,3,2000,5,247,4110,20.6,28.8
1994,Europe,Diesel,Front-wheel drive,3,2180,6,224,4320,,31.4
2021,Asia,Gasoline,Front-wheel drive,4,2370,6,248,4440,18.7,30.4
2007,Asia,Diesel,Front-wheel drive,3,2620,6,294,4470,17.3,30.0
1975,Europe,Gasoline,Front-wheel drive,3,2250,6,258,4010,20.5,31.2
2008,USA,Gasoline,Front-wheel drive,3,2580,6,271,4410,18.2,29.5
1997,Europe,Gasoline,Front-wheel drive,2,2450,6,268,4200,17.4,31.9
2005,USA,Gasoline,All-wheel drive,3,2270,6,267,4480,20.5,26.2
1978,Asia,Hybrid,Front-wheel drive,3,2370,6,229,4010,17.8,33.4
1977,Europe,Diesel,Front-wheel drive,5,2130,6,245,4190,18.4,29.6
2005,Asia,Gasoline,Rear-wheel drive,4,2320,6,244,4430,18.9,29.1
1996,Asia,Gasoline,Rear-wheel drive,3,2400,6,244,4220,18.0,28.2
2004,USA,Gasoline,Front-wheel drive,5,1980,6,253,4330,20.1,28.6
2014,USA,Gasoline,Front-wheel drive,4,2340,6,,4090,18.6,26.6
1987,Europe,Diesel,Front-wheel drive,5,2210,6,258,4560,18.4,29.6
2023,USA,Diesel,Front-wheel drive,4,2380,6,277,4400,18.1,31.8
1981,Europe,Gasoline,Front-wheel drive,5,2230,6,218,4190,20.9,26.9
1978,Asia,Gasoline,Front-wheel drive,2,2230,6,,3970,18.8,27.4
1984,Asia,Gasoline,Rear-wheel drive,3,1910,5,206,3950,17.3,29.6
2016,USA,Gasoline,Front-wheel drive,3,2280,6,294,4140,16.9,30.1
1981,USA,Gasoline,Rear-wheel drive,4,2280,6,251,4370,18.9,25.3
1996,Asia,Gasoline,Front-wheel drive,4,1910,6,237,4100,19.4,31.9
2020,USA,Gasoline,Front-wheel drive,2,2360,6,256,4220,17.8,30.0
2020,Europe,Gasoline,Rear-wheel drive,4,1960,5,206,3910,18.2,33.2
1997,Asia,Gasoline,Rear-wheel drive,4,2380,6,246,4460,17.9,30.0
2019,USA,Diesel,Front-wheel drive,2,2280,6,266,4100,15.7,31.6
2019,Asia,Diesel,Front-wheel drive,4,2170,6,250,4250,16.2,36.8
2007,Asia,Gasoline,Front-wheel drive,4,2430,6,273,4080,18.0,28.0
2018,Europe,Gasoline,Front-wheel drive,3,2290,6,276,4030,17.4,31.0
2008,Asia,Gasoline,Front-wheel drive,3,1960,5,249,3900,17.2,32.9
2010,Asia,Gasoline,Rear-wheel drive,3,1720,5,201,3740,18.7,32.3
2008,Europe,Diesel,All-wheel drive,5,2380,6,284,4560,18.5,32.0
1980,Asia,Gasoline,Front-wheel drive,4,2260,6,245,4010,18.2,30.9
1996,Asia,Gasoline,All-wheel drive,4,2120,5,238,4370,21.4,31.6
2024,USA,Gasoline,Front-wheel drive,2,2270,6,240,4430,18.7,31.4
1980,USA,Diesel,All-wheel drive,5,2560,7,295,5100,20.7,24.1
2017,Asia,Gasoline,All-wheel drive,4,2300,6,236,4330,16.8,30.2
2021,Asia,Gasoline,Rear-wheel drive,4,2350,6,251,4570,17.4,30.8
1986,Asia,Diesel,Front-wheel drive,4,2330,6,259,4160,18.5,28.1
1981,USA,Gasoline,Rear-wheel drive,3,2200,6,234,4330,20.7,25.4
2009,USA,Gasoline,Front-wheel drive,4,1810,5,218,3800,17.2,29.3
1994,Asia,Gasoline,Front-wheel drive,2,2150,6,231,3640,20.2,28.1
1999,USA,Gasoline,Front-wheel drive,5,2130,5,221,4340,20.3,26.1
2007,USA,Hybrid,Front-wheel drive,2,2070,5,241,3870,19.3,35.3
1997,USA,Gasoline,Front-wheel drive,3,2330,6,260,4300,17.5,26.2
2015,USA,Gasoline,Rear-wheel drive,2,2260,6,256,4270,19.4,29.7
2008,Europe,Gasoline,Front-wheel drive,4,2200,6,221,4340,19.4,31.9
1994,Asia,Gasoline,Front-wheel drive,5,2250,6,246,3940,19.5,30.8
1976,Europe,Gasoline,Front-wheel drive,4,2420,6,257,4260,20.2,23.9
2003,Europe,Gasoline,Rear-wheel drive,5,2290,6,258,4350,18.5,29.3
2011,Asia,Gasoline,Rear-wheel drive,3,2460,6,253,4510,19.8,30.8
2012,Europe,Gasoline,Front-wheel drive,3,2520,6,267,4280,,30.0
2000,Europe,Hybrid,Rear-wheel drive,2,2270,6,245,4550,18.8,33.5
1996,Asia,Gasoline,All-wheel drive,3,2060,6,211,4200,20.6,29.6
1987,Asia,Gasoline,Front-wheel drive,3,2160,6,,4310,18.7,33.1
1984,USA,Diesel,Front-wheel drive,4,2360,6,304,4270,20.6,27.2
1978,Europe,Diesel,Front-wheel drive,3,2220,6,264,3810,18.0,30.9
1990,Asia,Gasoline,Rear-wheel drive,3,2320,6,238,4190,19.3,28.2
2002,Asia,Gasoline,All-wheel drive,4,2490,6,283,4590,18.1,25.8
1988,Asia,Gasoline,Front-wheel drive,2,2200,6,240,4220,17.1,29.1
1993,Asia,Gasoline,All-wheel drive,4,2210,6,229,4220,20.2,32.4
1998,Europe,Gasoline,Rear-wheel drive,4,2230,6,212,4340,19.9,27.8
1986,USA,Gasoline,Front-wheel drive,2,2340,6,253,4210,18.1,26.8
1976,USA,Gasoline,Front-wheel drive,3,2240,6,249,4110,20.2,27.2
1986,Asia,Diesel,All-wheel drive,4,1960,5,243,4010,16.8,30.3
1987,USA,Gasoline,Rear-wheel drive,3,2320,6,260,4180,19.1,28.6
2019,USA,Gasoline,All-wheel drive,3,2230,6,273,4420,19.9,30.8
2014,USA,Hybrid,Front-wheel drive,3,2280,6,261,4090,17.0,37.1
1985,Asia,Gasoline,Front-wheel drive,3,2290,6,228,4210,18.7,27.4
1983,USA,Gasoline,Front-wheel drive,5,2270,6,250,4490,18.6,26.2
1993,Europe,Hybrid,Front-wheel drive,3,2470,6,262,4390,18.0,31.9
1984,Europe,Gasoline,Front-wheel drive,2,2300,6,,4240,18.1,25.1
2004,USA,Gasoline,Front-wheel drive,5,2430,6,287,4300,19.1,28.8
1994,USA,Gasoline,Rear-wheel drive,4,2150,6,259,4480,17.7,25.8
1995,Asia,Gasoline,Front-wheel drive,4,2320,6,275,4080,18.8,27.8
2011,USA,Gasoline,Front-wheel drive,2,2410,6,285,4150,17.8,30.1
2005,Asia,Gasoline,Front-wheel drive,3,2260,6,251,4040,17.4,29.1
2005,Europe,Diesel,Front-wheel drive,3,2500,6,281,4320,19.3,31.0
2014,Asia,Gasoline,Front-wheel drive,4,2050,6,214,3770,19.4,34.2
1983,USA,Gasoline,Front-wheel drive,4,2390,6,,4140,17.4,25.2
1989,USA,Gasoline,All-wheel drive,5,2340,7,294,4790,18.8,27.3
1984,Asia,Hybrid,Front-wheel drive,5,2210,6,251,4290,19.6,33.6
2002,USA,Gasoline,Front-wheel drive,2,2270,7,256,4070,17.2,31.1
2003,Asia,Gasoline,Front-wheel drive,4,2230,6,249,4250,18.5,32.8
2016,Europe,Gasoline,Front-wheel drive,3,2160,6,234,3720,18.3,32.3
1987,Europe,Gasoline,Front-wheel drive,3,2120,6,213,4180,19.5,27.7
1987,USA,Diesel,All-wheel drive,4,2320,6,290,4630,19.2,27.7
1999,USA,Diesel,Rear-wheel drive,4,2380,6,271,4740,20.0,28.2
2021,USA,Gasoline,Rear-wheel drive,4,2320,6,265,4510,18.1,31.3
1976,USA,Diesel,Front-wheel drive,3,2390,6,,4370,21.2,28.6
1993,Europe,Gasoline,Front-wheel drive,5,2330,6,258,4270,19.8,29.1
1993,Europe,Gasoline,Rear-wheel drive,4,2250,6,232,4370,19.8,26.9
1982,Asia,Gasoline,Front-wheel drive,3,2080,6,,4100,18.3,32.8
2012,USA,Gasoline,Front-wheel drive,3,2110,6,241,3920,20.1,31.7
2009,USA,Gasoline,Rear-wheel drive,3,2410,7,273,4650,17.8,28.9
2011,Europe,Gasoline,Front-wheel drive,5,2330,6,251,4160,18.2,31.0
1986,USA,Diesel,Front-wheel drive,2,2310,7,307,4170,19.3,28.1
1996,Europe,Hybrid,Front-wheel drive,4,2460,7,254,4490,,34.1
1999,Europe,Diesel,All-wheel drive,4,2010,5,238,4230,20.2,29.5
2006,Asia,Gasoline,All-wheel drive,2,2120,6,229,4200,20.6,31.1
1997,Asia,Gasoline,All-wheel drive,4,2420,6,251,4540,19.6,25.7
1991,Europe,Gasoline,All-wheel drive,2,2310,7,269,4750,,28.3
1983,Asia,Gasoline,Front-wheel drive,4,2270,6,236,4140,19.4,29.6
2023,Asia,Gasoline,All-wheel drive,3,2320,6,257,4240,16.9,27.9
1989,Asia,Diesel,Front-wheel drive,3,1840,5,211,3620,20.7,31.8
1976,Europe,Gasoline,Rear-wheel drive,3,2220,7,260,4320,21.4,26.5
2022,USA,Diesel,All-wheel drive,4,1910,6,244,4330,17.5,31.3
1980,USA,Diesel,Front-wheel drive,3,2470,6,283,4590,18.1,27.7
1979,Europe,Gasoline,Front-wheel drive,3,2040,5,,3890,18.1,29.6
2013,USA,Gasoline,Rear-wheel drive,3,2440,6,286,4500,17.5,26.3
1984,USA,Gasoline,All-wheel drive,4,2280,6,263,4690,18.8,24.7
2009,Europe,Hybrid,Rear-wheel drive,4,2370,6,252,4630,20.8,31.4
2021,USA,Gasoline,Front-wheel drive,3,1890,5,226,3880,19.8,29.6
2009,USA,Diesel,Front-wheel drive,4,2270,6,285,4290,16.6,30.3
1991,Asia,Gasoline,All-wheel drive,3,1960,5,214,3890,16.7,28.0
1987,USA,Gasoline,Front-wheel drive,4,2130,5,249,4310,19.2,28.3
1994,Asia,Gasoline,Front-wheel drive,4,2330,6,238,4300,18.3,29.0
1975,Asia,Gasoline,Front-wheel drive,4,2430,7,,4350,20.6,25.8
1976,USA,Gasoline,All-wheel drive,2,2190,6,257,4500,20.0,21.6
2000,Europe,Gasoline,All-wheel drive,5,2440,6,257,4730,20.6,26.9
1998,Asia,Hybrid,Rear-wheel drive,3,2270,6,266,4240,19.8,38.3
1994,Asia,Gasoline,Front-wheel drive,5,2390,6,257,4370,18.3,31.9
1989,USA,Gasoline,All-wheel drive,2,2440,7,279,4440,20.6,26.6
1988,Asia,Diesel,Front-wheel drive,3,2180,5,237,4030,20.8,33.8
2016,Asia,Gasoline,Rear-wheel drive,3,2440,6,255,4380,19.0,29.5
2015,Asia,Gasoline,Front-wheel drive,3,1800,5,216,3720,20.2,32.2
1986,USA,Diesel,All-wheel drive,4,2470,6,280,4420,19.7,24.8
1986,USA,Diesel,Front-wheel drive,3,2140,5,257,4290,18.7,28.4
2019,USA,Diesel,All-wheel drive,4,2020,6,235,4360,18.9,30.8
2021,Europe,Hybrid,Rear-wheel drive,5,2240,6,262,4390,17.6,35.0
2021,USA,Diesel,Front-wheel drive,3,2290,6,299,4150,17.1,34.4
1982,Asia,Diesel,Front-wheel drive,2,2200,6,240,4180,19.3,28.3
1999,USA,Gasoline,Front-wheel drive,4,2290,6,261,4250,19.2,31.1
2009,USA,Gasoline,Front-wheel drive,4,2190,6,253,4370,18.0,32.2
2012,USA,Gasoline,Front-wheel drive,4,2280,7,270,4130,19.0,29.6
2001,Europe,Gasoline,All-wheel drive,4,2190,6,229,4590,21.6,27.7
2022,Europe,Gasoline,Front-wheel drive,3,2280,6,239,4190,17.2,30.7
1977,Europe,Gasoline,All-wheel drive,3,1950,6,202,3750,18.9,29.5
1978,Europe,Gasoline,Rear-wheel drive,3,2530,7,263,4760,18.9,23.7
2010,USA,Diesel,Front-wheel drive,4,2370,7,281,4180,20.1,28.8
2008,Asia,Gasoline,Front-wheel drive,2,2220,6,265,4000,19.4,30.7
2019,USA,Gasoline,Front-wheel drive,5,1840,6,227,4040,17.3,30.1
1981,USA,Diesel,Rear-wheel drive,4,2570,7,287,4750,20.2,24.8
2010,Europe,Gasoline,Front-wheel drive,5,1770,5,203,3870,19.5,34.2
1982,USA,Diesel,Front-wheel drive,3,2490,7,,4500,19.3,29.6
2005,Asia,Diesel,All-wheel drive,5,2200,6,235,4270,23.0,28.8
1990,Asia,Gasoline,All-wheel drive,4,2160,6,215,4340,18.2,28.1
1996,Asia,Gasoline,Front-wheel drive,2,2110,5,226,3910,17.9,30.2
2017,Asia,Diesel,Front-wheel drive,2,2010,5,233,3820,16.9,34.5
2021,Asia,Hybrid,Front-wheel drive,2,2390,6,255,4230,20.5,38.4
2019,Europe,Hybrid,Rear-wheel drive,3,2150,6,229,4110,,38.2
1988,USA,Gasoline,Front-wheel drive,3,2090,6,268,3960,17.5,26.1
2010,USA,Gasoline,Front-wheel drive,5,2370,6,265,4290,16.5,32.1
2024,Asia,Gasoline,Front-wheel drive,3,2390,6,269,4020,18.4,32.3
2013,USA,Gasoline,Front-wheel drive,3,2350,7,283,4410,16.9,27.8
2021,Europe,Gasoline,Front-wheel drive,4,2310,6,249,3940,18.3,32.9
1979,Europe,Gasoline,Front-wheel drive,4,2280,6,248,4010,15.5,27.8
2001,Asia,Diesel,Rear-wheel drive,3,2080,6,237,3940,18.4,30.4
2004,USA,Hybrid,Front-wheel drive,5,2060,6,218,3910,20.4,35.4
2014,USA,Gasoline,Front-wheel drive,3,2330,6,250,4160,18.2,31.2
2019,USA,Gasoline,Front-wheel drive,3,2380,6,263,4310,19.4,32.4
2014,USA,Gasoline,Front-wheel drive,4,2430,7,253,4660,19.2,32.8
1977,Europe,Diesel,All-wheel drive,3,2400,6,269,4550,19.9,26.1
2007,Asia,Gasoline,Rear-wheel drive,3,2240,6,248,4130,18.7,29.4
2012,Europe,Gasoline,All-wheel drive,3,2190,6,252,4360,20.6,30.0
1984,Asia,Gasoline,All-wheel drive,2,2300,6,258,4190,19.4,27.0
2017,USA,Gasoline,Front-wheel drive,4,2540,6,267,4330,17.3,30.6
2011,USA,Gasoline,Front-wheel drive,5,2010,6,238,4090,19.2,32.9
2003,Asia,Gasoline,Front-wheel drive,3,2190,6,239,4220,19.1,30.4
2014,Europe,Gasoline,Front-wheel drive,4,2470,7,264,4340,20.4,30.6
1988,Europe,Diesel,Front-wheel drive,4,2200,6,245,4150,19.0,31.6
1983,Europe,Gasoline,All-wheel drive,3,2430,6,,4540,21.5,24.0
1993,Europe,Gasoline,Front-wheel drive,4,2040,5,232,3950,19.8,29.6
2014,USA,Diesel,Front-wheel drive,3,2290,6,280,3980,16.9,31.1
2006,USA,Gasoline,Front-wheel drive,4,2260,6,236,4100,17.4,31.6
1993,USA,Hybrid,Front-wheel drive,3,2000,6,245,4050,18.2,33.6
2007,Asia,Gasoline,Front-wheel drive,4,2390,6,256,4260,19.6,28.5
1984,Asia,Gasoline,Rear-wheel drive,3,2400,6,,4470,19.1,28.3
1990,USA,Hybrid,Rear-wheel drive,4,2410,7,292,4860,19.6,29.1
1993,USA,Diesel,Front-wheel drive,3,2610,7,301,4800,20.2,27.7
1981,Europe,Gasoline,All-wheel drive,2,2550,7,,4770,19.1,22.9
1982,Europe,Gasoline,Front-wheel drive,4,2320,6,,4030,20.1,27.5
1977,Europe,Gasoline,Front-wheel drive,2,2170,6,,3920,,30.9
1991,USA,Hybrid,Front-wheel drive,3,2300,7,274,4510,20.7,33.3
2005,USA,Gasoline,Front-wheel drive,4,2090,5,209,4020,18.3,29.7
1992,USA,Gasoline,Rear-wheel drive,3,2180,6,250,4440,17.6,28.8
1998,USA,Hybrid,Rear-wheel drive,5,2130,6,247,4180,16.5,32.7
2020,Europe,Gasoline,Rear-wheel drive,4,2620,7,273,4820,18.7,30.2
1983,USA,Gasoline,Front-wheel drive,4,2170,6,245,4180,19.4,27.6
2021,Asia,Gasoline,Rear-wheel drive,4,2190,6,249,4230,19.4,32.4
1985,USA,Gasoline,Front-wheel drive,3,2220,6,266,4420,18.6,28.2
2011,USA,Gasoline,Front-wheel drive,3,2330,6,268,4320,19.3,31.7
2007,USA,Gasoline,Front-wheel drive,3,2750,7,299,4910,19.5,30.0
2008,USA,Hybrid,Front-wheel drive,5,2210,6,255,4380,18.6,33.2
2000,USA,Gasoline,Front-wheel drive,5,2510,7,288,4600,18.7,28.5
2023,USA,Gasoline,Rear-wheel drive,5,2590,7,286,4750,19.7,28.9
2011,Asia,Diesel,Front-wheel drive,5,2280,6,263,4200,18.3,32.6
2010,USA,Gasoline,Front-wheel drive,3,2630,6,297,4670,18.8,26.8
2000,USA,Diesel,Front-wheel drive,3,2480,6,289,4330,19.9,30.2
2012,Asia,Gasoline,Front-wheel drive,3,2510,6,271,4440,19.1,30.7
2021,Europe,Diesel,Rear-wheel drive,5,2010,6,230,4370,19.7,34.4
1997,USA,Gasoline,Rear-wheel drive,2,2180,6,261,3850,16.3,27.2
2006,USA,Diesel,Rear-wheel drive,3,2310,6,305,4400,16.4,27.2
1978,Asia,Gasoline,Front-wheel drive,5,2600,7,255,4450,18.8,26.2
2011,Asia,Gasoline,Front-wheel drive,3,2240,6,243,4210,16.1,27.3
2007,USA,Gasoline,Rear-wheel drive,4,1920,5,219,4140,19.4,32.9
2002,USA,Gasoline,Rear-wheel drive,2,2320,6,252,4120,17.9,29.2
1989,Asia,Diesel,Front-wheel drive,4,2300,6,258,4270,20.0,31.3
1980,Asia,Gasoline,All-wheel drive,4,2300,6,,4500,18.4,25.3
2009,USA,Gasoline,Rear-wheel drive,3,2290,6,261,4700,17.0,30.6
2007,Europe,Gasoline,All-wheel drive,4,2450,7,298,4800,19.3,26.9
1978,USA,Gasoline,Rear-wheel drive,3,2060,5,232,4170,21.5,25.2
2005,Europe,Diesel,Front-wheel drive,3,2590,7,288,4510,19.0,33.7
2023,Asia,Gasoline,Rear-wheel drive,4,2530,7,282,4660,18.1,28.5
1990,USA,Gasoline,Front-wheel drive,2,2220,6,241,4270,19.3,25.4
2009,Asia,Gasoline,Rear-wheel drive,3,2180,6,249,4270,18.9,28.9
2018,Asia,Diesel,Rear-wheel drive,3,2370,6,268,4480,18.6,29.3
2010,Europe,Gasoline,All-wheel drive,3,2310,6,248,4610,20.0,29.4
2019,Asia,Gasoline,Front-wheel drive,5,2160,6,238,4140,18.1,36.9
1998,Europe,Gasoline,Front-wheel drive,3,2260,6,239,4440,17.7,31.0
2010,Europe,Diesel,Rear-wheel drive,3,2170,5,246,4230,20.1,32.2
1976,Europe,Gasoline,Front-wheel drive,5,1860,5,191,3770,18.0,33.0
1975,Asia,Diesel,All-wheel drive,3,2340,6,,4430,18.5,29.3
2020,USA,Gasoline,Front-wheel drive,4,2200,6,244,4040,14.5,30.7
2003,Europe,Diesel,Rear-wheel drive,4,2380,6,254,4510,21.5,30.3
2021,Asia,Gasoline,Front-wheel drive,3,2460,6,271,4080,17.7,31.3
2019,Asia,Gasoline,Front-wheel drive,5,2190,6,260,4220,18.7,34.0
2015,Europe,Diesel,Front-wheel drive,4,2350,6,275,4160,18.2,31.1
2023,Europe,Hybrid,Rear-wheel drive,2,2240,6,239,4180,,34.9
1999,Europe,Diesel,Rear-wheel drive,5,2560,6,269,4440,18.5,32.4
2009,Europe,Gasoline,All-wheel drive,5,2120,6,235,4260,19.7,31.8
1984,Asia,Diesel,All-wheel drive,3,2390,6,276,4690,17.6,31.5
2002,Europe,Gasoline,Front-wheel drive,3,2370,6,273,4390,18.0,30.4
1993,USA,Gasoline,Rear-wheel drive,4,2340,6,278,4580,20.5,26.0
1997,Europe,Gasoline,Front-wheel drive,5,2360,6,256,4280,19.2,30.6
1988,Asia,Gasoline,Front-wheel drive,3,2560,7,282,4450,19.2,29.0
2019,Asia,Diesel,All-wheel drive,2,2300,6,256,4370,19.0,32.9
1993,USA,Diesel,Front-wheel drive,4,2320,6,263,4460,20.0,28.9
1980,Europe,Diesel,All-wheel drive,4,2480,7,,4850,20.4,22.6
2003,Europe,Gasoline,All-wheel drive,3,2750,7,298,4900,19.2,27.9
1982,USA,Gasoline,Front-wheel drive,3,2310,6,276,4270,20.5,26.8
2003,Europe,Gasoline,Rear-wheel drive,3,2130,6,240,4190,18.7,33.8
1997,Europe,Gasoline,Front-wheel drive,4,2090,6,222,4110,17.2,28.4
1984,USA,Diesel,Rear-wheel drive,3,2370,6,,4270,19.1,28.9
2020,Asia,Gasoline,Rear-wheel drive,3,2050,5,217,4170,19.7,34.2
2010,Asia,Gasoline,Rear-wheel drive,5,1860,5,211,4110,19.8,31.3
2000,USA,Hybrid,Front-wheel drive,5,2610,7,313,4630,20.4,30.1
1976,Asia,Gasoline,Front-wheel drive,4,2350,6,271,4090,19.7,27.2
1987,Europe,Diesel,Front-wheel drive,3,2100,5,250,3920,17.4,30.0
2009,Europe,Hybrid,Front-wheel drive,3,2170,6,229,4050,,36.3
1991,Europe,Hybrid,All-wheel drive,2,2260,6,231,4320,19.2,32.4
2005,Europe,Gasoline,Front-wheel drive,4,2140,6,237,3990,18.9,31.4
1996,Asia,Diesel,Front-wheel drive,4,2430,6,275,4420,17.6,31.5
1985,Asia,Gasoline,Front-wheel drive,3,2150,6,223,4140,22.2,30.4
2003,Europe,Gasoline,Front-wheel drive,3,2160,6,252,4150,18.7,30.9
1987,USA,Gasoline,Front-wheel drive,3,2420,6,262,4140,17.4,25.9
2022,Europe,Hybrid,Front-wheel drive,2,2250,6,254,4410,17.2,36.3
2003,Asia,Gasoline,Front-wheel drive,4,2190,6,236,4270,18.5,29.7
1997,Europe,Diesel,Front-wheel drive,4,2090,6,242,3910,18.7,30.0
2011,USA,Diesel,Front-wheel drive,2,2420,6,284,4230,20.0,28.0
1999,Europe,Gasoline,All-wheel drive,4,2320,6,256,4520,17.8,26.6
1996,Asia,Gasoline,Front-wheel drive,5,2180,6,245,4160,19.0,31.1
1984,USA,Gasoline,Rear-wheel drive,4,2060,6,231,4430,19.5,26.4
2002,Asia,Diesel,Front-wheel drive,4,2130,6,211,4190,20.8,34.1
1979,Asia,Gasoline,Front-wheel drive,2,2120,6,230,4040,19.2,30.2
2023,USA,Gasoline,Front-wheel drive,3,2320,6,268,4000,18.8,30.5
1981,Europe,Gasoline,Front-wheel drive,4,2700,7,,4450,19.3,25.7
1987,USA,Gasoline,Front-wheel drive,4,2120,6,236,4150,20.2,25.3
2018,Asia,Hybrid,All-wheel drive,2,2330,6,263,4650,19.0,35.4
2019,USA,Hybrid,All-wheel drive,4,2040,5,227,4150,18.1,35.0
1983,USA,Gasoline,Front-wheel drive,5,2250,6,255,4300,18.0,28.9
1989,USA,Diesel,Front-wheel drive,4,2630,7,303,4550,18.6,28.0
1999,Asia,Diesel,All-wheel drive,3,2260,6,244,4370,20.3,32.6
1982,USA,Gasoline,Rear-wheel drive,2,2270,6,,4470,17.7,25.2
1984,Asia,Gasoline,All-wheel drive,5,1950,6,226,4470,20.1,27.4
1982,Asia,Gasoline,Rear-wheel drive,3,2090,5,240,4140,19.3,28.9
2023,USA,Diesel,Rear-wheel drive,2,2240,6,269,4620,18.4,29.3
2003,USA,Gasoline,Rear-wheel drive,4,2170,6,262,4630,19.4,30.0
2004,USA,Gasoline,Rear-wheel drive,3,2460,7,267,4690,18.2,28.4
2023,USA,Gasoline,All-wheel drive,2,2290,7,264,4470,18.6,32.0
1998,USA,Hybrid,Rear-wheel drive,3,2330,6,260,4260,18.0,35.1
1991,Asia,Gasoline,Rear-wheel drive,5,2020,5,212,4160,19.0,29.1
1999,Asia,Gasoline,Rear-wheel drive,3,2420,6,269,4400,18.0,26.5
2016,Asia,Gasoline,Front-wheel drive,3,2350,7,288,4030,17.4,30.2
2000,USA,Gasoline,Front-wheel drive,4,1910,5,235,3840,17.0,31.0
1998,Europe,Gasoline,Front-wheel drive,4,2130,5,230,4050,16.9,33.6
2006,USA,Gasoline,Front-wheel drive,3,2230,6,279,4060,19.6,30.9
1995,Asia,Gasoline,Front-wheel drive,3,2250,6,263,4110,20.0,33.6
1975,Asia,Diesel,All-wheel drive,3,2210,6,,4340,19.9,26.4
1986,Europe,Hybrid,Front-wheel drive,3,2300,6,225,4000,18.8,30.9
2003,USA,Hybrid,Front-wheel drive,4,2350,7,268,4290,19.0,34.4
1982,USA,Diesel,Rear-wheel drive,3,2360,6,288,4310,18.5,28.1
2015,USA,Gasoline,All-wheel drive,2,2180,6,250,4530,21.9,28.7
2013,Asia,Diesel,Front-wheel drive,3,2280,6,272,4120,17.9,33.1
1985,Europe,Gasoline,All-wheel drive,4,2210,6,233,4340,20.2,29.8
2002,Asia,Diesel,Front-wheel drive,3,2470,7,270,4380,18.9,29.6
2010,USA,Gasoline,Rear-wheel drive,4,2230,6,259,4470,18.3,25.9
2000,Europe,Gasoline,Front-wheel drive,5,2340,6,273,4240,,30.4
2019,USA,Gasoline,Front-wheel drive,3,2430,6,271,4490,18.5,33.4
2001,Asia,Gasoline,Rear-wheel drive,4,2310,6,259,4220,18.1,30.9
2021,USA,Gasoline,Rear-wheel drive,3,2100,5,249,4120,17.3,29.8
2017,Europe,Gasoline,All-wheel drive,3,1930,5,202,3830,18.7,31.3
2020,Europe,Diesel,Front-wheel drive,4,2370,5,261,3990,16.9,31.6
1979,Asia,Diesel,Rear-wheel drive,2,2520,7,,4620,17.1,26.7
1985,USA,Gasoline,Rear-wheel drive,4,2600,7,280,4680,19.3,26.1
1976,USA,Gasoline,Front-wheel drive,5,1890,5,236,4080,18.6,31.5
1999,USA,Diesel,Front-wheel drive,3,2180,6,251,4110,18.3,32.3
2019,Asia,Gasoline,All-wheel drive,4,2240,6,211,4280,20.4,30.7
1976,Europe,Gasoline,Front-wheel drive,4,2140,6,,3990,17.9,29.0
1990,USA,Diesel,All-wheel drive,5,2540,7,300,4570,18.0,26.1
2016,USA,Gasoline,Front-wheel drive,5,2040,6,255,4490,19.7,31.1
1984,USA,Gasoline,Front-wheel drive,4,2040,5,229,4120,18.9,28.1
2016,Europe,Gasoline,Rear-wheel drive,2,2340,6,266,4180,15.8,31.4
2002,Asia,Hybrid,All-wheel drive,5,2180,6,270,4450,17.2,31.6
2001,USA,Gasoline,Front-wheel drive,3,2310,6,277,4240,18.7,28.7
1999,Asia,Gasoline,All-wheel drive,3,2040,5,206,3900,17.9,29.1
2001,Asia,Gasoline,Rear-wheel drive,4,2700,7,285,4310,17.8,25.6
2006,USA,Gasoline,Rear-wheel drive,4,1970,5,231,4010,17.0,28.9
2010,USA,Gasoline,All-wheel drive,2,2350,6,270,4380,18.3,29.0
1990,Europe,Gasoline,Rear-wheel drive,4,2310,6,264,4520,19.9,28.4
2021,Asia,Gasoline,Front-wheel drive,3,2200,6,248,4170,22.0,32.4
1976,Europe,Gasoline,Front-wheel drive,3,2110,5,,4160,20.5,30.7
2012,Asia,Diesel,Front-wheel drive,3,2030,5,218,3740,18.0,35.9
2018,Europe,Gasoline,All-wheel drive,5,2340,6,256,4480,18.7,32.0
1977,USA,Diesel,Rear-wheel drive,4,2240,6,270,4250,19.1,26.5
1980,Asia,Gasoline,Rear-wheel drive,4,2320,6,257,4500,18.6,26.7
2019,USA,Diesel,Rear-wheel drive,3,2450,6,297,4630,16.8,32.3
2018,USA,Gasoline,Front-wheel drive,2,2370,7,281,4430,16.5,31.3
2016,Asia,Gasoline,Rear-wheel drive,3,2550,7,,4500,18.5,29.9
2007,USA,Diesel,All-wheel drive,3,2220,6,261,4580,19.9,31.4
1992,USA,Gasoline,Front-wheel drive,3,2220,6,254,4400,18.6,25.9
2009,Europe,Hybrid,Front-wheel drive,5,2210,6,230,4190,19.1,31.0
1998,USA,Gasoline,Rear-wheel drive,5,2170,6,249,4450,19.0,26.9
2000,USA,Gasoline,Rear-wheel drive,4,2310,6,255,4350,17.9,28.1
2013,Asia,Gasoline,Front-wheel drive,2,2490,6,275,4460,19.6,28.3
2019,Asia,Gasoline,Front-wheel drive,4,2340,7,250,4290,19.9,30.7
2012,Asia,Gasoline,Rear-wheel drive,5,2310,6,252,4480,21.5,29.7
1992,USA,Gasoline,Front-wheel drive,5,2340,6,289,4240,19.3,32.2
2006,USA,Gasoline,Front-wheel drive,4,1980,6,238,4200,21.1,31.4
1988,Europe,Gasoline,Front-wheel drive,3,2130,6,218,3860,17.9,27.3
1989,USA,Gasoline,Rear-wheel drive,5,2050,6,226,4320,19.7,28.2
1979,USA,Gasoline,Front-wheel drive,3,2130,6,,4360,19.1,28.4
1995,Asia,Gasoline,Front-wheel drive,3,2160,6,242,4110,17.9,29.7
1985,Asia,Gasoline,Rear-wheel drive,4,2230,6,244,4070,20.9,27.5
2013,USA,Gasoline,Rear-wheel drive,5,2260,6,245,4250,18.5,28.7
1978,USA,Gasoline,Front-wheel drive,3,2650,6,284,4570,17.8,24.8
2006,Europe,Gasoline,Front-wheel drive,2,2170,6,233,4040,,34.0
2000,USA,Diesel,Front-wheel drive,2,2440,7,304,4340,17.5,30.1
1998,Asia,Gasoline,Rear-wheel drive,3,2230,5,251,3780,17.8,27.6
2012,Asia,Diesel,All-wheel drive,3,2400,6,282,4260,16.3,31.5
2000,USA,Gasoline,Rear-wheel drive,5,2180,6,248,4340,20.2,28.0
1993,USA,Diesel,Rear-wheel drive,3,2410,6,277,4250,17.4,31.0
1980,USA,Gasoline,Rear-wheel drive,3,2320,7,280,4550,22.1,24.5
2023,Europe,Diesel,All-wheel drive,4,2370,6,274,4330,18.2,33.1
1984,USA,Diesel,Rear-wheel drive,4,2300,6,270,4610,19.8,28.9
2012,Europe,Diesel,Rear-wheel drive,3,2470,7,287,4760,19.3,28.6
1996,Asia,Gasoline,All-wheel drive,3,2290,6,234,4170,18.0,31.5
2020,Asia,Gasoline,Front-wheel drive,3,2110,6,214,3870,19.6,35.9
2010,USA,Diesel,All-wheel drive,3,2210,6,286,4190,18.1,33.7
2011,Asia,Hybrid,Front-wheel drive,3,2160,6,223,4130,19.7,35.7
2020,USA,Diesel,Front-wheel drive,2,1950,5,225,3700,17.3,38.1
2007,Europe,Gasoline,All-wheel drive,4,2400,7,282,4670,18.2,29.8
1995,USA,Gasoline,All-wheel drive,5,2140,6,240,4470,18.0,27.8
1981,Europe,Hybrid,Front-wheel drive,4,2440,7,283,4420,18.1,31.2
1992,USA,Hybrid,Front-wheel drive,3,2670,7,314,4560,18.2,30.5
2011,USA,Gasoline,Front-wheel drive,4,2150,6,244,4060,18.8,31.2
2019,Europe,Diesel,Front-wheel drive,4,2000,5,231,3890,19.5,36.3
1975,USA,Gasoline,Rear-wheel drive,5,2340,6,249,4580,20.3,23.4
2024,USA,Gasoline,Front-wheel drive,3,2180,6,263,4170,18.1,33.7
2021,Europe,Gasoline,Front-wheel drive,4,2250,6,231,4090,19.3,32.8
1996,USA,Diesel,All-wheel drive,4,2480,7,279,4590,17.1,27.3
1982,USA,Gasoline,Front-wheel drive,3,2190,6,,4060,18.4,26.6
1998,USA,Gasoline,Front-wheel drive,5,2350,6,252,4250,19.5,31.8
1985,Europe,Diesel,All-wheel drive,3,2020,6,248,3880,21.0,32.0
1998,Asia,Diesel,All-wheel drive,2,2290,6,269,4170,18.6,31.3
2001,USA,Hybrid,All-wheel drive,2,2040,6,249,4220,17.3,31.7
1984,Europe,Gasoline,Rear-wheel drive,2,2200,6,269,4190,20.0,27.6
2001,USA,Gasoline,Front-wheel drive,3,2140,6,229,3900,21.2,28.3
2021,USA,Gasoline,Front-wheel drive,2,2300,6,268,4360,19.1,31.4
2002,USA,Gasoline,Rear-wheel drive,5,2280,6,256,4530,19.0,28.3
1999,Asia,Gasoline,Front-wheel drive,5,2340,6,259,4240,16.7,29.3
2009,USA,Gasoline,Rear-wheel drive,4,2040,6,248,4230,18.6,28.8
2006,Europe,Gasoline,Front-wheel drive,4,2500,7,275,4630,,27.7
2024,USA,Gasoline,Front-wheel drive,2,2390,6,268,4500,19.8,30.8
2005,Asia,Gasoline,Front-wheel drive,4,2020,6,235,4190,19.6,29.6
1985,Europe,Gasoline,Rear-wheel drive,2,2700,7,272,4970,21.8,26.1
1996,USA,Gasoline,Rear-wheel drive,5,2280,6,247,4400,21.5,28.6
2022,USA,Gasoline,Front-wheel drive,5,2370,6,264,4020,16.8,35.2
2018,USA,Gasoline,Rear-wheel drive,4,2360,6,263,4410,17.1,30.8
1989,Europe,Gasoline,All-wheel drive,5,2390,6,242,4580,20.2,26.3
2006,USA,Gasoline,Front-wheel drive,4,2350,6,270,4500,18.7,30.8
2001,USA,Hybrid,Rear-wheel drive,5,2380,6,273,4720,19.6,29.9
1978,USA,Gasoline,All-wheel drive,4,2400,7,287,4780,17.9,25.0
1983,USA,Gasoline,Front-wheel drive,5,1960,5,,3890,18.5,29.7
1982,Asia,Gasoline,All-wheel drive,4,2400,6,242,4600,19.9,28.3
2009,Europe,Gasoline,Front-wheel drive,4,2240,6,241,3860,,31.5
1976,Asia,Hybrid,Front-wheel drive,3,2040,6,236,3840,19.9,32.2
1990,Asia,Gasoline,Front-wheel drive,2,2170,6,213,4120,19.3,28.2
2017,Asia,Gasoline,All-wheel drive,4,2090,6,223,4070,17.3,33.5
2006,Asia,Hybrid,Front-wheel drive,5,2460,6,253,4300,19.0,35.8
2017,Europe,Gasoline,Front-wheel drive,4,2540,6,285,4350,15.5,28.8
1997,Europe,Gasoline,Rear-wheel drive,4,2170,6,255,4180,17.6,30.4
2020,USA,Gasoline,Front-wheel drive,3,2340,6,250,4430,19.3,30.1
1995,USA,Diesel,Front-wheel drive,2,2300,6,254,4270,18.6,31.5
2011,Europe,Diesel,Rear-wheel drive,4,2370,7,282,4460,18.0,32.1
1996,Europe,Gasoline,Front-wheel drive,4,2410,6,267,4380,20.2,29.6
1980,Asia,Gasoline,Rear-wheel drive,4,2180,6,,4180,15.5,29.8
1992,Asia,Gasoline,Front-wheel drive,5,2240,6,241,4230,18.7,31.6
1980,Europe,Gasoline,Front-wheel drive,2,2280,6,263,4030,17.8,30.9
1988,Europe,Gasoline,Front-wheel drive,2,2240,6,218,4230,19.4,29.4
1986,Europe,Gasoline,Front-wheel drive,4,2560,7,257,4730,20.1,29.6
2002,Asia,Hybrid,Front-wheel drive,4,2290,6,262,4170,19.7,35.7
2024,Europe,Gasoline,All-wheel drive,4,2200,6,231,4400,,33.8
1997,Asia,Gasoline,Front-wheel drive,3,2180,6,223,3900,17.7,30.4
2012,Europe,Gasoline,Front-wheel drive,3,2150,5,230,3940,18.4,34.9
2020,USA,Gasoline,Rear-wheel drive,4,2280,6,246,4350,22.5,28.4
2018,USA,Gasoline,Front-wheel drive,3,2450,6,292,4290,18.3,30.8
1998,USA,Diesel,Front-wheel drive,4,2110,5,261,3960,20.1,30.1
1975,Europe,Gasoline,Front-wheel drive,3,2180,6,246,4100,19.7,31.5
2016,Asia,Gasoline,Rear-wheel drive,2,2580,7,273,4340,20.1,29.6
1980,USA,Gasoline,All-wheel drive,2,2330,6,272,4610,18.6,24.0
2016,Europe,Diesel,All-wheel drive,2,2190,6,251,4320,17.8,32.9
1992,USA,Gasoline,Front-wheel drive,5,2490,7,267,4260,20.0,25.9
1979,Asia,Gasoline,Rear-wheel drive,5,2220,7,,4550,19.1,26.4
2014,Europe,Diesel,All-wheel drive,3,2280,6,249,3840,16.7,31.7
2004,USA,Diesel,Front-wheel drive,4,2600,7,287,4680,20.9,29.7
1992,Europe,Gasoline,All-wheel drive,3,2170,6,250,4110,21.1,29.5
1984,USA,Gasoline,Front-wheel drive,4,2710,7,,4670,18.1,27.5
1983,Asia,Hybrid,All-wheel drive,4,2300,6,243,4220,17.9,33.1
2013,Asia,Diesel,Rear-wheel drive,4,2640,6,278,4780,19.6,30.1
1978,USA,Gasoline,Rear-wheel drive,4,2130,6,240,4140,19.2,25.5
2016,USA,Gasoline,Front-wheel drive,4,2020,6,241,3880,18.4,33.5
2001,Asia,Gasoline,Front-wheel drive,5,1980,5,215,3800,18.9,30.7
2011,Asia,Gasoline,Front-wheel drive,2,2190,5,231,3980,17.7,31.7
1978,Asia,Gasoline,All-wheel drive,3,2230,6,247,4020,18.5,30.2
1994,Europe,Diesel,Front-wheel drive,4,2160,6,264,4140,18.2,30.4
1984,Asia,Gasoline,Rear-wheel drive,2,2290,6,,4330,19.3,26.8
1994,Asia,Gasoline,Front-wheel drive,4,2420,6,274,4060,18.4,30.3
1984,Asia,Gasoline,Front-wheel drive,4,2170,5,,4020,18.3,30.2
2016,Asia,Gasoline,Front-wheel drive,3,2130,6,240,4020,19.8,34.9
1997,Asia,Gasoline,All-wheel drive,3,2440,6,249,4320,18.8,30.6
2005,USA,Diesel,Rear-wheel drive,3,2610,6,289,4770,21.7,30.7
1989,Asia,Diesel,Front-wheel drive,5,2460,6,283,4230,18.4,29.7
2022,USA,Gasoline,Front-wheel drive,2,2180,6,265,4140,17.9,32.9
1982,Asia,Hybrid,Front-wheel drive,4,2450,7,,4470,16.6,27.8
2019,Asia,Gasoline,Front-wheel drive,4,2220,6,272,3980,18.1,32.2
2012,USA,Gasoline,All-wheel drive,4,2300,6,253,4430,17.9,26.1
1976,USA,Gasoline,Front-wheel drive,3,2260,6,286,4250,17.5,24.9
2004,Europe,Gasoline,Front-wheel drive,5,2080,5,240,3960,20.7,31.0
2009,USA,Gasoline,Front-wheel drive,3,2290,6,271,4340,20.2,28.4
2004,Asia,Gasoline,All-wheel drive,4,2200,6,250,4510,19.7,30.2
2018,USA,Gasoline,Rear-wheel drive,4,2310,6,224,4290,18.1,28.6
1991,USA,Gasoline,Rear-wheel drive,3,2900,7,320,5060,18.2,23.3
2009,Europe,Gasoline,Front-wheel drive,5,2400,6,273,4160,17.5,29.5
1996,Asia,Hybrid,Rear-wheel drive,3,2060,5,225,4170,18.6,33.9
2021,Europe,Gasoline,Front-wheel drive,3,2300,6,249,3950,16.9,35.0
2007,USA,Gasoline,Rear-wheel drive,4,2190,6,235,4530,18.2,27.7
2003,Europe,Gasoline,All-wheel drive,3,2700,7,290,4930,18.9,27.0
1993,Asia,Gasoline,Front-wheel drive,4,2270,6,247,4380,19.5,31.8
2003,Asia,Gasoline,All-wheel drive,3,2540,6,284,4550,18.4,29.1
2010,Europe,Gasoline,Rear-wheel drive,3,2210,6,236,4290,19.8,30.5
1977,USA,Hybrid,Front-wheel drive,5,2390,6,,4550,19.8,32.0
2018,Europe,Diesel,All-wheel drive,4,2530,7,283,4670,19.7,33.8
2014,Europe,Gasoline,Front-wheel drive,5,2100,6,223,4270,,34.0
2017,Europe,Gasoline,Rear-wheel drive,2,2410,7,278,4370,,31.3
2011,Asia,Gasoline,Front-wheel drive,3,2410,6,256,4610,20.2,32.4
2024,USA,Gasoline,Front-wheel drive,3,2170,6,246,3890,17.1,33.7
1984,Europe,Gasoline,Front-wheel drive,3,2330,6,,4110,19.2,29.6
2004,Asia,Diesel,All-wheel drive,3,2180,6,266,4530,18.6,29.0
2016,USA,Hybrid,Rear-wheel drive,2,2340,7,273,4400,18.6,30.8
1986,Europe,Diesel,Front-wheel drive,3,2410,6,277,4160,20.2,30.7
1975,Asia,Diesel,Front-wheel drive,4,1940,6,236,3630,19.7,32.4
1987,USA,Gasoline,Rear-wheel drive,4,2130,5,228,4040,17.2,26.3
2000,Europe,Gasoline,Front-wheel drive,3,2470,7,271,3990,17.3,28.1
2007,USA,Diesel,Rear-wheel drive,2,1950,6,234,4250,19.9,30.7
1993,Asia,Gasoline,Rear-wheel drive,2,2360,6,257,4610,22.2,30.1
2005,USA,Gasoline,All-wheel drive,4,2470,6,271,4690,18.9,27.4
1993,Asia,Gasoline,All-wheel drive,2,2300,6,244,4370,19.0,30.0
2014,USA,Gasoline,All-wheel drive,3,2480,6,267,4590,18.4,28.1
2004,USA,Hybrid,Rear-wheel drive,5,2180,6,270,4450,20.9,32.2
2011,USA,Diesel,Front-wheel drive,4,2380,6,295,4370,17.6,30.2
