lead_source,industry,employment_status,location,annual_income,number_of_courses_viewed,interaction_count,lead_score,converted
organic_search,technology,employed,europe,88160,3,4,0.64,1
social_media,technology,employed,south_america,72688,3,7,0.72,1
referral,retail,employed,europe,44697,3,4,0.58,1
paid_ads,manufacturing,student,,,3,6,0.57,0
referral,manufacturing,student,north_america,24062,4,5,0.62,1
referral,manufacturing,employed,africa,43841,3,5,0.77,1
,education,employed,north_america,58738,3,9,0.78,1
paid_ads,technology,employed,north_america,95059,2,4,0.41,1
organic_search,healthcare,employed,asia,62565,3,6,0.52,1
referral,retail,student,asia,12000,2,2,0.35,0
referral,retail,,europe,43935,2,9,0.78,1
paid_ads,technology,employed,asia,80773,3,7,0.72,1
social_media,,employed,africa,47115,1,0,0.11,0
paid_ads,retail,employed,north_america,62439,1,2,0.33,0
paid_ads,retail,student,asia,12000,0,1,0.13,0
organic_search,retail,employed,north_america,59239,3,9,0.85,1
organic_search,education,employed,asia,37431,3,5,0.55,0
organic_search,finance,employed,north_america,83331,3,5,0.56,1
referral,manufacturing,employed,africa,49038,2,3,0.5,1
social_media,finance,unemployed,asia,50544,2,2,0.4,1
social_media,education,employed,africa,31638,2,4,0.47,1
social_media,healthcare,employed,south_america,65430,3,5,0.73,1
social_media,healthcare,employed,asia,57952,2,5,0.56,1
referral,healthcare,student,europe,,3,10,0.76,1
organic_search,technology,employed,asia,65713,4,7,0.74,1
referral,retail,student,asia,,2,5,0.53,1
organic_search,retail,employed,africa,42510,4,5,0.6,1
paid_ads,education,employed,south_america,45257,1,2,0.32,0
paid_ads,,self_employed,europe,82749,1,1,0.34,0
referral,manufacturing,employed,asia,45317,2,8,0.83,1
social_media,,student,south_america,51061,1,2,0.37,1
events,education,employed,africa,13171,3,5,0.5,0
social_media,retail,self_employed,africa,33862,3,5,0.5,1
paid_ads,healthcare,employed,europe,68156,1,5,0.48,0
paid_ads,retail,unemployed,asia,26032,2,4,0.4,0
organic_search,healthcare,employed,north_america,65643,2,6,0.62,0
social_media,education,self_employed,south_america,39539,3,4,0.37,0
organic_search,healthcare,employed,europe,47583,2,5,0.6,1
paid_ads,technology,employed,north_america,92267,3,3,0.42,0
referral,education,self_employed,north_america,61949,1,2,0.38,0
paid_ads,technology,unemployed,north_america,39207,1,4,0.3,0
paid_ads,education,student,europe,12000,1,0,0.11,0
paid_ads,technology,employed,europe,73254,2,4,0.48,0
social_media,finance,self_employed,south_america,56082,3,5,0.49,0
social_media,manufacturing,student,asia,14763,2,5,0.42,0
social_media,education,employed,north_america,53769,3,6,0.55,0
events,education,employed,africa,40215,3,6,0.54,1
organic_search,finance,self_employed,north_america,67761,4,8,0.83,0
social_media,education,student,south_america,12000,1,0,0.16,1
social_media,finance,employed,europe,69440,2,6,0.55,1
organic_search,education,employed,south_america,35181,3,8,0.76,1
social_media,retail,unemployed,asia,24782,1,4,0.42,0
events,finance,self_employed,europe,75980,3,10,0.84,1
social_media,technology,unemployed,north_america,59104,0,3,0.34,1
organic_search,technology,student,south_america,36980,4,7,0.72,1
organic_search,healthcare,employed,north_america,67391,3,4,0.63,1
paid_ads,healthcare,unemployed,north_america,30925,2,3,0.28,0
social_media,healthcare,employed,north_america,69200,2,4,0.46,1
social_media,manufacturing,employed,africa,50582,2,3,0.41,1
events,retail,employed,north_america,57378,2,2,0.3,0
organic_search,healthcare,self_employed,south_america,52321,3,7,0.67,1
referral,healthcare,unemployed,asia,32909,2,4,0.44,0
organic_search,retail,employed,europe,48800,2,5,0.51,0
referral,retail,employed,north_america,61508,3,6,0.71,1
paid_ads,technology,employed,south_america,78409,1,3,0.4,0
social_media,retail,employed,asia,59455,2,1,0.34,1
referral,healthcare,student,north_america,40555,2,4,0.47,0
organic_search,healthcare,employed,north_america,60187,5,8,0.81,1
organic_search,retail,employed,asia,45260,3,4,0.56,0
social_media,finance,employed,asia,62838,2,4,0.53,1
paid_ads,retail,self_employed,north_america,52734,3,7,0.66,1
paid_ads,manufacturing,employed,europe,49431,2,4,0.41,0
paid_ads,technology,employed,,85628,3,4,0.55,1
social_media,,unemployed,europe,18517,1,3,0.39,0
social_media,finance,student,north_america,56281,3,6,0.63,1
social_media,education,employed,europe,42788,4,7,0.75,1
events,manufacturing,self_employed,north_america,48635,1,5,0.44,0
,education,student,north_america,,2,2,0.22,1
social_media,retail,employed,asia,27411,0,0,0.01,0
events,healthcare,employed,north_america,71331,2,3,0.39,1
organic_search,technology,self_employed,europe,82020,2,4,0.51,1
paid_ads,finance,student,europe,47798,1,2,0.21,0
referral,education,student,europe,25275,0,3,0.31,0
paid_ads,technology,employed,africa,56758,2,5,0.53,1
paid_ads,education,employed,africa,33395,1,4,0.3,0
organic_search,manufacturing,employed,north_america,59268,2,4,0.44,1
paid_ads,finance,self_employed,asia,82824,1,3,0.42,0
,retail,employed,europe,50141,3,4,0.45,1
organic_search,education,self_employed,europe,44678,3,5,0.51,1
social_media,finance,employed,south_america,74074,0,1,0.23,0
organic_search,technology,unemployed,europe,53767,3,5,0.46,0
referral,education,self_employed,europe,43499,1,8,0.63,1
organic_search,finance,employed,south_america,59780,2,4,0.43,0
paid_ads,technology,unemployed,europe,51151,1,5,0.49,0
referral,education,student,africa,,3,3,0.37,0
paid_ads,retail,unemployed,asia,21084,4,9,0.68,1
referral,finance,employed,asia,75202,2,5,0.59,1
events,technology,unemployed,europe,50096,1,0,0.18,0
organic_search,technology,employed,europe,95649,1,1,0.37,1
events,retail,self_employed,africa,34621,2,4,0.5,1
events,retail,employed,europe,62105,0,1,0.17,0
social_media,manufacturing,self_employed,europe,42074,1,3,0.35,0
referral,education,unemployed,north_america,,2,4,0.47,1
events,technology,employed,europe,70802,1,2,0.3,1
paid_ads,finance,self_employed,africa,55606,2,4,0.51,0
events,technology,student,europe,48091,1,1,0.22,0
social_media,finance,self_employed,africa,57925,2,4,0.45,1
organic_search,technology,employed,asia,86016,2,5,0.6,1
social_media,,employed,north_america,80442,3,7,0.78,1
referral,education,employed,south_america,40022,3,7,0.71,1
paid_ads,education,employed,north_america,46265,1,4,0.28,0
social_media,technology,unemployed,,61509,1,0,0.22,0
paid_ads,technology,student,north_america,,0,0,0.19,0
paid_ads,retail,employed,north_america,44277,4,6,0.53,1
social_media,,self_employed,africa,60062,1,1,0.27,0
paid_ads,healthcare,employed,north_america,74628,1,2,0.35,0
paid_ads,technology,employed,africa,90725,2,4,0.46,0
social_media,retail,student,,12000,0,2,0.22,0
paid_ads,finance,employed,asia,55527,2,6,0.56,1
paid_ads,education,employed,asia,32214,1,2,0.26,0
paid_ads,technology,employed,asia,73143,1,2,0.35,0
organic_search,technology,employed,europe,78217,1,2,0.26,0
social_media,retail,employed,south_america,41978,3,6,0.59,1
referral,healthcare,employed,africa,48944,2,7,0.65,0
organic_search,healthcare,unemployed,europe,,1,3,0.42,0
organic_search,manufacturing,employed,asia,62477,4,11,0.99,1
paid_ads,education,student,asia,12000,2,4,0.46,0
paid_ads,healthcare,employed,europe,70024,5,8,0.69,1
,finance,student,north_america,,3,9,0.86,1
paid_ads,education,student,north_america,12000,1,0,0.07,0
referral,manufacturing,employed,north_america,70976,3,5,0.68,1
referral,education,employed,africa,41039,4,9,0.89,1
organic_search,healthcare,student,europe,,2,1,0.24,0
referral,retail,unemployed,,12000,2,3,0.47,1
paid_ads,technology,employed,south_america,76438,2,3,0.39,0
paid_ads,healthcare,student,europe,26115,3,3,0.36,1
social_media,technology,unemployed,south_america,50495,2,5,0.49,1
organic_search,technology,employed,south_america,92709,5,6,0.75,1
social_media,retail,student,asia,,2,6,0.4,0
social_media,technology,employed,europe,74574,3,3,0.49,1
events,finance,unemployed,north_america,,0,3,0.35,0
paid_ads,retail,student,north_america,13043,3,5,0.5,1
events,healthcare,employed,,65283,2,4,0.49,0
events,healthcare,employed,europe,77219,0,0,0.05,0
referral,technology,employed,europe,85798,2,3,0.51,0
referral,technology,employed,south_america,75855,2,8,0.92,1
paid_ads,manufacturing,student,europe,18089,0,1,0.14,0
organic_search,education,unemployed,asia,,1,4,0.4,0
events,manufacturing,student,north_america,15707,1,2,0.24,0
,,self_employed,south_america,42143,3,6,0.57,1
paid_ads,education,employed,asia,43375,2,3,0.38,0
referral,technology,unemployed,europe,,0,0,0.06,0
,retail,employed,south_america,40803,1,2,0.33,1
paid_ads,,unemployed,europe,47549,2,2,0.28,0
organic_search,technology,,south_america,67260,4,10,0.97,1
organic_search,technology,employed,europe,79759,2,6,0.71,1
organic_search,education,employed,north_america,35096,2,7,0.7,1
referral,education,employed,north_america,52061,2,5,0.63,1
referral,education,student,north_america,12000,2,5,0.43,1
social_media,manufacturing,employed,africa,39562,4,7,0.67,1
paid_ads,,student,,15710,3,4,0.5,0
paid_ads,technology,employed,north_america,84221,2,6,0.58,1
social_media,manufacturing,self_employed,africa,41040,2,7,0.67,1
paid_ads,technology,student,asia,57344,1,2,0.27,0
organic_search,retail,unemployed,europe,,1,4,0.43,1
paid_ads,technology,employed,north_america,99591,0,1,0.21,0
referral,technology,employed,,70641,3,10,0.99,1
paid_ads,retail,employed,north_america,56596,0,0,0.01,0
organic_search,finance,employed,asia,73567,2,4,0.48,1
events,finance,employed,north_america,75120,0,1,0.21,1
referral,education,employed,europe,41472,2,5,0.57,1
organic_search,finance,employed,south_america,75130,3,10,0.93,1
paid_ads,finance,student,north_america,,1,3,0.36,0
paid_ads,manufacturing,self_employed,south_america,48931,3,5,0.57,0
social_media,manufacturing,self_employed,europe,48503,1,0,0.19,1
social_media,technology,self_employed,asia,60315,0,3,0.36,0
social_media,finance,employed,europe,75158,2,3,0.41,1
referral,retail,employed,north_america,49235,2,6,0.63,1
referral,retail,student,,12000,3,8,0.57,1
events,technology,employed,north_america,80696,2,4,0.53,1
organic_search,technology,student,,50961,3,10,0.87,0
paid_ads,healthcare,employed,north_america,61934,3,6,0.64,0
referral,technology,employed,asia,74350,3,4,0.63,1
social_media,,employed,europe,79824,2,1,0.37,0
organic_search,,student,asia,18155,1,5,0.54,0
paid_ads,,employed,north_america,44308,2,3,0.26,1
social_media,technology,student,europe,27932,2,1,0.35,0
social_media,retail,self_employed,,26237,1,5,0.46,0
social_media,retail,self_employed,europe,42161,2,5,0.54,1
organic_search,manufacturing,employed,africa,35989,4,9,0.74,1
events,education,employed,europe,48742,1,3,0.33,0
organic_search,finance,unemployed,europe,54675,0,2,0.36,0
referral,technology,employed,asia,87585,3,7,0.74,1
referral,technology,employed,asia,87438,4,7,0.75,1
paid_ads,retail,unemployed,north_america,20275,2,8,0.65,0
social_media,,self_employed,asia,50823,2,6,0.62,1
paid_ads,technology,unemployed,asia,,0,0,0.06,0
events,finance,employed,europe,68821,4,8,0.77,1
events,retail,student,north_america,20791,3,4,0.49,0
organic_search,,unemployed,south_america,12000,1,2,0.32,1
paid_ads,technology,employed,north_america,87570,3,7,0.71,1
organic_search,,employed,south_america,27052,1,1,0.23,0
social_media,technology,employed,north_america,83807,2,3,0.37,1
referral,technology,employed,europe,79373,3,8,0.88,1
events,healthcare,student,asia,23307,4,6,0.56,0
social_media,healthcare,employed,asia,69424,4,7,0.66,1
social_media,finance,employed,asia,77301,0,1,0.15,0
paid_ads,healthcare,unemployed,europe,24938,1,3,0.33,1
social_media,healthcare,employed,asia,70284,2,4,0.55,0
paid_ads,education,employed,south_america,34217,2,2,0.31,0
social_media,technology,self_employed,europe,53290,2,8,0.65,1
paid_ads,finance,student,europe,52819,2,2,0.3,0
organic_search,technology,self_employed,africa,65743,3,3,0.46,0
organic_search,technology,self_employed,africa,65212,4,10,0.93,1
paid_ads,technology,employed,north_america,74592,2,3,0.39,1
organic_search,technology,student,asia,50785,3,5,0.44,0
paid_ads,technology,unemployed,asia,,1,0,0.09,0
social_media,healthcare,employed,north_america,65668,4,8,0.76,1
events,retail,student,europe,16710,3,6,0.48,1
events,healthcare,employed,asia,51901,2,4,0.36,0
organic_search,retail,employed,europe,59302,1,4,0.52,0
organic_search,technology,self_employed,europe,72423,0,1,0.26,0
organic_search,retail,employed,europe,31054,3,7,0.65,1
paid_ads,retail,employed,europe,41217,2,5,0.48,0
referral,healthcare,unemployed,asia,,0,2,0.24,0
referral,manufacturing,employed,north_america,66349,3,6,0.61,1
organic_search,retail,employed,north_america,63466,2,3,0.47,1
organic_search,retail,employed,africa,34187,2,6,0.49,0
social_media,retail,employed,asia,43382,3,7,0.62,1
organic_search,healthcare,self_employed,europe,77897,1,0,0.28,0
referral,healthcare,unemployed,south_america,,4,7,0.77,1
paid_ads,retail,self_employed,asia,51008,1,3,0.3,0
organic_search,healthcare,employed,europe,75059,2,3,0.38,0
events,,,south_america,74818,3,4,0.59,1
paid_ads,education,unemployed,asia,18733,1,5,0.47,0
paid_ads,retail,employed,asia,25824,1,4,0.41,0
social_media,education,employed,asia,58486,0,3,0.35,0
paid_ads,healthcare,self_employed,north_america,59063,2,3,0.38,0
social_media,technology,self_employed,europe,80400,2,4,0.48,1
social_media,retail,employed,asia,44428,2,4,0.51,1
referral,manufacturing,unemployed,,16426,2,3,0.39,0
organic_search,manufacturing,employed,south_america,59686,0,2,0.24,0
referral,healthcare,unemployed,north_america,49199,3,7,0.7,1
referral,education,employed,asia,44816,2,6,0.67,1
,education,employed,africa,42372,3,8,0.65,1
social_media,retail,self_employed,south_america,12903,1,4,0.41,1
,healthcare,unemployed,asia,23598,1,5,0.33,0
social_media,retail,employed,asia,45022,2,4,0.56,0
paid_ads,education,student,south_america,,3,7,0.6,0
,technology,,europe,71429,2,3,0.35,0
paid_ads,healthcare,employed,north_america,71372,3,5,0.64,0
,technology,student,north_america,62056,1,3,0.37,0
organic_search,technology,,asia,83555,2,5,0.61,1
paid_ads,finance,employed,north_america,84573,2,3,0.37,1
social_media,manufacturing,employed,,57804,1,4,0.33,0
events,education,student,europe,12000,1,0,0.22,0
paid_ads,healthcare,unemployed,europe,23058,2,7,0.53,1
organic_search,healthcare,self_employed,north_america,57250,4,6,0.67,1
social_media,education,employed,north_america,67617,3,5,0.59,0
paid_ads,retail,self_employed,north_america,56828,1,3,0.43,1
organic_search,technology,unemployed,asia,39083,3,5,0.54,1
organic_search,finance,employed,europe,72219,3,5,0.68,0
paid_ads,technology,employed,south_america,81692,2,4,0.43,1
social_media,healthcare,employed,asia,57764,3,4,0.45,1
,technology,unemployed,south_america,48218,4,7,0.77,0
paid_ads,finance,student,europe,41083,3,3,0.34,0
,technology,self_employed,europe,80782,1,4,0.43,1
paid_ads,manufacturing,student,asia,23595,4,7,0.72,0
events,healthcare,employed,asia,53971,1,6,0.53,0
social_media,retail,unemployed,europe,15865,1,2,0.28,1
social_media,healthcare,self_employed,north_america,65701,0,2,0.29,0
referral,retail,employed,south_america,32626,3,9,0.79,1
organic_search,education,student,south_america,,2,5,0.36,1
organic_search,retail,self_employed,,44476,1,1,0.39,1
referral,retail,unemployed,north_america,16044,0,5,0.51,1
social_media,technology,employed,north_america,81588,2,3,0.4,1
social_media,retail,,,53041,2,4,0.47,1
social_media,retail,self_employed,europe,34057,1,0,0.05,0
paid_ads,technology,employed,europe,89380,3,4,0.57,1
events,education,self_employed,south_america,25829,0,0,0.01,0
social_media,technology,unemployed,north_america,57609,2,6,0.63,1
referral,healthcare,employed,africa,64401,3,7,0.74,1
paid_ads,healthcare,unemployed,europe,,0,0,0.16,0
referral,healthcare,self_employed,europe,65442,2,5,0.63,1
,technology,employed,asia,79849,3,6,0.62,1
referral,healthcare,employed,europe,75328,2,5,0.69,1
paid_ads,retail,employed,north_america,50041,2,6,0.52,0
organic_search,technology,employed,europe,97156,2,4,0.51,1
organic_search,healthcare,employed,europe,75986,4,6,0.74,0
referral,,employed,asia,40220,2,5,0.55,1
organic_search,retail,employed,europe,49764,3,4,0.58,1
paid_ads,finance,employed,north_america,79816,1,1,0.3,0
paid_ads,healthcare,self_employed,north_america,58208,0,1,0.17,0
organic_search,healthcare,employed,,61859,2,10,0.75,1
social_media,finance,employed,europe,82250,2,6,0.56,1
events,,employed,europe,77329,2,4,,0
organic_search,technology,employed,europe,77954,0,2,0.24,0
social_media,education,employed,europe,51121,2,5,0.42,1
referral,healthcare,employed,north_america,69158,2,4,0.57,1
paid_ads,education,employed,south_america,26962,1,2,0.28,0
referral,retail,student,europe,18889,2,2,0.37,0
referral,healthcare,self_employed,europe,54389,4,8,0.83,1
social_media,manufacturing,unemployed,north_america,36373,2,4,0.51,1
paid_ads,retail,student,asia,12000,1,6,0.53,1
paid_ads,technology,student,asia,46969,2,6,0.55,1
organic_search,technology,student,south_america,,1,3,0.37,0
paid_ads,retail,student,north_america,,2,5,0.42,1
events,healthcare,employed,north_america,72302,1,2,0.2,0
organic_search,technology,employed,south_america,82690,4,4,0.53,0
events,technology,employed,north_america,89261,3,4,0.49,1
referral,education,employed,asia,46754,3,5,0.57,1
events,education,unemployed,north_america,24369,2,3,0.38,1
events,retail,unemployed,africa,12000,0,0,0.04,0
social_media,education,employed,europe,38998,2,3,0.35,0
organic_search,retail,employed,north_america,51844,4,7,0.8,1
referral,technology,employed,europe,98572,2,7,0.73,1
referral,finance,student,africa,,0,2,0.34,0
paid_ads,technology,self_employed,north_america,77952,2,5,0.61,1
,retail,,south_america,52651,1,3,0.39,0
events,manufacturing,student,south_america,17801,1,3,0.31,1
referral,education,employed,europe,43260,0,3,0.33,0
paid_ads,technology,employed,south_america,60456,2,3,0.43,1
social_media,technology,unemployed,europe,57170,2,3,0.42,1
events,healthcare,unemployed,africa,18662,0,0,0.01,1
social_media,manufacturing,self_employed,south_america,42507,4,7,0.72,1
referral,technology,employed,asia,83548,4,7,0.7,1
social_media,manufacturing,employed,africa,44409,2,0,0.21,0
referral,finance,unemployed,asia,,1,3,0.51,1
events,education,self_employed,asia,32952,2,4,,0
organic_search,retail,student,,,2,5,0.61,1
organic_search,healthcare,employed,europe,66026,1,2,0.32,0
events,retail,,europe,51461,2,7,0.63,0
referral,healthcare,employed,north_america,65364,2,3,0.42,0
organic_search,technology,self_employed,south_america,72135,1,1,0.3,0
paid_ads,finance,self_employed,north_america,87802,2,2,0.34,1
paid_ads,technology,employed,south_america,73263,0,0,0.11,0
referral,finance,employed,europe,64679,3,7,0.76,1
social_media,technology,unemployed,europe,61861,1,3,0.45,1
events,finance,self_employed,europe,70827,3,5,0.56,0
social_media,technology,employed,north_america,84974,1,2,0.38,0
events,technology,employed,europe,91145,4,7,0.81,1
social_media,retail,employed,south_america,41706,3,4,0.49,0
events,retail,employed,europe,58284,2,2,0.36,0
referral,technology,student,south_america,34737,1,4,0.49,1
organic_search,manufacturing,self_employed,,67686,3,7,0.83,1
social_media,retail,employed,north_america,48606,3,5,0.59,0
paid_ads,education,unemployed,,12616,0,0,0.03,0
paid_ads,,employed,asia,35890,3,4,0.53,1
paid_ads,healthcare,self_employed,south_america,56052,2,5,0.47,0
events,,employed,asia,57681,0,2,0.27,0
events,finance,unemployed,asia,58176,1,2,0.31,0
referral,retail,self_employed,north_america,45539,2,7,0.65,1
organic_search,retail,,north_america,46466,3,7,0.69,0
referral,,employed,north_america,59999,4,10,0.98,1
social_media,retail,employed,north_america,51406,2,5,0.62,1
referral,technology,self_employed,asia,62139,3,7,0.71,1
events,technology,employed,europe,69283,1,4,0.45,0
organic_search,education,self_employed,europe,46342,5,9,0.85,1
organic_search,healthcare,self_employed,south_america,48559,3,5,0.47,1
paid_ads,retail,employed,asia,53414,2,7,0.57,0
paid_ads,manufacturing,self_employed,north_america,70985,1,2,0.29,0
events,finance,employed,europe,89139,1,3,0.33,1
social_media,finance,student,europe,45210,3,6,0.59,1
organic_search,education,employed,north_america,41348,2,4,0.43,0
social_media,technology,employed,europe,63098,1,3,0.37,0
social_media,healthcare,employed,africa,45051,2,4,0.47,1
social_media,,employed,asia,72285,2,1,0.29,0
organic_search,retail,student,south_america,28977,2,2,0.4,1
social_media,technology,employed,,80440,2,4,0.55,1
referral,healthcare,student,south_america,35968,2,5,0.59,0
organic_search,finance,employed,asia,65322,3,6,0.6,1
organic_search,finance,student,asia,26150,3,7,0.65,1
social_media,education,employed,asia,46513,1,1,0.2,0
social_media,finance,employed,south_america,70886,1,0,0.33,0
paid_ads,finance,student,north_america,54386,2,2,0.34,0
organic_search,retail,employed,north_america,53198,3,8,0.81,1
referral,retail,self_employed,north_america,48869,3,5,0.58,0
referral,finance,employed,asia,71434,5,12,0.99,1
social_media,technology,employed,south_america,86401,3,6,0.69,1
social_media,technology,student,asia,44902,4,7,0.71,1
social_media,retail,employed,south_america,54901,1,5,0.49,0
organic_search,retail,employed,north_america,58796,2,7,0.58,0
social_media,finance,employed,north_america,88408,2,5,0.55,0
social_media,healthcare,student,europe,,1,6,0.59,0
referral,manufacturing,employed,north_america,62432,2,6,0.65,1
referral,manufacturing,student,africa,,5,12,0.99,1
referral,finance,,africa,81229,3,7,0.7,1
referral,retail,unemployed,europe,12000,2,3,0.37,1
organic_search,manufacturing,self_employed,europe,52448,3,3,0.5,1
social_media,finance,unemployed,asia,44615,3,6,0.64,1
paid_ads,education,employed,europe,36543,2,4,0.39,0
social_media,healthcare,,asia,60809,0,4,0.46,1
organic_search,retail,employed,africa,31539,3,7,0.63,1
social_media,finance,employed,africa,67230,3,7,0.7,1
referral,finance,,north_america,70360,1,5,0.6,1
referral,education,employed,asia,41215,3,7,0.71,1
events,manufacturing,,north_america,64145,5,8,0.72,1
social_media,finance,employed,north_america,75980,3,5,0.58,0
paid_ads,manufacturing,employed,europe,43376,0,3,0.44,0
paid_ads,,student,asia,,1,1,0.25,0
referral,finance,unemployed,europe,48362,1,5,0.54,1
social_media,finance,employed,south_america,70591,1,1,0.29,0
organic_search,technology,self_employed,europe,69237,3,8,0.84,1
social_media,retail,student,north_america,21834,2,5,0.5,0
social_media,retail,employed,north_america,61552,4,6,0.61,1
referral,healthcare,student,asia,30255,3,6,0.7,1
events,technology,self_employed,asia,66234,2,3,0.49,0
referral,education,employed,north_america,47060,3,9,0.91,1
organic_search,manufacturing,employed,africa,43241,2,4,0.41,0
social_media,retail,employed,north_america,36504,1,2,0.32,0
organic_search,technology,employed,europe,102093,2,3,0.46,1
social_media,education,unemployed,asia,12000,0,1,0.09,0
social_media,retail,unemployed,north_america,12000,1,3,0.37,0
organic_search,education,student,africa,12000,3,3,0.32,0
social_media,retail,unemployed,north_america,13804,1,5,0.49,0
paid_ads,education,employed,north_america,47466,3,6,0.59,1
social_media,technology,unemployed,europe,,1,4,0.41,0
referral,manufacturing,student,,31356,4,7,0.79,1
organic_search,technology,self_employed,south_america,71757,2,3,0.46,1
events,technology,student,,37390,2,4,0.42,0
organic_search,technology,self_employed,asia,83485,3,8,0.82,0
paid_ads,healthcare,employed,africa,39278,2,5,0.44,1
social_media,education,employed,europe,37645,3,7,0.53,1
events,education,employed,south_america,30676,1,0,0.06,0
events,healthcare,employed,north_america,68292,2,2,0.23,1
referral,healthcare,student,europe,35293,2,4,0.47,1
social_media,healthcare,employed,south_america,66906,3,5,0.58,1
paid_ads,technology,student,north_america,68175,0,2,0.22,1
paid_ads,manufacturing,student,africa,12000,3,7,0.57,0
referral,technology,employed,north_america,81304,4,10,0.97,1
paid_ads,finance,unemployed,asia,,0,1,0.21,1
social_media,healthcare,student,north_america,,2,4,0.44,1
organic_search,technology,unemployed,south_america,57654,0,4,0.43,0
paid_ads,finance,employed,north_america,86856,2,4,0.62,1
social_media,healthcare,employed,africa,54869,3,7,0.7,1
paid_ads,retail,employed,south_america,37406,1,0,0.06,0
organic_search,technology,student,asia,31881,2,6,0.57,1
paid_ads,technology,employed,south_america,85328,1,0,0.15,0
referral,retail,student,europe,,2,6,0.63,0
organic_search,healthcare,,north_america,59195,3,4,0.5,1
referral,retail,student,asia,12000,1,5,0.54,1
paid_ads,manufacturing,employed,asia,61218,1,2,0.33,1
organic_search,manufacturing,unemployed,north_america,18711,3,6,0.6,0
social_media,healthcare,employed,europe,72374,1,3,0.35,1
referral,technology,employed,asia,83498,2,7,0.78,1
paid_ads,healthcare,employed,europe,62787,2,3,0.37,0
organic_search,finance,unemployed,south_america,49356,2,5,0.53,1
referral,education,employed,africa,42768,5,9,0.91,1
paid_ads,,employed,north_america,79186,3,5,0.5,1
paid_ads,manufacturing,employed,asia,48655,3,6,0.62,1
social_media,healthcare,employed,north_america,74041,3,3,0.52,1
organic_search,,unemployed,asia,28711,3,4,0.46,1
events,education,employed,north_america,36953,3,8,0.76,1
organic_search,retail,employed,europe,42503,2,4,0.52,1
paid_ads,education,employed,,48367,1,2,0.23,0
paid_ads,,student,south_america,12000,2,5,0.5,0
social_media,education,employed,south_america,26797,1,4,0.37,0
organic_search,retail,self_employed,north_america,48193,2,6,0.6,1
paid_ads,,employed,north_america,88807,2,5,0.51,1
referral,education,employed,europe,31392,3,4,0.52,0
social_media,technology,self_employed,europe,71364,4,7,0.65,1
organic_search,technology,,europe,75827,0,1,0.25,0
events,healthcare,unemployed,south_america,29089,0,0,0.01,0
social_media,technology,employed,africa,81178,0,0,0.29,0
social_media,healthcare,student,asia,28880,2,7,0.62,0
social_media,technology,self_employed,europe,59919,2,5,0.55,0
social_media,finance,student,north_america,,1,1,0.23,0
paid_ads,healthcare,unemployed,europe,39495,2,4,0.44,1
organic_search,education,employed,north_america,50911,4,8,0.7,1
paid_ads,finance,employed,north_america,74475,1,5,0.54,1
organic_search,education,employed,north_america,49132,2,3,0.43,1
events,healthcare,unemployed,south_america,,0,2,0.21,0
referral,technology,unemployed,asia,42183,1,5,0.47,0
events,technology,unemployed,asia,31108,0,2,0.23,0
organic_search,manufacturing,employed,africa,51450,1,4,0.48,1
organic_search,finance,employed,north_america,87138,0,3,0.39,1
referral,healthcare,student,asia,12000,2,6,0.63,1
paid_ads,technology,employed,asia,74288,4,7,0.72,1
events,healthcare,unemployed,africa,33303,2,3,0.33,0
referral,finance,employed,asia,63793,6,9,0.96,1
,manufacturing,unemployed,north_america,29799,3,10,0.86,1
organic_search,healthcare,student,south_america,12000,2,2,0.27,0
organic_search,healthcare,employed,north_america,60101,3,7,0.74,1
social_media,technology,employed,europe,81020,1,1,0.26,0
organic_search,manufacturing,student,north_america,16343,2,5,0.51,0
events,technology,employed,africa,76596,3,4,0.48,1
organic_search,retail,self_employed,south_america,33618,3,5,0.59,1
paid_ads,finance,unemployed,africa,,2,6,0.6,1
referral,education,employed,asia,36373,2,3,0.46,1
organic_search,,self_employed,europe,96883,2,4,0.48,0
referral,education,employed,asia,35156,2,9,0.71,1
social_media,finance,employed,asia,77335,1,0,0.28,0
paid_ads,retail,self_employed,north_america,48647,2,3,0.32,0
organic_search,technology,student,asia,40492,2,6,0.57,0
paid_ads,retail,student,europe,,1,1,0.17,0
paid_ads,retail,unemployed,south_america,20721,1,3,0.31,0
organic_search,finance,employed,north_america,78551,2,6,0.63,1
organic_search,technology,employed,europe,84957,1,3,0.48,1
referral,healthcare,employed,europe,56372,4,8,0.81,1
organic_search,technology,employed,south_america,63097,2,5,0.56,1
referral,technology,employed,europe,74243,4,11,0.94,1
events,healthcare,self_employed,north_america,66816,2,5,0.57,0
social_media,finance,unemployed,europe,,1,2,0.35,0
referral,technology,student,africa,34971,5,7,0.79,1
referral,retail,employed,north_america,38421,5,10,0.96,1
organic_search,healthcare,employed,asia,65545,4,8,0.77,0
referral,education,employed,asia,44694,1,6,0.72,1
paid_ads,technology,employed,africa,80385,0,3,0.36,0
organic_search,technology,employed,north_america,88718,3,4,0.65,0
organic_search,finance,employed,europe,81207,3,10,0.89,1
paid_ads,technology,student,north_america,,3,7,0.68,1
social_media,technology,unemployed,asia,51566,2,2,0.28,0
referral,finance,unemployed,asia,,0,3,0.37,0
organic_search,healthcare,unemployed,north_america,40892,0,4,0.45,1
paid_ads,healthcare,employed,europe,62285,1,0,0.2,1
social_media,technology,employed,south_america,81170,2,5,0.57,0
referral,healthcare,employed,europe,63653,5,7,0.88,1
organic_search,retail,self_employed,north_america,34918,2,4,0.48,0
social_media,technology,,north_america,78495,3,5,0.58,1
,finance,self_employed,north_america,73709,2,2,0.45,0
social_media,manufacturing,employed,asia,42742,1,3,0.39,0
paid_ads,healthcare,self_employed,europe,55610,2,3,0.38,1
referral,technology,employed,europe,86421,1,5,0.61,1
paid_ads,finance,unemployed,north_america,58720,1,6,0.57,1
social_media,healthcare,unemployed,europe,32012,0,1,0.17,0
referral,education,employed,europe,49922,1,4,0.6,1
social_media,education,student,south_america,12000,1,3,0.31,0
social_media,healthcare,employed,europe,58042,1,3,0.36,0
organic_search,education,unemployed,south_america,18266,1,2,0.32,1
organic_search,education,,asia,12000,2,4,0.38,1
social_media,technology,unemployed,asia,49028,1,0,0.13,0
events,finance,employed,south_america,72283,3,6,0.59,0
organic_search,technology,unemployed,europe,,2,2,0.26,0
social_media,technology,student,africa,,3,5,0.63,1
organic_search,manufacturing,self_employed,asia,49464,3,7,0.62,1
social_media,technology,employed,south_america,79155,3,9,0.83,1
social_media,technology,employed,africa,72087,2,6,0.71,1
organic_search,finance,employed,asia,69002,3,8,0.79,1
referral,technology,employed,europe,85479,3,7,0.69,0
paid_ads,technology,employed,europe,76327,2,4,0.42,1
paid_ads,technology,employed,north_america,85718,2,6,0.62,1
referral,finance,self_employed,asia,68767,2,4,0.52,1
events,,unemployed,south_america,44727,1,4,0.47,0
referral,education,employed,south_america,39875,2,5,0.56,1
events,education,unemployed,south_america,15929,2,0,0.18,0
organic_search,manufacturing,student,north_america,31890,1,1,0.19,0
social_media,healthcare,self_employed,south_america,63899,2,3,0.42,0
organic_search,finance,self_employed,north_america,79761,2,4,0.49,0
paid_ads,retail,employed,europe,38541,1,1,0.25,0
events,technology,employed,,72808,2,4,0.46,0
organic_search,retail,employed,north_america,47029,1,0,0.11,0
,manufacturing,self_employed,europe,61881,4,6,0.64,0
organic_search,manufacturing,student,north_america,35989,3,7,0.73,1
paid_ads,finance,employed,north_america,75658,3,7,0.6,1
social_media,technology,employed,south_america,77513,4,9,0.88,1
social_media,healthcare,employed,north_america,81866,3,7,0.72,1
organic_search,technology,student,africa,,2,4,0.53,1
organic_search,retail,employed,north_america,53635,3,7,0.64,1
paid_ads,retail,employed,asia,42693,1,3,0.39,0
organic_search,,student,south_america,12000,2,4,0.45,0
organic_search,retail,employed,europe,47979,4,9,0.7,0
social_media,retail,student,south_america,12000,1,3,0.29,0
organic_search,finance,employed,asia,76942,3,7,0.78,1
referral,manufacturing,employed,africa,59172,4,7,0.72,0
referral,technology,student,,37131,3,5,0.6,0
paid_ads,manufacturing,self_employed,south_america,33815,2,2,0.33,0
organic_search,manufacturing,self_employed,north_america,50207,2,7,0.66,1
paid_ads,technology,employed,asia,84406,3,7,0.73,1
paid_ads,retail,employed,europe,53107,1,3,0.34,0
referral,finance,employed,europe,84280,3,6,0.63,1
social_media,technology,employed,north_america,79597,2,6,0.58,1
referral,retail,employed,south_america,51772,2,9,0.86,1
paid_ads,education,employed,south_america,37363,4,8,0.62,1
paid_ads,finance,student,europe,34253,1,3,0.31,1
organic_search,,employed,africa,33496,3,9,0.75,1
paid_ads,technology,,europe,82931,1,4,0.46,1
organic_search,education,employed,south_america,49683,2,4,0.43,1
paid_ads,technology,employed,europe,69522,2,3,0.33,1
social_media,healthcare,employed,north_america,60182,2,3,0.48,0
organic_search,healthcare,employed,asia,58670,4,6,0.71,1
paid_ads,technology,student,asia,,0,1,0.11,1
paid_ads,manufacturing,self_employed,asia,52612,1,1,0.16,0
paid_ads,finance,employed,north_america,74274,1,4,0.43,0
referral,finance,unemployed,europe,38358,1,5,0.59,1
referral,finance,employed,south_america,52753,1,0,0.34,0
social_media,,self_employed,south_america,30391,1,4,0.4,0
events,technology,,europe,78495,2,2,0.47,1
paid_ads,healthcare,employed,europe,68979,2,5,0.54,1
paid_ads,retail,employed,south_america,55997,2,2,0.22,0
organic_search,retail,employed,europe,36101,2,3,0.53,1
social_media,technology,employed,asia,69850,2,3,0.49,0
organic_search,finance,employed,europe,82094,2,7,0.72,1
paid_ads,technology,student,europe,,2,7,0.53,1
referral,technology,employed,asia,79287,0,3,0.39,0
events,healthcare,employed,north_america,65493,0,5,0.53,1
organic_search,finance,unemployed,africa,48955,2,4,0.55,0
social_media,healthcare,employed,europe,67997,2,6,0.63,0
organic_search,manufacturing,unemployed,asia,17619,1,4,0.39,1
events,retail,student,europe,16998,2,4,,0
paid_ads,education,employed,north_america,40828,1,5,0.42,0
paid_ads,education,employed,north_america,42287,1,1,0.25,0
paid_ads,education,student,north_america,15985,0,0,0.01,0
paid_ads,technology,employed,north_america,71590,3,3,0.41,0
social_media,education,employed,europe,49932,2,2,0.28,1
social_media,manufacturing,self_employed,europe,48875,1,5,0.4,0
organic_search,education,employed,europe,62947,1,2,0.4,1
social_media,education,employed,africa,25689,2,2,0.45,0
,finance,self_employed,africa,68477,2,5,0.59,0
organic_search,finance,employed,asia,62519,2,2,0.35,1
referral,technology,employed,north_america,74886,1,6,0.61,1
paid_ads,healthcare,,north_america,22938,1,3,0.25,0
paid_ads,retail,student,asia,12000,3,4,0.38,0
events,finance,unemployed,asia,,0,3,0.3,0
events,education,self_employed,africa,29855,2,5,0.48,0
events,technology,employed,africa,68809,3,7,0.61,0
paid_ads,education,self_employed,south_america,31319,1,5,0.43,0
organic_search,education,self_employed,north_america,52592,3,4,0.56,1
social_media,retail,employed,asia,33075,1,1,0.3,1
organic_search,manufacturing,employed,europe,56899,4,9,0.87,1
organic_search,retail,student,asia,,2,4,0.49,1
organic_search,technology,employed,north_america,65127,2,4,0.53,1
paid_ads,finance,employed,north_america,81407,1,3,0.39,0
organic_search,technology,employed,north_america,86925,3,5,0.65,1
events,education,self_employed,north_america,27334,2,1,0.25,1
social_media,healthcare,employed,north_america,65728,3,4,0.45,1
paid_ads,finance,unemployed,africa,41034,2,1,0.26,0
events,manufacturing,self_employed,asia,51533,1,1,0.19,0
organic_search,healthcare,employed,north_america,55724,1,5,0.6,1
social_media,finance,employed,north_america,86248,2,2,0.4,1
events,finance,unemployed,north_america,70746,2,5,0.54,1
organic_search,,employed,asia,77524,2,3,0.48,1
social_media,finance,employed,north_america,89396,2,4,0.46,1
social_media,manufacturing,employed,europe,65481,1,5,0.46,1
referral,retail,employed,north_america,34004,3,8,0.78,1
organic_search,finance,self_employed,north_america,73612,3,6,0.61,0
organic_search,retail,employed,europe,48778,0,1,0.23,1
social_media,retail,employed,north_america,47043,3,6,0.63,1
paid_ads,technology,unemployed,north_america,59468,0,4,0.43,1
paid_ads,manufacturing,employed,europe,74972,2,5,0.4,1
paid_ads,healthcare,employed,,63535,2,1,0.18,0
organic_search,healthcare,employed,europe,59850,3,5,0.53,1
paid_ads,retail,employed,asia,39729,4,4,0.45,0
referral,technology,employed,africa,70268,2,6,0.67,1
organic_search,finance,self_employed,north_america,77879,3,6,0.66,1
events,manufacturing,employed,europe,49268,2,5,0.48,1
referral,finance,student,south_america,35635,1,3,0.37,1
referral,retail,employed,asia,31537,2,3,0.4,1
paid_ads,technology,student,africa,43944,2,4,0.49,0
social_media,retail,employed,europe,44990,3,7,0.61,0
,finance,employed,south_america,80282,3,5,0.6,0
paid_ads,finance,employed,north_america,72898,5,7,0.79,1
referral,healthcare,employed,south_america,65844,5,8,0.78,1
paid_ads,retail,unemployed,north_america,21758,0,1,0.21,0
social_media,retail,unemployed,north_america,28711,2,1,0.28,0
organic_search,healthcare,employed,asia,67117,1,4,0.5,0
organic_search,healthcare,employed,north_america,71974,3,5,0.58,1
organic_search,retail,student,south_america,,1,3,0.29,0
organic_search,education,employed,north_america,56989,4,11,0.99,1
events,technology,self_employed,africa,62338,1,2,0.29,0
referral,technology,,north_america,93716,2,5,0.57,1
paid_ads,,employed,north_america,62737,2,2,0.38,1
social_media,technology,employed,asia,86998,1,3,0.39,0
,manufacturing,employed,europe,48439,3,4,0.46,1
organic_search,technology,employed,south_america,74732,2,3,0.45,1
organic_search,finance,student,europe,,3,6,0.58,1
paid_ads,retail,self_employed,north_america,65523,1,1,0.28,0
paid_ads,healthcare,unemployed,asia,,0,0,0.06,0
referral,healthcare,,africa,64988,2,7,0.65,1
social_media,healthcare,employed,asia,69925,1,2,0.25,0
organic_search,technology,unemployed,north_america,73173,1,5,0.52,0
events,education,unemployed,south_america,14282,0,4,0.26,0
referral,healthcare,employed,south_america,65666,2,4,0.6,0
social_media,technology,employed,north_america,72912,3,5,0.61,1
organic_search,retail,employed,europe,54883,3,6,0.59,1
referral,education,employed,europe,33632,3,9,0.8,1
events,retail,employed,north_america,44831,2,4,0.39,1
referral,finance,student,africa,,2,5,0.6,0
organic_search,education,employed,north_america,40000,5,8,0.77,1
organic_search,technology,employed,south_america,63847,0,1,0.31,1
referral,retail,employed,africa,44169,3,6,0.72,1
referral,retail,employed,europe,51403,1,4,0.56,1
organic_search,healthcare,student,europe,28148,2,5,0.53,0
,technology,employed,asia,80457,3,5,0.64,1
organic_search,healthcare,student,north_america,49396,2,6,0.59,1
paid_ads,finance,employed,north_america,74482,1,8,0.65,1
organic_search,retail,self_employed,north_america,42830,0,3,0.4,1
referral,healthcare,employed,,67631,3,5,0.7,1
events,education,employed,europe,47237,2,2,0.25,0
social_media,technology,employed,asia,81242,2,7,0.75,1
referral,healthcare,employed,,58709,2,4,0.58,0
organic_search,education,unemployed,south_america,12000,0,0,0.1,0
paid_ads,technology,employed,asia,80011,3,4,0.43,0
paid_ads,education,employed,north_america,49856,0,0,0.1,0
paid_ads,education,employed,africa,43620,3,7,0.62,1
organic_search,retail,student,north_america,28881,3,5,0.63,1
paid_ads,manufacturing,employed,south_america,52002,1,1,0.26,0
organic_search,manufacturing,self_employed,south_america,57629,2,7,0.62,0
social_media,finance,employed,europe,69324,2,1,0.29,1
organic_search,education,employed,asia,53212,3,5,0.52,1
paid_ads,technology,employed,south_america,58664,1,5,0.41,0
,,employed,north_america,93118,3,5,0.65,1
referral,education,student,south_america,12000,2,4,0.46,1
organic_search,retail,employed,asia,46364,4,6,0.7,1
paid_ads,technology,unemployed,north_america,,0,3,0.28,0
referral,education,student,south_america,12000,2,5,0.49,1
,retail,employed,asia,53869,2,3,0.49,1
paid_ads,education,employed,north_america,52631,2,3,0.3,1
paid_ads,,self_employed,north_america,68565,0,1,0.2,1
events,finance,unemployed,asia,42704,2,4,0.38,1
organic_search,technology,,africa,79569,4,9,0.83,1
referral,retail,unemployed,,12000,2,8,0.6,1
social_media,healthcare,unemployed,africa,34768,0,3,0.28,0
organic_search,education,,south_america,33897,4,9,0.79,1
organic_search,retail,unemployed,africa,19037,0,0,0.05,0
events,retail,employed,asia,55208,2,3,0.46,1
referral,education,employed,,46072,2,6,0.69,1
paid_ads,finance,employed,asia,89498,1,1,0.27,0
organic_search,technology,self_employed,north_america,87454,2,5,0.61,1
organic_search,retail,employed,asia,18292,3,5,0.48,1
referral,technology,employed,europe,76978,2,7,0.7,1
organic_search,retail,employed,europe,47289,2,4,0.43,1
referral,healthcare,employed,asia,63297,3,5,0.6,0
organic_search,finance,student,north_america,52712,1,4,0.46,0
paid_ads,retail,employed,north_america,43634,1,2,0.29,0
referral,retail,employed,asia,31970,3,7,0.75,1
referral,technology,employed,north_america,75254,2,7,0.76,1
events,education,unemployed,north_america,12000,0,3,0.2,0
organic_search,technology,employed,asia,72025,4,10,0.86,1
social_media,education,employed,asia,43570,2,5,0.5,1
organic_search,healthcare,self_employed,europe,62508,3,6,0.66,1
events,finance,self_employed,south_america,80026,3,5,0.65,1
organic_search,education,employed,north_america,42297,3,8,0.81,1
,retail,employed,africa,32247,2,4,0.48,0
organic_search,manufacturing,,europe,42576,2,4,0.36,1
organic_search,healthcare,,europe,23158,2,2,0.33,0
paid_ads,technology,unemployed,north_america,,0,2,0.25,1
events,technology,employed,north_america,80003,1,0,0.2,0
events,technology,unemployed,south_america,43295,0,2,0.32,1
paid_ads,manufacturing,employed,asia,47316,2,3,0.38,1
organic_search,education,student,europe,,1,1,0.27,0
paid_ads,technology,student,north_america,,0,0,0.01,0
organic_search,finance,unemployed,south_america,29468,1,5,0.46,1
events,retail,employed,europe,47099,2,3,0.32,1
events,healthcare,employed,north_america,72412,1,4,0.46,1
social_media,healthcare,employed,africa,55595,2,2,0.35,0
paid_ads,manufacturing,,europe,49265,2,5,0.47,1
referral,retail,employed,south_america,26012,3,6,0.65,1
events,technology,employed,north_america,91025,0,2,0.33,1
social_media,retail,employed,north_america,52128,3,9,0.8,1
referral,education,employed,asia,46988,2,4,0.45,0
social_media,healthcare,self_employed,north_america,61448,1,2,0.35,1
social_media,retail,self_employed,asia,42099,3,6,0.65,1
social_media,retail,employed,europe,67554,1,4,0.47,1
events,retail,unemployed,asia,21561,0,1,0.17,0
organic_search,retail,employed,north_america,44222,1,3,0.47,0
organic_search,healthcare,student,north_america,24954,1,2,0.2,0
referral,technology,employed,north_america,93322,2,5,0.62,1
social_media,manufacturing,employed,north_america,63536,6,9,0.96,1
organic_search,manufacturing,employed,europe,43736,2,4,0.44,0
social_media,,self_employed,north_america,51816,4,6,0.61,0
social_media,,student,asia,20062,1,3,0.38,0
paid_ads,education,self_employed,south_america,34833,1,4,0.44,1
organic_search,finance,unemployed,south_america,35729,2,5,0.59,1
social_media,finance,employed,asia,73593,4,7,0.63,1
organic_search,retail,student,north_america,15991,2,7,0.57,0
organic_search,technology,employed,north_america,87622,3,5,0.67,1
organic_search,manufacturing,employed,south_america,42215,2,6,0.61,0
organic_search,healthcare,self_employed,asia,58807,3,5,0.58,1
referral,finance,student,south_america,34451,3,5,0.71,1
paid_ads,education,self_employed,africa,31137,2,2,0.23,0
paid_ads,finance,employed,asia,77057,2,3,0.42,1
social_media,technology,employed,africa,59408,4,7,0.75,1
referral,technology,unemployed,north_america,62284,2,5,0.65,0
organic_search,finance,unemployed,asia,48202,0,0,0.19,0
events,retail,self_employed,asia,42470,0,1,0.24,0
organic_search,retail,,south_america,51981,1,2,0.36,1
organic_search,technology,employed,south_america,60049,3,4,0.51,1
paid_ads,finance,,north_america,76619,1,3,0.4,0
social_media,finance,employed,north_america,91962,4,6,0.69,1
social_media,manufacturing,unemployed,north_america,36582,1,0,0.12,0
organic_search,finance,student,asia,,5,6,0.7,1
paid_ads,retail,employed,south_america,33424,2,2,0.25,0
organic_search,education,student,europe,17938,2,7,0.67,1
organic_search,education,self_employed,north_america,50402,2,6,0.56,1
organic_search,manufacturing,employed,europe,75250,3,6,0.67,0
paid_ads,healthcare,employed,europe,60837,3,6,0.58,1
events,technology,student,,,3,8,0.81,0
paid_ads,finance,student,south_america,29458,1,3,0.21,0
organic_search,retail,unemployed,africa,12427,2,5,0.48,0
paid_ads,retail,self_employed,asia,33152,2,5,0.57,1
social_media,retail,unemployed,asia,12263,2,4,0.41,1
organic_search,education,employed,,52229,2,5,0.55,1
paid_ads,technology,employed,south_america,85628,1,2,0.4,0
paid_ads,healthcare,student,south_america,23038,0,2,0.2,0
events,retail,employed,north_america,67516,2,5,0.53,1
events,retail,self_employed,africa,19756,3,5,0.52,1
organic_search,finance,employed,south_america,54835,2,5,0.61,0
referral,retail,employed,north_america,64463,3,6,0.66,1
social_media,technology,employed,africa,74577,2,8,0.69,1
paid_ads,,,europe,52202,2,5,0.46,0
events,finance,unemployed,asia,47970,0,0,0.17,0
social_media,education,student,europe,,3,3,0.28,0
organic_search,technology,employed,europe,86191,1,2,0.42,0
organic_search,healthcare,employed,south_america,44535,1,2,0.28,0
referral,education,self_employed,africa,29244,4,10,0.88,1
social_media,retail,self_employed,north_america,39678,2,0,0.14,0
social_media,healthcare,student,north_america,31498,1,4,0.33,0
paid_ads,retail,employed,south_america,35191,4,5,0.53,1
referral,finance,student,north_america,53162,3,3,0.56,0
social_media,technology,unemployed,south_america,48175,1,3,0.34,0
referral,finance,employed,north_america,88071,4,7,0.82,1
organic_search,technology,self_employed,asia,61359,3,8,0.7,0
paid_ads,manufacturing,employed,asia,58820,2,1,0.3,1
events,manufacturing,employed,europe,60651,1,4,,1
paid_ads,healthcare,employed,,77641,2,7,0.72,1
referral,retail,employed,asia,53427,1,1,0.34,1
organic_search,manufacturing,student,north_america,24675,3,4,0.47,0
events,education,employed,south_america,45800,0,0,0.12,0
paid_ads,finance,self_employed,africa,75458,3,8,0.79,1
paid_ads,technology,employed,europe,62975,2,4,0.39,0
social_media,technology,employed,africa,76846,3,3,0.5,1
referral,technology,student,north_america,54165,2,8,0.78,1
organic_search,education,,europe,12000,2,3,0.35,1
paid_ads,finance,employed,south_america,72819,1,2,0.25,1
referral,finance,employed,north_america,85720,3,7,0.77,1
social_media,healthcare,unemployed,south_america,34020,2,5,0.53,0
paid_ads,manufacturing,self_employed,africa,55600,1,3,0.34,1
events,healthcare,employed,north_america,68409,2,5,0.47,1
organic_search,,unemployed,asia,21183,0,5,0.53,0
paid_ads,finance,employed,south_america,71888,3,7,0.68,1
paid_ads,technology,self_employed,north_america,86128,1,0,0.16,0
paid_ads,manufacturing,employed,north_america,59999,3,9,0.73,1
events,,unemployed,north_america,37554,1,2,0.3,0
organic_search,education,employed,north_america,51337,3,6,0.63,0
referral,technology,employed,north_america,83343,3,8,0.86,1
organic_search,finance,employed,north_america,87653,4,6,0.71,1
social_media,technology,self_employed,,77309,2,5,0.48,1
social_media,,employed,asia,46640,2,7,0.66,1
paid_ads,retail,employed,,40626,2,5,0.57,1
social_media,technology,self_employed,asia,81430,3,2,0.35,1
referral,,unemployed,europe,61740,3,6,0.61,0
social_media,technology,self_employed,europe,75863,1,3,0.41,1
social_media,technology,employed,europe,84480,2,4,0.41,1
social_media,finance,unemployed,north_america,47080,1,3,0.33,0
organic_search,manufacturing,employed,north_america,47650,3,6,0.66,1
social_media,technology,employed,asia,81054,4,6,0.71,1
paid_ads,finance,employed,asia,66938,0,0,0.26,0
events,,employed,asia,81462,3,5,0.48,0
,healthcare,employed,,59964,2,3,0.42,1
events,manufacturing,employed,,79114,3,4,0.46,1
organic_search,manufacturing,employed,north_america,73114,1,3,0.37,1
events,technology,student,europe,45275,0,2,0.23,0
organic_search,technology,employed,north_america,89643,4,7,0.77,1
paid_ads,technology,student,asia,52388,2,2,0.26,0
organic_search,healthcare,,south_america,25710,2,5,0.49,0
social_media,technology,employed,europe,80366,3,8,0.72,1
paid_ads,technology,employed,asia,65246,0,3,0.34,0
organic_search,healthcare,employed,asia,76099,3,5,0.57,1
social_media,,employed,north_america,73635,3,4,0.58,1
social_media,healthcare,self_employed,asia,56065,1,5,0.5,1
paid_ads,finance,employed,north_america,84208,1,4,0.45,0
paid_ads,manufacturing,self_employed,north_america,66323,1,3,0.37,0
social_media,technology,self_employed,asia,57874,2,4,0.46,1
paid_ads,finance,employed,europe,88653,1,2,0.33,1
social_media,healthcare,employed,south_america,50108,3,8,0.67,1
social_media,manufacturing,employed,asia,56719,1,2,0.39,1
events,healthcare,unemployed,north_america,,1,2,0.35,0
,retail,self_employed,europe,43055,2,6,0.49,1
social_media,technology,self_employed,south_america,59591,3,5,0.57,1
social_media,healthcare,employed,europe,74748,4,8,0.69,1
referral,healthcare,self_employed,asia,57079,3,4,0.54,1
social_media,retail,unemployed,asia,12000,4,6,0.61,1
paid_ads,retail,employed,asia,38595,3,6,0.59,0
organic_search,healthcare,employed,asia,66878,2,4,0.46,1
organic_search,manufacturing,employed,north_america,48636,3,7,0.63,1
paid_ads,finance,student,asia,35778,2,5,0.56,0
,healthcare,employed,asia,60286,2,5,0.5,0
social_media,retail,employed,,41459,6,10,0.9,1
organic_search,finance,employed,europe,73795,2,6,0.68,1
organic_search,education,employed,north_america,44737,2,7,0.72,1
events,retail,self_employed,europe,50291,0,3,0.24,0
events,finance,employed,africa,62836,1,2,0.31,0
paid_ads,manufacturing,student,south_america,,1,5,0.44,0
referral,retail,employed,africa,34777,1,5,0.49,0
paid_ads,technology,unemployed,asia,57411,0,0,0.08,0
paid_ads,technology,employed,asia,60715,1,3,0.28,1
organic_search,,unemployed,europe,12000,1,2,0.19,0
,healthcare,employed,north_america,66206,2,4,0.52,0
organic_search,education,employed,asia,34199,1,4,0.37,1
social_media,manufacturing,unemployed,south_america,24238,1,2,0.36,0
paid_ads,manufacturing,,europe,76958,3,8,0.72,0
social_media,healthcare,employed,africa,62266,1,1,0.32,0
paid_ads,manufacturing,employed,africa,47058,2,3,0.35,0
social_media,finance,self_employed,europe,62077,2,3,0.4,1
events,healthcare,self_employed,north_america,66902,3,7,0.6,1
paid_ads,healthcare,self_employed,europe,61943,4,5,0.6,1
paid_ads,retail,,asia,18677,2,8,0.59,1
,retail,,europe,58920,3,5,0.46,1
organic_search,retail,self_employed,europe,39447,1,3,0.4,0
referral,technology,student,south_america,61883,2,6,0.7,0
organic_search,healthcare,employed,north_america,57778,3,7,0.66,1
events,healthcare,student,asia,17041,2,3,0.38,1
referral,retail,self_employed,europe,51631,5,10,0.93,1
paid_ads,healthcare,student,asia,18641,3,6,0.57,0
paid_ads,healthcare,employed,north_america,68149,2,4,0.43,0
,manufacturing,,,49820,2,3,0.44,0
paid_ads,technology,employed,north_america,88046,1,4,0.4,0
events,healthcare,employed,asia,68386,1,5,0.52,0
referral,finance,employed,asia,84050,3,6,0.58,1
organic_search,healthcare,employed,,73505,2,5,0.54,1
referral,healthcare,employed,north_america,64238,3,6,0.68,1
paid_ads,retail,employed,europe,52448,3,5,0.48,0
organic_search,technology,employed,south_america,69908,2,7,0.73,1
social_media,technology,student,south_america,,1,1,0.26,0
social_media,retail,employed,asia,39846,3,3,0.31,0
organic_search,technology,employed,south_america,68633,1,1,0.3,0
organic_search,retail,employed,north_america,54048,2,6,0.52,1
social_media,education,employed,europe,44529,2,8,0.73,0
paid_ads,manufacturing,employed,,84462,2,7,0.55,1
paid_ads,healthcare,employed,asia,50300,5,9,0.71,1
organic_search,healthcare,employed,africa,53601,2,4,0.51,1
,education,self_employed,north_america,34582,3,7,0.65,1
organic_search,education,unemployed,north_america,12000,2,3,0.41,0
referral,healthcare,employed,north_america,86660,3,7,0.83,1
social_media,healthcare,employed,africa,59325,3,6,0.71,1
,technology,self_employed,asia,93721,3,7,0.65,1
social_media,education,employed,north_america,56376,3,5,0.61,1
organic_search,retail,employed,south_america,33239,3,7,0.71,1
events,healthcare,employed,europe,71813,1,0,0.12,0
organic_search,technology,unemployed,asia,56154,2,2,0.38,0
paid_ads,technology,unemployed,south_america,40821,2,1,0.14,0
referral,education,employed,asia,32373,3,5,0.53,1
social_media,technology,student,europe,48242,2,3,0.38,0
paid_ads,technology,self_employed,asia,72204,4,6,0.62,1
paid_ads,finance,self_employed,south_america,79991,2,5,0.54,0
paid_ads,technology,unemployed,north_america,55062,3,6,0.49,1
referral,healthcare,,north_america,43987,1,2,0.4,1
organic_search,retail,student,asia,13994,3,9,0.79,1
paid_ads,retail,employed,south_america,56373,2,4,0.42,0
referral,healthcare,employed,europe,64976,3,8,0.85,1
events,technology,employed,north_america,89734,3,4,0.55,0
referral,technology,employed,north_america,94283,3,5,0.63,1
social_media,healthcare,student,north_america,,1,6,0.57,1
social_media,technology,employed,asia,73381,2,1,0.3,1
organic_search,technology,unemployed,south_america,,2,4,0.43,1
paid_ads,healthcare,employed,europe,49399,4,7,0.65,1
events,healthcare,employed,asia,52373,1,5,0.46,0
organic_search,education,employed,north_america,38670,1,6,0.52,0
paid_ads,,employed,europe,70263,4,8,0.8,1
,,,europe,68908,4,5,0.48,1
social_media,education,,asia,14067,2,5,0.51,0
organic_search,,employed,north_america,87770,2,5,0.47,1
social_media,manufacturing,employed,north_america,66566,3,6,0.62,1
paid_ads,education,employed,north_america,46336,2,2,0.25,0
paid_ads,finance,unemployed,south_america,55346,0,2,0.2,0
social_media,education,,south_america,52294,2,5,0.51,1
social_media,manufacturing,student,north_america,39993,3,6,0.62,1
organic_search,technology,employed,south_america,71381,1,1,0.32,1
paid_ads,finance,employed,asia,84288,3,4,0.39,1
social_media,technology,student,,58081,3,6,0.57,1
referral,healthcare,,europe,60566,2,4,0.47,1
social_media,technology,employed,europe,89613,3,4,0.56,0
social_media,retail,unemployed,north_america,22562,2,5,0.4,0
organic_search,technology,employed,europe,70231,3,6,0.61,1
events,retail,student,north_america,23840,2,6,0.56,1
,education,self_employed,europe,50124,1,3,0.41,1
paid_ads,technology,student,north_america,58630,1,2,0.37,1
paid_ads,technology,employed,europe,92715,0,2,0.22,1
,technology,employed,north_america,91233,2,2,0.3,0
organic_search,manufacturing,employed,europe,69369,1,6,0.48,1
paid_ads,technology,student,north_america,48676,0,0,0.02,0
events,healthcare,employed,north_america,62985,2,5,0.51,0
referral,technology,employed,europe,80204,2,1,0.38,1
paid_ads,retail,student,asia,19217,1,5,0.41,0
social_media,technology,student,north_america,31931,0,2,0.28,1
paid_ads,finance,,north_america,80102,1,4,0.45,1
paid_ads,technology,employed,asia,88426,1,2,0.35,1
organic_search,retail,unemployed,asia,26117,3,6,0.68,1
organic_search,retail,employed,south_america,20631,1,2,0.32,0
organic_search,retail,self_employed,north_america,37087,2,3,0.39,1
organic_search,healthcare,employed,north_america,72707,2,1,0.25,1
referral,retail,employed,africa,48790,4,9,0.92,1
organic_search,technology,employed,south_america,65954,3,5,0.7,1
paid_ads,technology,employed,asia,90735,3,4,0.5,0
social_media,finance,employed,asia,66286,4,8,0.78,1
organic_search,finance,self_employed,asia,76328,2,5,0.58,1
events,finance,employed,north_america,66670,2,4,0.47,1
referral,technology,unemployed,south_america,,4,7,0.78,0
social_media,finance,employed,europe,71764,2,4,0.47,0
,finance,,south_america,40492,1,2,0.26,0
social_media,manufacturing,employed,south_america,47016,2,5,0.55,1
social_media,education,student,,12000,1,5,0.44,0
paid_ads,finance,employed,,73160,2,5,0.64,1
social_media,,student,europe,15239,3,3,0.41,1
events,retail,employed,north_america,60518,1,3,0.37,0
organic_search,education,employed,asia,30806,3,7,0.6,1
organic_search,finance,self_employed,north_america,85580,1,2,0.38,0
organic_search,education,employed,europe,45933,3,10,0.81,1
events,manufacturing,employed,north_america,84434,4,7,0.77,1
organic_search,healthcare,unemployed,europe,32047,3,6,0.57,1
paid_ads,education,employed,africa,24475,4,6,0.56,0
social_media,technology,employed,south_america,71772,2,4,0.43,0
events,manufacturing,employed,africa,31153,0,4,0.35,0
referral,healthcare,student,north_america,28049,2,5,0.6,0
organic_search,finance,unemployed,north_america,61452,2,2,0.29,1
social_media,healthcare,student,south_america,13764,2,4,0.46,0
referral,manufacturing,employed,asia,57554,3,6,0.74,1
social_media,technology,student,north_america,51086,5,8,0.86,1
organic_search,retail,student,north_america,,1,6,0.56,0
paid_ads,technology,,north_america,64473,0,1,0.16,1
organic_search,retail,employed,south_america,37756,1,2,0.39,1
paid_ads,technology,employed,africa,75565,1,3,0.32,0
social_media,technology,employed,north_america,86380,1,1,0.36,0
organic_search,healthcare,employed,europe,54535,3,8,0.74,1
paid_ads,technology,employed,europe,79581,1,3,0.4,1
events,healthcare,unemployed,north_america,,0,0,0.16,1
referral,education,self_employed,north_america,42450,2,6,0.61,1
referral,finance,employed,asia,68201,4,7,0.81,1
social_media,technology,unemployed,north_america,,1,0,0.2,0
paid_ads,retail,employed,africa,29043,3,6,0.62,1
paid_ads,finance,employed,europe,90767,2,6,0.6,1
events,healthcare,self_employed,asia,58408,2,5,0.62,0
paid_ads,finance,employed,asia,79623,1,2,0.3,1
social_media,retail,employed,north_america,58063,3,4,0.43,1
organic_search,technology,employed,south_america,74363,2,3,0.45,1
social_media,finance,employed,north_america,79751,4,6,0.74,1
events,technology,employed,north_america,84063,2,2,,1
referral,finance,student,south_america,19870,3,4,0.53,0
organic_search,education,student,europe,12000,2,7,0.58,1
paid_ads,finance,employed,asia,78842,4,4,0.53,1
organic_search,retail,unemployed,,16064,3,2,0.27,0
events,technology,unemployed,europe,56776,1,2,0.39,0
paid_ads,education,unemployed,europe,12000,1,1,0.12,1
organic_search,retail,employed,europe,35504,4,7,0.69,1
social_media,finance,self_employed,south_america,63288,4,6,0.65,1
referral,manufacturing,unemployed,asia,25426,2,3,0.39,1
paid_ads,retail,employed,north_america,40818,1,2,0.2,0
social_media,finance,self_employed,north_america,67100,2,2,0.37,0
paid_ads,manufacturing,employed,europe,48209,3,6,0.6,1
organic_search,healthcare,unemployed,north_america,24910,3,5,0.63,0
organic_search,technology,employed,,73952,2,3,0.53,1
social_media,education,student,europe,,1,5,0.39,0
social_media,healthcare,student,europe,40897,0,2,0.39,1
social_media,technology,employed,north_america,99131,1,3,0.44,1
organic_search,finance,student,europe,,3,5,0.61,1
organic_search,healthcare,employed,south_america,73665,3,8,0.76,1
referral,technology,employed,europe,80152,2,2,0.43,0
organic_search,manufacturing,,north_america,32516,0,3,0.39,1
organic_search,healthcare,student,,29532,3,3,0.43,1
paid_ads,technology,employed,asia,89941,2,7,0.64,1
events,technology,self_employed,asia,68585,1,2,0.28,0
organic_search,healthcare,student,south_america,17413,2,7,0.68,0
events,education,self_employed,south_america,39774,2,4,0.42,1
organic_search,technology,employed,europe,90291,2,5,0.58,1
organic_search,finance,self_employed,south_america,66016,2,5,0.49,1
,education,,europe,30138,1,4,0.48,0
paid_ads,healthcare,self_employed,north_america,56516,2,6,0.59,1
organic_search,finance,employed,asia,69276,3,7,0.71,1
organic_search,finance,employed,europe,73260,3,5,0.59,0
paid_ads,manufacturing,employed,south_america,56886,1,4,0.39,0
paid_ads,technology,employed,asia,63715,1,2,0.26,0
events,manufacturing,employed,north_america,65088,1,2,0.26,1
referral,education,unemployed,north_america,18476,2,5,0.53,0
paid_ads,education,,north_america,17052,2,2,0.31,0
paid_ads,retail,student,north_america,12000,1,0,0.03,0
referral,finance,student,south_america,26341,3,8,0.76,1
paid_ads,healthcare,employed,africa,54200,2,5,0.5,0
paid_ads,retail,employed,europe,45576,2,5,0.56,1
referral,manufacturing,employed,south_america,59585,2,4,0.48,1
paid_ads,retail,employed,asia,33872,2,3,0.38,1
paid_ads,technology,unemployed,north_america,56101,1,2,0.27,0
organic_search,technology,student,europe,71284,1,1,0.3,0
social_media,manufacturing,,south_america,18028,2,3,0.37,0
events,finance,student,north_america,,1,1,0.25,0
referral,finance,employed,north_america,70308,4,10,0.98,1
paid_ads,education,employed,europe,45622,2,2,0.36,1
referral,technology,employed,europe,73625,3,7,0.75,1
referral,technology,employed,asia,79655,2,2,0.43,0
organic_search,retail,student,north_america,,0,1,0.24,1
organic_search,technology,student,north_america,55573,2,3,0.48,1
referral,retail,employed,asia,39232,3,7,0.67,1
social_media,healthcare,employed,south_america,63144,3,7,0.7,1
organic_search,finance,employed,asia,75437,3,5,0.7,1
referral,education,employed,africa,40363,3,9,0.83,1
social_media,,unemployed,europe,,0,0,0.04,0
paid_ads,manufacturing,unemployed,asia,21256,2,1,0.29,0
paid_ads,technology,self_employed,north_america,89911,1,1,0.29,0
events,healthcare,employed,asia,58111,1,4,0.46,0
organic_search,healthcare,,africa,54738,1,4,0.4,0
organic_search,healthcare,employed,asia,49470,4,7,0.68,1
social_media,retail,self_employed,north_america,40675,3,4,0.4,0
organic_search,healthcare,,europe,58627,4,6,0.64,1
events,technology,employed,asia,77631,1,1,0.31,0
organic_search,healthcare,self_employed,asia,53711,2,1,0.27,0
referral,technology,student,asia,,3,9,0.9,1
social_media,retail,employed,europe,36237,1,3,0.33,0
referral,finance,employed,north_america,84069,3,5,0.63,1
paid_ads,manufacturing,employed,africa,24191,2,4,0.42,0
social_media,healthcare,employed,south_america,90890,3,6,0.61,1
paid_ads,healthcare,self_employed,europe,64795,2,3,0.4,0
organic_search,technology,self_employed,south_america,72172,2,5,0.53,0
social_media,retail,employed,asia,38991,2,5,0.52,0
social_media,retail,employed,europe,44532,2,5,0.58,1
referral,finance,employed,,80013,4,8,0.84,1
organic_search,education,self_employed,south_america,48699,4,8,0.8,1
events,healthcare,employed,north_america,77291,2,4,0.41,0
referral,healthcare,employed,north_america,76211,3,6,0.69,1
organic_search,education,employed,north_america,56664,3,6,0.68,1
social_media,healthcare,student,north_america,,3,7,0.68,0
events,retail,,asia,31426,1,2,0.27,0
social_media,,employed,asia,53201,2,4,0.52,1
referral,manufacturing,student,north_america,,3,5,0.54,1
events,healthcare,employed,north_america,49112,3,5,0.57,1
paid_ads,technology,self_employed,north_america,92267,2,4,0.37,0
referral,retail,employed,north_america,39635,1,7,0.79,1
paid_ads,healthcare,student,north_america,,3,6,0.48,0
organic_search,retail,employed,south_america,34490,4,8,0.75,1
paid_ads,retail,unemployed,north_america,43628,1,3,0.24,0
events,technology,unemployed,africa,38572,1,3,0.35,1
organic_search,finance,unemployed,south_america,39906,1,7,0.57,1
organic_search,retail,unemployed,asia,27321,1,5,0.42,1
events,finance,unemployed,europe,50284,0,0,0.05,0
paid_ads,education,employed,europe,31774,2,3,0.27,0
social_media,finance,,south_america,71064,2,5,0.55,1
referral,retail,employed,north_america,41350,3,6,0.75,1
paid_ads,education,employed,asia,37248,4,7,0.71,1
organic_search,retail,unemployed,africa,12000,1,1,0.27,1
organic_search,retail,self_employed,south_america,35679,2,6,0.61,1
events,retail,employed,africa,33364,2,3,0.26,0
organic_search,finance,employed,north_america,63669,3,4,0.36,0
paid_ads,education,employed,europe,47598,2,3,0.37,0
social_media,,employed,africa,60662,2,6,0.56,1
organic_search,finance,employed,europe,89662,4,9,0.79,1
organic_search,healthcare,employed,south_america,57499,3,8,0.74,1
,healthcare,employed,,41679,4,9,0.88,1
paid_ads,education,employed,,37171,2,2,0.34,1
social_media,healthcare,unemployed,asia,16260,2,7,0.64,1
paid_ads,retail,student,north_america,12000,1,2,0.24,0
social_media,healthcare,employed,south_america,62666,0,2,0.21,1
organic_search,manufacturing,employed,north_america,68392,1,6,0.56,1
social_media,education,self_employed,north_america,50374,1,3,0.4,0
events,education,self_employed,north_america,30686,2,3,0.36,0
social_media,manufacturing,unemployed,europe,28539,2,5,0.45,0
paid_ads,retail,employed,,41015,0,0,0.15,0
paid_ads,technology,unemployed,europe,46257,2,3,0.35,0
social_media,technology,employed,asia,74396,4,4,0.57,1
social_media,technology,employed,asia,68970,0,3,0.36,0
paid_ads,healthcare,employed,south_america,64647,1,3,0.37,1
events,manufacturing,employed,south_america,53460,2,3,0.4,1
social_media,healthcare,employed,north_america,76168,1,5,0.49,1
,healthcare,employed,north_america,80126,4,8,0.91,1
organic_search,retail,self_employed,europe,42529,1,6,0.53,1
social_media,,employed,north_america,69263,4,4,0.43,1
paid_ads,retail,self_employed,africa,31024,3,6,0.64,1
social_media,,student,europe,,2,2,0.33,0
organic_search,finance,self_employed,south_america,83235,2,5,0.49,1
paid_ads,healthcare,employed,europe,56469,2,6,0.62,1
paid_ads,retail,student,north_america,12000,3,6,0.46,0
referral,technology,student,europe,55970,2,4,0.44,0
paid_ads,retail,employed,south_america,43170,2,5,0.42,0
referral,education,employed,north_america,50641,3,6,0.74,1
social_media,education,employed,north_america,50115,2,3,0.44,1
social_media,retail,employed,,47215,3,5,0.59,1
paid_ads,,student,south_america,25952,1,1,0.21,0
social_media,retail,employed,europe,32400,2,3,0.31,1
referral,finance,unemployed,north_america,61806,0,4,0.39,1
paid_ads,technology,employed,south_america,74992,2,4,0.47,1
,education,self_employed,north_america,40803,3,5,0.39,0
social_media,finance,student,north_america,,1,6,0.56,1
paid_ads,technology,employed,north_america,103696,2,4,0.57,1
referral,technology,student,europe,,3,5,0.61,1
referral,,employed,asia,41161,3,10,0.88,0
events,healthcare,employed,africa,70517,1,1,,0
social_media,education,student,europe,,3,6,0.56,1
referral,technology,,south_america,72801,4,6,0.71,1
social_media,healthcare,employed,asia,54271,3,9,0.72,1
events,finance,self_employed,europe,79273,3,5,0.48,1
organic_search,manufacturing,employed,africa,39460,1,1,0.3,1
social_media,technology,self_employed,asia,85362,2,4,0.46,1
organic_search,technology,employed,north_america,75517,2,5,0.67,0
paid_ads,retail,unemployed,north_america,,0,2,0.23,0
organic_search,retail,student,south_america,,1,5,0.49,1
organic_search,retail,,asia,50608,1,2,0.31,0
referral,finance,employed,asia,74222,3,4,0.63,1
paid_ads,finance,,africa,38031,2,2,0.37,0
paid_ads,manufacturing,unemployed,north_america,39182,1,2,0.28,0
referral,retail,unemployed,europe,12399,1,6,0.6,0
paid_ads,finance,unemployed,south_america,45520,1,5,0.41,0
organic_search,retail,employed,north_america,57494,3,5,0.61,1
events,,student,north_america,43532,0,0,0.1,0
social_media,finance,employed,africa,69153,3,6,0.62,1
paid_ads,finance,self_employed,north_america,57474,1,6,0.48,1
referral,education,student,north_america,12000,3,7,0.63,0
referral,technology,employed,asia,74182,2,5,0.46,1
events,healthcare,employed,europe,57193,3,7,0.71,1
referral,finance,unemployed,south_america,38242,3,5,0.57,1
events,healthcare,self_employed,africa,50456,3,4,0.45,1
organic_search,healthcare,employed,south_america,60111,5,9,0.84,1
events,technology,unemployed,asia,60247,1,0,0.13,0
events,technology,employed,north_america,88334,2,3,0.47,1
paid_ads,technology,student,europe,,2,3,0.39,0
paid_ads,technology,self_employed,europe,88485,3,5,0.55,0
events,education,employed,south_america,36314,1,4,0.37,1
organic_search,technology,employed,asia,95264,3,7,0.83,1
organic_search,finance,unemployed,north_america,,1,3,0.46,1
organic_search,technology,,north_america,82088,0,1,0.27,0
referral,education,student,south_america,12000,2,7,0.64,1
paid_ads,healthcare,employed,asia,53276,3,6,0.48,1
referral,technology,employed,africa,71505,2,9,0.86,1
referral,manufacturing,employed,europe,58667,4,8,0.93,1
referral,technology,self_employed,asia,81343,3,4,0.65,1
events,education,self_employed,south_america,39666,1,0,0.14,0
,healthcare,student,north_america,,2,5,0.43,0
paid_ads,education,unemployed,asia,,1,2,0.24,0
events,education,employed,north_america,20417,3,6,0.5,1
paid_ads,retail,unemployed,europe,41925,2,1,0.23,0
,healthcare,employed,south_america,48343,1,1,0.28,0
social_media,technology,unemployed,north_america,45142,2,1,0.37,1
paid_ads,retail,,africa,12000,1,3,0.25,0
referral,education,employed,africa,28244,0,4,0.4,0
organic_search,finance,self_employed,asia,83746,3,4,0.57,1
events,healthcare,employed,europe,53405,3,4,0.52,1
organic_search,retail,employed,europe,20717,2,4,0.46,0
events,technology,unemployed,africa,33982,2,6,0.58,1
organic_search,technology,self_employed,europe,91096,3,5,0.65,1
paid_ads,manufacturing,employed,,71278,3,5,0.54,1
paid_ads,technology,self_employed,africa,64859,1,2,0.24,0
referral,healthcare,student,north_america,34073,3,9,0.85,0
social_media,technology,employed,europe,81156,2,6,0.6,0
paid_ads,technology,self_employed,asia,69788,1,1,0.21,0
organic_search,,student,asia,12000,3,6,0.6,1
organic_search,healthcare,employed,north_america,49081,2,5,0.55,1
organic_search,manufacturing,unemployed,north_america,34227,1,2,0.27,0
paid_ads,technology,student,europe,38757,0,0,0.15,0
referral,education,employed,europe,47432,2,5,0.6,1
social_media,education,employed,,30573,0,4,0.39,0
social_media,finance,self_employed,north_america,73104,4,6,0.63,1
organic_search,retail,unemployed,north_america,,1,3,0.4,0
referral,finance,employed,south_america,62662,3,5,0.49,1
referral,manufacturing,employed,asia,59293,5,10,0.92,1
,healthcare,self_employed,africa,49649,3,3,0.43,1
organic_search,healthcare,employed,asia,55591,2,8,0.7,1
referral,technology,employed,north_america,100953,2,7,0.7,1
organic_search,healthcare,employed,south_america,63582,2,7,0.74,1
events,technology,employed,north_america,83738,2,4,0.53,1
paid_ads,finance,unemployed,asia,26988,1,5,0.41,0
events,retail,employed,asia,41239,2,4,0.39,0
referral,manufacturing,unemployed,south_america,21438,4,9,0.78,1
events,retail,employed,europe,48230,2,3,0.43,1
organic_search,technology,employed,europe,84296,2,1,0.38,0
paid_ads,finance,employed,north_america,63805,0,2,0.3,0
organic_search,retail,employed,asia,46448,4,11,0.99,1
social_media,technology,self_employed,europe,82806,4,8,0.71,1
referral,technology,employed,,71158,4,8,0.78,1
social_media,technology,student,europe,43177,2,3,0.31,0
organic_search,retail,unemployed,north_america,16750,1,6,0.48,1
paid_ads,manufacturing,employed,africa,45772,1,2,0.35,1
social_media,healthcare,student,north_america,,1,0,0.16,0
organic_search,technology,employed,south_america,68401,2,5,0.57,0
events,healthcare,student,europe,,2,6,0.5,0
referral,technology,employed,south_america,70813,2,4,0.58,0
events,healthcare,employed,north_america,80654,1,4,0.42,1
events,retail,employed,asia,43640,1,4,0.46,0
social_media,finance,student,south_america,46334,2,7,0.56,1
paid_ads,retail,employed,asia,45428,1,6,0.58,1
social_media,technology,employed,asia,81995,2,4,0.49,1
social_media,finance,employed,asia,72796,3,5,0.49,1
referral,finance,student,europe,,0,0,0.15,0
paid_ads,finance,employed,europe,81180,2,3,0.36,0
paid_ads,retail,self_employed,north_america,49074,2,4,0.46,1
referral,retail,employed,south_america,44145,2,4,0.48,1
organic_search,retail,employed,asia,37290,3,7,0.74,1
events,finance,employed,north_america,86236,1,5,0.54,1
organic_search,retail,employed,europe,41303,4,7,0.71,1
organic_search,technology,student,europe,,2,4,0.42,0
paid_ads,technology,,south_america,75499,3,5,0.57,1
organic_search,retail,employed,north_america,54387,3,5,0.52,1
events,finance,employed,asia,79515,1,6,0.53,1
organic_search,retail,unemployed,asia,12000,2,1,0.26,1
organic_search,retail,employed,asia,39982,3,5,0.57,1
social_media,finance,unemployed,asia,56718,0,0,0.08,0
events,healthcare,employed,africa,52420,2,5,,0
organic_search,technology,employed,africa,86523,2,5,0.55,1
referral,finance,student,europe,45099,2,5,0.52,1
social_media,healthcare,student,europe,19637,2,4,0.49,0
referral,finance,employed,north_america,80783,2,5,0.66,1
events,technology,employed,europe,86306,3,7,0.53,1
referral,manufacturing,employed,south_america,55051,2,5,0.56,1
paid_ads,education,employed,north_america,63357,4,7,0.73,1
organic_search,retail,employed,asia,44020,1,1,0.41,0
organic_search,education,employed,north_america,49309,4,8,0.76,1
paid_ads,education,student,south_america,12000,2,6,0.52,0
social_media,retail,self_employed,asia,43270,2,7,0.59,1
organic_search,education,unemployed,north_america,29514,2,5,0.49,1
social_media,finance,self_employed,africa,77121,2,5,0.63,1
paid_ads,healthcare,self_employed,asia,69648,2,1,0.3,0
paid_ads,manufacturing,student,south_america,12000,1,2,0.14,0
organic_search,technology,employed,south_america,63250,4,7,0.67,0
paid_ads,finance,employed,asia,75855,3,3,0.36,0
social_media,technology,employed,asia,70690,2,4,0.53,0
events,technology,employed,asia,81498,2,4,0.45,1
organic_search,retail,student,asia,12000,0,0,0.07,0
organic_search,finance,employed,south_america,64389,2,6,0.55,1
events,finance,student,africa,29191,3,4,0.47,0
social_media,,employed,north_america,56626,2,5,0.6,1
referral,finance,employed,asia,79597,2,5,0.62,1
referral,finance,employed,north_america,89017,1,1,0.28,1
social_media,retail,employed,north_america,51383,3,7,0.64,1
referral,finance,employed,north_america,83441,2,5,0.59,1
referral,education,employed,asia,34876,3,9,0.8,1
events,education,self_employed,africa,30750,1,4,0.33,0
organic_search,,employed,asia,27030,3,7,0.66,1
organic_search,technology,employed,north_america,84918,1,4,0.48,0
events,finance,self_employed,south_america,54823,2,3,0.42,0
social_media,,employed,north_america,103863,2,2,0.42,1
paid_ads,retail,unemployed,north_america,15584,0,1,0.25,0
referral,technology,unemployed,north_america,54880,3,7,0.69,1
events,manufacturing,student,asia,,0,0,0.07,1
events,healthcare,unemployed,europe,23998,0,0,0.06,0
paid_ads,manufacturing,employed,asia,45610,1,2,0.34,0
social_media,finance,student,europe,60345,3,8,0.74,0
events,healthcare,employed,europe,74739,2,3,0.39,1
events,healthcare,student,africa,,2,4,0.33,0
events,technology,student,asia,57447,2,6,0.54,1
organic_search,finance,self_employed,asia,58152,3,10,0.94,1
referral,finance,employed,south_america,81817,3,5,0.61,0
events,finance,employed,africa,74510,2,6,0.61,0
social_media,retail,employed,,31334,4,8,0.73,1
,technology,employed,south_america,65809,3,8,0.77,1
organic_search,finance,employed,africa,54830,1,4,0.51,1
referral,retail,employed,europe,34668,3,6,0.66,1
paid_ads,education,unemployed,africa,16481,1,0,0.02,0
referral,manufacturing,student,europe,,2,5,0.56,1
referral,technology,employed,asia,81398,3,10,0.96,1
paid_ads,retail,employed,europe,48481,2,6,0.63,1
paid_ads,technology,student,south_america,53613,3,4,0.51,0
paid_ads,finance,self_employed,south_america,59412,2,3,0.42,1
social_media,healthcare,student,north_america,,3,4,0.51,1
paid_ads,technology,employed,europe,83709,4,7,0.67,1
organic_search,healthcare,self_employed,north_america,57122,3,6,0.59,1
,finance,employed,europe,100833,2,3,0.43,0
referral,technology,student,europe,,2,6,0.63,1
paid_ads,technology,employed,,89571,1,1,0.18,0
paid_ads,manufacturing,employed,europe,58871,0,2,0.35,0
events,education,employed,asia,45356,3,5,0.5,0
paid_ads,manufacturing,employed,south_america,47318,1,2,0.25,1
social_media,education,unemployed,europe,23715,3,6,0.54,0
paid_ads,retail,student,europe,16628,2,5,0.41,0
organic_search,healthcare,employed,south_america,50029,3,6,0.71,1
social_media,finance,employed,europe,86259,2,3,0.44,1
paid_ads,healthcare,self_employed,north_america,66758,0,3,0.31,1
organic_search,technology,employed,north_america,94028,5,9,0.91,1
referral,technology,employed,europe,83959,2,7,0.75,1
paid_ads,,employed,south_america,66175,3,5,0.53,1
social_media,retail,unemployed,north_america,30282,3,9,0.72,1
events,retail,student,north_america,12000,1,4,0.34,0
referral,finance,self_employed,south_america,62920,2,4,0.52,0
organic_search,retail,unemployed,europe,18269,0,1,0.13,0
social_media,technology,unemployed,asia,50189,0,1,0.22,0
referral,education,employed,south_america,42694,3,4,0.59,1
events,finance,unemployed,north_america,,1,6,0.48,0
referral,retail,employed,europe,31965,3,6,0.69,1
referral,healthcare,employed,africa,50389,2,6,0.64,1
organic_search,education,employed,north_america,44657,3,4,0.51,0
social_media,retail,employed,north_america,58993,2,2,0.36,0
referral,education,self_employed,,56299,3,5,0.7,1
events,technology,employed,asia,85051,1,3,0.56,0
paid_ads,technology,self_employed,europe,82666,0,0,0.06,0
paid_ads,finance,employed,north_america,80755,1,2,0.39,0
organic_search,technology,employed,asia,70478,4,6,0.72,1
paid_ads,technology,employed,europe,80328,2,4,0.4,1
referral,finance,employed,europe,76901,3,11,0.89,1
organic_search,finance,,europe,67697,3,11,0.89,1
social_media,technology,student,europe,59109,0,4,0.39,0
paid_ads,retail,unemployed,north_america,20688,1,4,0.37,1
paid_ads,finance,employed,europe,79599,2,3,0.23,1
referral,retail,student,europe,12000,2,4,0.37,0
paid_ads,retail,student,europe,28901,3,3,0.39,0
social_media,retail,employed,asia,41150,2,9,0.72,1
social_media,retail,student,north_america,,4,10,0.73,1
events,retail,student,south_america,19385,0,1,0.25,1
social_media,education,unemployed,south_america,20623,0,4,0.37,0
organic_search,technology,employed,asia,79818,4,8,0.85,1
referral,technology,employed,europe,88284,3,7,0.76,1
events,healthcare,unemployed,asia,,0,3,0.39,1
social_media,technology,employed,asia,82552,1,5,0.56,1
organic_search,retail,student,asia,,2,4,0.46,0
paid_ads,education,employed,south_america,27205,3,6,0.45,1
social_media,finance,self_employed,europe,74908,1,2,0.3,0
events,healthcare,employed,asia,61461,1,2,0.4,0
social_media,finance,employed,europe,71343,1,1,0.23,0
events,,self_employed,africa,71174,0,0,0.01,0
paid_ads,education,employed,europe,45471,3,5,0.36,1
organic_search,finance,employed,north_america,84442,2,4,0.46,1
social_media,education,employed,north_america,46813,3,8,0.78,1
paid_ads,retail,employed,europe,49435,2,3,0.37,1
organic_search,healthcare,employed,africa,58166,2,6,0.69,1
paid_ads,,employed,asia,69577,4,10,0.84,1
paid_ads,retail,unemployed,asia,16482,1,3,0.25,0
organic_search,finance,employed,europe,84934,3,10,0.91,1
organic_search,healthcare,unemployed,asia,29902,3,5,0.58,1
referral,education,self_employed,europe,37282,3,7,0.72,1
social_media,retail,unemployed,north_america,12000,2,3,0.43,1
organic_search,retail,employed,north_america,50340,2,8,0.83,1
social_media,manufacturing,student,africa,14655,3,8,0.65,1
social_media,education,employed,europe,45515,2,4,0.43,1
events,manufacturing,student,africa,13540,0,1,0.13,0
social_media,retail,unemployed,asia,20000,0,0,0.13,0
social_media,healthcare,self_employed,north_america,56470,1,4,0.43,1
referral,retail,employed,south_america,37805,3,10,0.99,0
referral,technology,employed,,67828,4,8,0.83,1
organic_search,technology,unemployed,europe,59115,2,6,0.62,1
events,healthcare,unemployed,,24455,0,0,0.1,0
organic_search,education,student,north_america,,2,6,0.59,1
paid_ads,healthcare,employed,africa,62681,4,8,0.67,1
paid_ads,manufacturing,student,africa,,2,4,0.38,1
paid_ads,healthcare,employed,north_america,71825,1,2,0.41,1
social_media,technology,student,europe,40747,1,4,0.48,1
organic_search,technology,employed,north_america,90984,3,7,0.74,1
paid_ads,retail,self_employed,asia,51541,2,5,0.47,1
referral,education,unemployed,europe,,2,7,0.67,0
organic_search,retail,self_employed,asia,41613,2,4,0.45,1
organic_search,,employed,north_america,52697,4,5,0.64,1
organic_search,retail,employed,asia,49168,2,4,0.47,1
events,technology,employed,south_america,76433,2,3,0.45,1
paid_ads,technology,employed,south_america,70649,1,2,0.24,0
paid_ads,technology,employed,north_america,87428,1,4,0.46,1
social_media,retail,self_employed,north_america,50936,3,9,0.78,1
organic_search,manufacturing,unemployed,europe,,2,5,0.49,1
organic_search,retail,self_employed,asia,46402,2,4,0.42,1
referral,retail,employed,asia,56982,5,9,0.97,1
paid_ads,education,unemployed,,31832,0,0,0.07,0
paid_ads,finance,,europe,58973,2,1,0.31,0
paid_ads,finance,student,south_america,,0,0,0.01,0
organic_search,retail,employed,asia,41189,1,3,0.4,1
social_media,technology,employed,south_america,85985,3,8,0.71,1
social_media,finance,employed,north_america,94641,3,6,0.6,1
organic_search,technology,employed,north_america,82002,3,6,0.65,0
organic_search,technology,student,europe,,1,1,0.22,0
events,retail,student,asia,12000,2,5,0.36,1
organic_search,education,employed,asia,55430,3,7,0.67,0
referral,technology,employed,south_america,76629,2,4,0.49,1
organic_search,finance,student,africa,39997,2,2,0.35,0
,healthcare,student,europe,,2,2,0.36,0
paid_ads,technology,self_employed,north_america,85189,1,4,0.43,0
organic_search,retail,employed,europe,44877,2,4,0.54,0
organic_search,technology,employed,europe,86545,3,8,0.78,1
events,finance,employed,asia,86594,1,3,0.38,0
events,manufacturing,employed,asia,57519,4,10,0.79,1
paid_ads,healthcare,unemployed,north_america,49465,0,2,0.28,1
organic_search,finance,employed,south_america,66161,5,11,0.99,1
referral,retail,employed,north_america,49205,2,4,0.55,0
paid_ads,retail,employed,asia,50548,2,5,0.48,0
social_media,education,student,asia,12000,3,4,0.41,0
social_media,manufacturing,unemployed,asia,21858,0,1,0.21,0
paid_ads,technology,employed,africa,80276,2,5,0.47,0
referral,healthcare,employed,africa,62532,5,9,0.85,1
organic_search,finance,employed,asia,87127,3,7,0.76,1
referral,finance,employed,north_america,71890,2,7,0.64,1
social_media,technology,employed,africa,73503,1,0,0.19,0
organic_search,,student,asia,,1,3,0.37,0
events,healthcare,unemployed,asia,27059,1,1,0.25,0
paid_ads,technology,employed,europe,75459,2,3,0.39,0
social_media,retail,self_employed,south_america,29167,1,0,0.2,1
paid_ads,finance,unemployed,north_america,72019,1,4,0.42,0
paid_ads,healthcare,employed,north_america,56085,1,4,0.42,1
social_media,manufacturing,unemployed,asia,36408,1,2,0.23,1
paid_ads,technology,employed,africa,78354,2,4,0.5,1
referral,retail,unemployed,north_america,,3,7,0.72,1
paid_ads,technology,unemployed,north_america,49308,1,4,0.34,1
organic_search,technology,student,,,2,9,0.8,1
,finance,self_employed,europe,85926,0,4,0.39,0
organic_search,retail,student,north_america,12000,3,6,0.55,1
events,education,self_employed,europe,34446,1,2,0.27,1
referral,manufacturing,self_employed,south_america,41136,3,8,0.71,0
paid_ads,manufacturing,student,europe,,0,0,0.17,0
organic_search,finance,employed,north_america,93869,2,6,0.68,1
paid_ads,,employed,asia,59194,1,3,0.32,0
organic_search,healthcare,employed,europe,58568,3,9,0.79,1
events,education,unemployed,asia,12000,2,5,0.45,0
organic_search,retail,employed,south_america,38495,1,4,0.29,0
social_media,technology,employed,asia,85483,2,4,0.52,1
,healthcare,employed,south_america,64729,0,2,0.35,1
events,healthcare,employed,europe,59258,2,5,0.46,1
social_media,manufacturing,employed,africa,45671,1,3,0.34,0
organic_search,education,student,north_america,20015,2,7,0.66,1
organic_search,manufacturing,employed,europe,48526,2,8,0.73,1
organic_search,finance,employed,north_america,81672,3,5,0.65,0
organic_search,,employed,north_america,75554,3,11,0.94,1
social_media,technology,employed,europe,76031,2,6,0.59,1
organic_search,healthcare,employed,south_america,56871,2,3,0.28,1
paid_ads,education,self_employed,north_america,45480,3,6,0.64,0
organic_search,retail,employed,north_america,49780,2,8,0.74,1
paid_ads,education,,europe,49530,2,6,0.52,1
paid_ads,finance,employed,north_america,73615,0,0,0.14,0
referral,technology,self_employed,africa,55004,3,5,0.6,0
,healthcare,employed,africa,57230,3,5,0.64,1
social_media,education,self_employed,europe,44532,1,2,0.34,1
organic_search,retail,employed,europe,39806,3,9,0.74,1
paid_ads,healthcare,unemployed,europe,30350,2,6,0.61,1
organic_search,technology,unemployed,europe,46643,3,7,0.65,1
social_media,retail,employed,south_america,41247,3,7,0.61,1
paid_ads,,employed,asia,41703,1,1,0.1,1
organic_search,education,self_employed,africa,23706,3,5,0.61,1
referral,healthcare,employed,asia,67740,3,8,0.86,1
social_media,technology,employed,north_america,84872,1,3,0.49,1
paid_ads,healthcare,employed,asia,60025,1,4,0.44,0
events,healthcare,self_employed,north_america,67668,1,3,,0
paid_ads,healthcare,student,north_america,,1,2,0.21,0
organic_search,healthcare,employed,asia,69039,2,6,0.59,0
organic_search,healthcare,employed,europe,53655,4,5,0.58,1
events,retail,unemployed,south_america,15405,1,5,0.47,1
paid_ads,manufacturing,,,69133,4,6,0.59,1
referral,healthcare,employed,north_america,84530,2,4,0.6,1
,finance,student,africa,,1,3,0.41,1
referral,,employed,asia,71026,3,5,0.61,1
events,healthcare,employed,asia,64650,2,3,0.44,1
social_media,education,self_employed,africa,17040,2,4,0.38,0
organic_search,education,employed,north_america,51141,3,6,0.76,1
paid_ads,education,self_employed,europe,60870,4,6,0.61,1
,retail,employed,north_america,44590,2,3,0.31,0
paid_ads,healthcare,student,asia,26657,0,0,0.02,0
paid_ads,finance,employed,north_america,74422,0,1,0.14,0
paid_ads,technology,employed,north_america,91845,2,5,0.58,1
social_media,education,employed,south_america,31682,3,8,0.73,0
,,employed,africa,64976,4,4,0.54,0
referral,healthcare,employed,north_america,65503,1,5,0.52,0
paid_ads,healthcare,employed,south_america,69781,3,8,0.71,0
organic_search,education,employed,asia,21426,4,8,0.69,1
referral,technology,self_employed,north_america,97207,2,3,0.54,1
paid_ads,healthcare,employed,europe,61066,2,2,0.36,1
social_media,education,unemployed,south_america,21968,1,3,0.31,0
organic_search,healthcare,self_employed,north_america,69027,2,7,0.7,1
organic_search,technology,self_employed,europe,77609,1,1,0.25,0
social_media,technology,student,south_america,48725,4,7,0.75,1
organic_search,technology,self_employed,europe,74767,3,6,0.71,1
referral,technology,employed,north_america,86906,3,4,0.67,1
organic_search,healthcare,employed,europe,68147,2,4,0.38,1
paid_ads,education,employed,north_america,54837,1,0,0.14,0
social_media,technology,employed,asia,91536,2,4,0.48,1
social_media,manufacturing,employed,asia,58892,3,5,0.68,1
organic_search,retail,unemployed,,12000,4,7,0.61,0
organic_search,education,student,asia,12000,3,5,0.54,0
paid_ads,technology,employed,africa,78584,0,0,0.2,0
,technology,student,asia,,1,2,0.38,1
organic_search,healthcare,student,north_america,,1,3,0.35,0
organic_search,finance,employed,north_america,70037,2,7,0.61,1
organic_search,,self_employed,north_america,64132,1,3,0.47,0
referral,manufacturing,employed,south_america,67076,3,7,0.62,1
events,retail,employed,,51641,1,2,0.3,0
,finance,unemployed,asia,44242,2,2,0.34,0
organic_search,retail,employed,asia,62541,4,6,0.72,1
events,education,employed,europe,50229,4,6,0.54,1
events,,employed,north_america,88365,2,6,0.54,1
paid_ads,healthcare,employed,africa,49630,1,3,0.34,0
organic_search,education,employed,south_america,32116,4,7,0.68,1
referral,manufacturing,student,asia,27878,2,4,0.37,1
organic_search,healthcare,unemployed,asia,30006,3,8,0.76,0
events,education,employed,europe,58331,2,5,0.53,0
referral,healthcare,employed,north_america,82549,5,10,0.91,1
paid_ads,healthcare,self_employed,,59499,2,6,0.42,0
,education,student,europe,12000,2,7,0.61,0
events,technology,employed,europe,79031,2,7,0.67,1
paid_ads,technology,employed,europe,68038,3,7,0.56,1
organic_search,retail,student,asia,12000,2,7,0.63,1
organic_search,technology,student,europe,50410,2,6,0.55,0
referral,finance,self_employed,,63376,2,4,0.56,1
social_media,retail,student,south_america,,3,3,0.36,1
social_media,technology,employed,europe,84594,3,7,0.72,1
paid_ads,healthcare,employed,asia,56626,0,1,0.18,0
organic_search,manufacturing,self_employed,europe,57807,3,4,0.48,0
paid_ads,manufacturing,employed,europe,68465,2,3,0.4,0
social_media,technology,unemployed,asia,41026,2,3,0.31,1
organic_search,technology,student,asia,41122,0,4,0.42,0
paid_ads,education,employed,europe,53540,3,5,0.39,0
referral,finance,employed,africa,68329,6,10,0.99,1
organic_search,finance,unemployed,africa,19627,1,1,0.3,0
paid_ads,retail,student,north_america,,0,0,0.15,0
events,technology,employed,north_america,77980,4,5,0.54,0
events,retail,student,asia,12000,2,3,0.33,0
referral,retail,self_employed,north_america,45954,1,5,0.58,0
referral,manufacturing,employed,asia,43011,4,9,0.9,1
referral,healthcare,unemployed,europe,,1,0,0.16,0
paid_ads,retail,,,17972,3,5,0.51,0
organic_search,education,self_employed,asia,30265,1,2,0.31,1
events,retail,self_employed,europe,46305,2,5,0.55,0
organic_search,education,student,north_america,,2,7,0.65,0
referral,retail,self_employed,europe,49443,5,13,0.99,1
events,technology,employed,europe,88104,0,2,0.34,1
social_media,healthcare,unemployed,south_america,28968,1,5,0.58,0
organic_search,healthcare,employed,asia,50106,4,7,0.73,1
organic_search,technology,self_employed,south_america,76968,1,2,0.35,0
events,technology,employed,europe,74443,3,7,0.77,0
social_media,healthcare,employed,asia,65607,2,5,0.56,1
paid_ads,healthcare,employed,asia,51943,1,3,0.28,0
social_media,education,employed,europe,56217,5,6,0.63,0
paid_ads,technology,employed,asia,92343,2,4,0.53,0
events,,employed,north_america,59089,1,1,,0
organic_search,retail,,africa,16560,4,11,0.92,1
paid_ads,healthcare,employed,north_america,72687,2,3,0.42,1
referral,technology,student,asia,48726,3,7,0.62,1
organic_search,education,employed,south_america,38999,1,5,0.49,0
social_media,technology,self_employed,europe,82254,0,1,0.28,1
paid_ads,education,unemployed,north_america,28578,2,3,0.33,0
social_media,manufacturing,self_employed,asia,38681,2,6,0.55,1
events,technology,unemployed,asia,46660,0,5,0.42,1
referral,education,employed,europe,55355,5,10,0.96,1
paid_ads,technology,unemployed,europe,54630,1,3,0.3,1
referral,manufacturing,employed,asia,56086,3,9,0.88,1
events,retail,employed,asia,53203,4,5,0.62,0
events,technology,unemployed,north_america,,1,3,0.27,0
social_media,technology,employed,asia,81946,2,6,0.67,0
social_media,,self_employed,asia,43354,3,4,0.47,0
paid_ads,retail,employed,asia,51835,3,8,0.72,1
organic_search,retail,self_employed,europe,33016,3,6,0.59,1
social_media,manufacturing,unemployed,europe,28111,1,1,0.26,0
referral,technology,employed,,78665,3,6,0.64,1
paid_ads,healthcare,employed,,60876,2,4,0.44,0
referral,retail,student,north_america,,2,3,0.42,0
,healthcare,student,south_america,31013,2,3,0.43,0
organic_search,retail,employed,asia,54879,2,0,0.19,0
social_media,technology,student,north_america,55134,0,4,0.36,0
,technology,unemployed,europe,66183,3,4,0.62,1
paid_ads,finance,self_employed,north_america,52860,2,3,0.4,1
events,education,self_employed,north_america,45667,2,2,0.28,0
paid_ads,technology,employed,africa,65553,0,0,0.01,0
social_media,technology,employed,europe,78796,2,5,0.6,1
social_media,finance,employed,north_america,67568,3,4,0.5,1
social_media,manufacturing,student,north_america,29008,4,8,0.75,1
social_media,healthcare,employed,asia,60200,4,8,0.73,1
paid_ads,,,europe,65513,3,8,0.69,1
paid_ads,finance,unemployed,asia,58213,1,2,0.27,1
organic_search,healthcare,employed,europe,64276,3,7,0.67,1
paid_ads,finance,employed,europe,77201,2,4,0.38,0
organic_search,technology,self_employed,asia,80559,1,1,0.26,0
organic_search,technology,unemployed,south_america,,3,6,0.59,1
paid_ads,retail,employed,asia,51984,2,4,0.47,1
social_media,technology,employed,north_america,100560,4,6,0.67,1
social_media,finance,employed,europe,80995,2,5,0.53,1
events,manufacturing,employed,europe,49669,2,4,0.39,1
referral,manufacturing,employed,,58724,0,2,0.32,1
events,healthcare,unemployed,north_america,37919,1,1,0.19,0
organic_search,finance,,asia,78446,3,7,0.79,1
events,finance,,,48483,0,4,0.34,0
organic_search,finance,employed,asia,71699,2,5,0.57,0
social_media,retail,employed,north_america,63251,2,6,0.63,0
referral,healthcare,student,south_america,23118,2,5,0.6,1
organic_search,technology,employed,europe,95345,4,8,0.83,1
events,finance,employed,asia,74682,2,1,0.33,0
,technology,employed,asia,70378,4,10,0.86,1
events,education,student,africa,12000,1,4,0.46,1
organic_search,technology,student,europe,53275,2,5,0.57,1
referral,healthcare,employed,north_america,59795,4,8,0.79,1
social_media,technology,unemployed,north_america,55524,1,4,0.4,0
social_media,retail,employed,north_america,43404,3,2,0.39,1
organic_search,healthcare,student,asia,41601,2,5,0.59,1
paid_ads,retail,unemployed,,12000,1,3,0.24,0
referral,manufacturing,employed,asia,60033,3,9,0.95,1
organic_search,retail,unemployed,asia,29247,2,4,0.43,0
social_media,finance,student,asia,,3,7,0.57,0
referral,manufacturing,student,north_america,15844,4,6,0.68,0
social_media,healthcare,employed,north_america,51385,2,5,0.48,0
social_media,technology,self_employed,north_america,78533,1,6,0.63,1
paid_ads,finance,,europe,73550,1,4,0.43,1
organic_search,technology,self_employed,south_america,69320,2,6,0.64,1
referral,technology,employed,south_america,79549,2,5,0.6,0
paid_ads,retail,student,europe,23318,0,0,0.04,0
paid_ads,education,employed,asia,32918,2,4,0.35,0
paid_ads,technology,employed,south_america,71331,4,6,0.7,1
social_media,technology,employed,europe,75296,4,9,0.86,1
social_media,finance,self_employed,europe,73574,2,0,0.26,0
organic_search,retail,employed,africa,36922,3,5,0.49,0
events,technology,self_employed,africa,70747,2,1,0.23,0
paid_ads,healthcare,,europe,51827,4,5,0.65,1
social_media,healthcare,unemployed,north_america,31621,0,3,0.27,0
referral,technology,employed,south_america,69678,2,6,0.71,1
paid_ads,healthcare,employed,europe,83660,1,4,0.43,0
events,finance,student,asia,28387,3,3,,0
events,healthcare,self_employed,africa,45240,4,6,0.59,1
referral,healthcare,student,north_america,23013,3,3,0.51,1
paid_ads,healthcare,unemployed,africa,31736,0,0,0.14,0
organic_search,manufacturing,self_employed,north_america,67894,3,6,0.59,1
social_media,finance,employed,,67503,1,4,0.42,0
organic_search,,employed,europe,80850,3,6,0.7,1
referral,healthcare,employed,europe,68121,2,5,0.58,0
paid_ads,manufacturing,employed,europe,63773,2,5,0.47,1
paid_ads,retail,employed,,54963,1,0,0.13,0
social_media,healthcare,unemployed,north_america,46764,1,0,0.22,0
social_media,retail,unemployed,north_america,36077,1,1,0.27,1
referral,education,student,north_america,,3,5,0.6,0
referral,healthcare,employed,asia,56434,4,8,0.85,1
paid_ads,technology,self_employed,north_america,76320,5,5,0.64,1
paid_ads,technology,employed,asia,62378,3,2,0.33,1
events,technology,employed,north_america,80052,1,4,0.52,0
social_media,manufacturing,employed,asia,54754,2,3,0.41,1
events,technology,employed,north_america,97500,1,4,0.44,0
organic_search,manufacturing,student,asia,,2,2,0.27,0
paid_ads,retail,employed,,32718,4,9,0.67,1
social_media,retail,student,europe,23793,3,6,0.53,0
paid_ads,healthcare,self_employed,europe,62832,3,3,0.39,1
paid_ads,healthcare,employed,south_america,61959,0,4,0.32,0
paid_ads,manufacturing,self_employed,south_america,56006,1,4,0.35,0
referral,finance,employed,africa,60989,2,4,0.62,1
organic_search,healthcare,employed,europe,73035,1,4,0.46,1
social_media,technology,student,europe,,3,8,0.78,1
organic_search,finance,self_employed,asia,66300,3,8,0.82,0
organic_search,retail,self_employed,africa,45386,1,4,0.44,0
social_media,education,unemployed,europe,12000,0,0,0.1,0
organic_search,healthcare,self_employed,north_america,60001,2,6,0.69,1
events,manufacturing,self_employed,asia,49786,2,1,0.32,1
events,finance,employed,south_america,76971,3,7,0.68,1
organic_search,retail,employed,,35359,2,6,0.6,1
paid_ads,manufacturing,employed,europe,43766,2,3,0.39,1
events,retail,employed,north_america,49166,3,5,0.59,1
events,retail,employed,north_america,43465,1,4,0.33,0
social_media,technology,employed,north_america,75702,2,4,0.6,1
paid_ads,retail,employed,north_america,40344,3,5,0.47,1
social_media,,unemployed,asia,17219,0,3,0.23,0
,education,employed,asia,58639,3,4,0.6,0
paid_ads,manufacturing,employed,asia,55282,2,4,0.46,1
social_media,education,employed,asia,35721,3,3,0.43,0
referral,education,employed,,26955,3,6,0.69,0
referral,finance,employed,europe,82710,4,10,0.99,1
social_media,manufacturing,unemployed,europe,18648,3,5,0.42,1
paid_ads,retail,employed,north_america,56697,3,2,0.23,0
referral,finance,self_employed,asia,86216,3,7,0.71,1
organic_search,healthcare,unemployed,europe,45712,3,6,0.62,1
social_media,technology,employed,europe,83205,2,4,0.5,0
events,technology,employed,,73553,1,2,,1
social_media,education,employed,asia,37554,2,4,0.46,0
paid_ads,technology,employed,europe,90703,2,5,0.54,1
paid_ads,finance,student,north_america,52176,2,6,0.53,0
referral,retail,employed,north_america,50137,2,5,0.53,1
organic_search,finance,employed,north_america,78694,2,3,0.42,1
paid_ads,technology,employed,asia,60640,2,2,0.22,0
paid_ads,education,employed,north_america,42444,3,4,0.45,1
events,technology,self_employed,north_america,70034,1,0,0.12,0
social_media,manufacturing,employed,asia,56787,3,5,0.62,1
referral,education,employed,north_america,54069,0,3,0.31,0
events,technology,unemployed,asia,50972,1,4,0.38,1
paid_ads,education,employed,,45549,1,3,0.27,0
referral,healthcare,employed,south_america,58800,4,8,0.86,1
social_media,retail,employed,asia,35290,4,7,0.74,1
paid_ads,education,student,europe,12357,2,6,0.52,0
paid_ads,manufacturing,self_employed,south_america,56879,3,4,0.43,0
organic_search,technology,unemployed,north_america,61841,2,4,0.57,0
social_media,retail,employed,europe,61395,2,6,0.67,1
referral,healthcare,unemployed,south_america,18943,1,4,0.42,0
referral,finance,self_employed,africa,68207,1,2,0.39,0
paid_ads,retail,unemployed,north_america,22316,1,3,0.27,0
social_media,healthcare,self_employed,south_america,43965,2,4,0.44,1
social_media,healthcare,self_employed,,41141,1,4,0.42,0
social_media,manufacturing,employed,africa,46549,0,3,0.34,1
events,education,employed,south_america,25851,2,3,0.42,0
organic_search,retail,student,asia,,4,5,0.6,1
events,technology,student,europe,,1,0,0.08,1
paid_ads,retail,student,europe,19534,1,3,0.3,0
organic_search,retail,self_employed,north_america,72645,1,3,0.36,1
organic_search,retail,self_employed,,33503,3,7,0.64,1
paid_ads,finance,student,north_america,52912,1,2,0.26,1
organic_search,education,employed,asia,42289,2,5,0.59,1
organic_search,finance,employed,north_america,87271,2,4,0.56,1
paid_ads,retail,student,africa,,0,2,0.19,0
organic_search,retail,employed,europe,51359,2,4,0.5,1
,manufacturing,self_employed,north_america,40309,2,6,0.55,0
referral,technology,employed,south_america,80138,2,2,0.5,0
referral,manufacturing,self_employed,south_america,40579,2,7,0.71,1
events,,unemployed,south_america,19512,2,0,,0
social_media,education,employed,south_america,38904,3,6,0.56,0
referral,retail,employed,south_america,50398,4,9,0.74,0
paid_ads,healthcare,employed,south_america,50154,3,6,0.64,0
referral,manufacturing,self_employed,north_america,58852,2,1,0.42,1
organic_search,healthcare,self_employed,north_america,86587,1,3,0.43,0
organic_search,retail,employed,south_america,49189,2,5,0.59,1
organic_search,healthcare,student,south_america,,5,8,0.85,1
events,education,student,south_america,12000,2,4,0.25,0
referral,education,,asia,41040,3,8,0.7,1
referral,manufacturing,student,north_america,12000,3,1,0.4,0
paid_ads,technology,,europe,35423,1,3,0.31,1
referral,retail,employed,south_america,50531,3,9,0.83,1
events,retail,employed,south_america,47720,1,0,0.19,1
referral,manufacturing,student,,29685,3,6,0.66,1
referral,technology,employed,europe,83543,5,10,0.9,1
social_media,technology,employed,africa,59333,4,6,0.62,1
organic_search,retail,employed,north_america,50412,3,7,0.71,1
organic_search,technology,employed,south_america,75334,3,8,0.78,1
organic_search,technology,employed,north_america,91616,2,4,0.45,0
social_media,technology,unemployed,asia,52367,1,1,0.18,0
paid_ads,technology,student,europe,,1,2,0.23,0
paid_ads,education,self_employed,north_america,31729,1,0,0.11,0
paid_ads,education,student,asia,12000,0,0,0.08,0
organic_search,education,student,africa,,3,4,0.48,0
referral,technology,employed,south_america,75166,2,5,0.63,1
events,retail,unemployed,africa,12000,2,1,0.27,1
social_media,retail,employed,africa,44106,3,3,0.51,1
events,healthcare,employed,africa,59687,2,6,0.58,1
organic_search,technology,employed,south_america,67386,2,5,0.54,0
events,education,unemployed,asia,12000,2,4,0.36,0
referral,education,employed,africa,29777,1,3,0.31,1
organic_search,technology,employed,africa,77810,4,6,0.75,0
referral,healthcare,employed,,57405,3,5,0.57,1
paid_ads,healthcare,self_employed,,43266,0,4,0.35,0
organic_search,healthcare,student,asia,,1,2,0.33,0
referral,education,student,north_america,,4,9,0.77,0
social_media,healthcare,employed,north_america,57890,3,5,0.53,1
paid_ads,education,employed,africa,25405,3,9,0.69,0
organic_search,finance,employed,north_america,95229,4,7,0.79,1
social_media,manufacturing,employed,asia,56663,3,6,0.67,1
paid_ads,retail,employed,north_america,40308,4,7,0.63,1
events,retail,self_employed,south_america,42556,0,0,0.01,0
referral,retail,student,north_america,20145,1,2,0.34,0
paid_ads,retail,unemployed,south_america,,0,2,0.23,0
events,healthcare,unemployed,europe,39584,1,0,0.2,0
paid_ads,technology,employed,south_america,76914,2,4,0.53,0
referral,finance,employed,asia,72020,3,4,0.59,1
paid_ads,retail,employed,europe,47053,2,5,0.45,1
organic_search,technology,self_employed,north_america,92696,1,5,0.55,1
social_media,,student,north_america,,4,7,0.7,1
paid_ads,,self_employed,north_america,86794,0,1,0.1,0
organic_search,technology,,asia,56312,2,6,0.63,1
organic_search,technology,self_employed,south_america,61076,4,7,0.78,1
organic_search,healthcare,employed,south_america,67251,2,4,0.48,0
organic_search,finance,employed,north_america,88352,2,2,0.45,0
social_media,healthcare,student,south_america,21007,3,7,0.6,0
paid_ads,education,self_employed,asia,29090,3,6,0.54,1
paid_ads,education,student,north_america,12000,1,4,0.32,0
events,retail,employed,africa,62741,2,3,0.48,1
social_media,healthcare,self_employed,europe,56764,3,6,0.65,1
social_media,retail,employed,north_america,47602,1,4,0.45,1
organic_search,manufacturing,student,asia,30663,2,5,0.52,0
social_media,retail,employed,north_america,62857,1,3,0.35,0
organic_search,finance,employed,south_america,75097,1,3,0.37,1
referral,finance,employed,europe,76529,4,6,0.62,1
paid_ads,retail,unemployed,europe,19084,2,2,0.27,1
organic_search,finance,unemployed,europe,57694,1,2,0.35,0
,manufacturing,employed,south_america,47868,2,6,0.61,1
paid_ads,technology,employed,north_america,102529,2,3,0.44,1
referral,technology,employed,africa,79226,2,7,0.67,1
referral,retail,employed,south_america,41239,3,9,0.76,1
social_media,finance,unemployed,asia,49169,1,3,0.32,0
organic_search,technology,employed,north_america,71109,3,4,0.51,1
events,education,student,asia,12000,1,4,0.39,0
organic_search,education,employed,africa,38586,1,2,0.37,1
social_media,finance,student,north_america,45527,0,3,0.29,0
social_media,retail,employed,north_america,43108,2,5,0.49,1
social_media,retail,student,europe,,4,6,0.56,0
social_media,retail,employed,north_america,48280,3,4,0.47,1
social_media,technology,employed,africa,71842,3,7,0.59,1
,retail,self_employed,north_america,66772,4,7,0.72,1
referral,manufacturing,unemployed,europe,,2,7,0.73,1
events,retail,unemployed,north_america,28833,2,1,0.24,0
organic_search,finance,,north_america,60926,2,1,0.34,1
organic_search,finance,employed,asia,70966,2,5,0.51,1
social_media,,self_employed,asia,27499,2,4,0.46,1
social_media,finance,self_employed,europe,59716,2,5,0.57,1
referral,retail,employed,north_america,56599,3,7,0.81,1
social_media,education,unemployed,north_america,15559,3,7,0.59,1
social_media,retail,student,africa,12000,2,4,0.32,1
paid_ads,technology,self_employed,south_america,66428,1,0,0.22,0
paid_ads,finance,employed,europe,67931,2,4,0.58,1
referral,technology,student,asia,49965,1,4,0.49,0
social_media,retail,employed,south_america,40228,2,5,0.54,1
organic_search,retail,employed,south_america,47096,4,7,0.67,1
events,healthcare,unemployed,north_america,,1,2,0.28,0
paid_ads,technology,employed,asia,85796,2,2,0.25,0
paid_ads,retail,unemployed,europe,22662,1,1,0.17,0
organic_search,technology,employed,asia,80752,4,8,0.88,1
social_media,technology,student,south_america,,1,4,0.45,1
referral,education,student,europe,,2,5,0.49,1
paid_ads,retail,student,asia,12000,3,5,0.49,0
referral,education,employed,asia,35119,2,5,0.51,0
social_media,technology,self_employed,north_america,67544,3,7,0.68,1
social_media,retail,employed,asia,38480,3,5,0.47,0
events,manufacturing,self_employed,south_america,51838,4,5,0.54,0
paid_ads,retail,employed,africa,45721,2,4,0.47,1
paid_ads,healthcare,employed,north_america,83940,2,2,0.3,1
referral,manufacturing,employed,asia,48609,2,8,0.74,1
referral,healthcare,student,asia,22051,3,7,0.66,1
referral,healthcare,employed,asia,58999,2,5,0.59,1
organic_search,manufacturing,student,south_america,22360,0,4,0.39,0
events,retail,employed,europe,51186,2,7,0.64,0
paid_ads,manufacturing,student,africa,19744,3,5,0.4,0
organic_search,education,self_employed,europe,42687,2,5,0.62,0
referral,education,employed,africa,39518,2,5,0.64,1
referral,retail,employed,north_america,46399,4,8,0.79,1
referral,finance,employed,europe,59516,2,5,0.6,0
organic_search,technology,self_employed,europe,83207,4,6,0.77,1
paid_ads,technology,,north_america,61379,0,1,0.22,0
organic_search,retail,employed,south_america,32451,1,4,0.39,0
organic_search,technology,self_employed,africa,63247,4,9,0.81,1
organic_search,healthcare,unemployed,europe,35293,2,6,0.6,1
organic_search,retail,employed,africa,34934,2,3,0.36,1
paid_ads,technology,student,africa,31225,2,4,0.42,0
social_media,healthcare,employed,europe,66155,4,8,0.77,0
paid_ads,,self_employed,south_america,38760,2,0,0.17,0
social_media,education,employed,asia,45722,3,8,0.75,1
social_media,education,self_employed,europe,42668,2,4,0.49,1
social_media,manufacturing,student,south_america,12000,2,6,0.48,0
paid_ads,education,,north_america,64565,1,2,0.38,0
referral,retail,student,europe,,2,6,0.64,0
paid_ads,education,employed,asia,30355,2,6,0.44,0
paid_ads,finance,student,south_america,,1,2,0.24,0
events,retail,employed,north_america,44165,2,4,0.48,0
organic_search,manufacturing,employed,south_america,57660,2,7,0.67,1
referral,healthcare,self_employed,africa,62653,3,6,0.65,0
social_media,healthcare,student,asia,17740,2,6,0.59,0
referral,healthcare,unemployed,africa,41748,2,5,0.6,1
paid_ads,healthcare,unemployed,south_america,33877,3,5,0.53,1
organic_search,healthcare,student,europe,29356,1,0,0.19,0
organic_search,finance,employed,asia,66467,3,8,0.76,0
organic_search,education,unemployed,asia,12000,2,5,0.46,1
paid_ads,finance,employed,africa,64806,4,6,0.58,1
social_media,,,north_america,35416,1,5,0.46,1
organic_search,retail,employed,north_america,46368,4,8,0.73,1
organic_search,education,employed,europe,36314,4,9,0.72,1
social_media,healthcare,,asia,60663,2,3,0.45,0
paid_ads,healthcare,unemployed,south_america,29435,0,0,0.08,0
organic_search,education,unemployed,asia,14939,2,4,0.36,1
organic_search,finance,student,africa,,4,5,0.56,1
paid_ads,education,employed,north_america,46970,2,3,0.29,0
paid_ads,manufacturing,unemployed,africa,32162,0,0,0.23,0
events,retail,student,south_america,12000,0,0,0.04,0
paid_ads,manufacturing,student,asia,37079,1,2,0.28,0
social_media,finance,self_employed,asia,65793,1,2,0.28,0
events,manufacturing,self_employed,africa,49064,0,2,0.24,0
paid_ads,finance,self_employed,south_america,68995,1,3,0.38,0
social_media,technology,employed,asia,68956,3,6,0.68,1
,technology,student,africa,17509,2,2,0.29,1
social_media,retail,self_employed,asia,29825,3,4,0.47,0
paid_ads,retail,employed,europe,48935,3,6,0.55,1
events,,employed,asia,35913,1,3,0.29,0
paid_ads,technology,self_employed,north_america,81723,0,0,0.09,1
referral,retail,unemployed,asia,23563,3,4,0.42,1
referral,finance,student,asia,41026,2,4,0.55,1
paid_ads,manufacturing,unemployed,europe,51673,2,4,0.41,1
paid_ads,finance,unemployed,south_america,52969,1,4,0.28,1
organic_search,technology,employed,south_america,72961,3,6,0.62,1
organic_search,education,employed,south_america,29825,1,3,0.38,0
referral,,self_employed,europe,60203,2,5,0.52,0
events,education,self_employed,europe,33124,2,2,0.25,0
social_media,healthcare,employed,north_america,56583,3,7,0.65,1
social_media,retail,unemployed,europe,22619,2,5,0.44,1
paid_ads,retail,unemployed,europe,22014,2,4,0.45,1
social_media,,employed,europe,77155,2,2,0.28,1
,finance,employed,africa,78743,2,4,0.48,1
paid_ads,technology,unemployed,asia,58045,2,4,0.47,1
,retail,student,asia,12000,0,3,0.29,1
organic_search,healthcare,employed,north_america,77295,4,6,0.56,1
organic_search,education,employed,asia,24377,2,3,0.4,1
referral,education,employed,north_america,43583,1,4,0.47,0
social_media,healthcare,employed,north_america,73742,3,6,0.67,1
social_media,education,self_employed,south_america,43260,1,1,0.16,1
social_media,education,self_employed,asia,39234,0,3,0.4,0
organic_search,education,self_employed,europe,53926,2,6,0.66,1
organic_search,education,unemployed,south_america,12000,1,2,0.25,0
organic_search,healthcare,employed,south_america,65175,4,8,0.76,1
events,healthcare,employed,africa,51523,3,3,,0
organic_search,technology,self_employed,asia,78300,3,10,0.82,1
paid_ads,education,unemployed,north_america,,0,2,0.27,0
paid_ads,retail,unemployed,europe,12000,2,4,0.33,1
,finance,self_employed,europe,74398,4,7,0.78,1
social_media,retail,employed,north_america,50370,2,5,0.63,0
referral,retail,employed,south_america,44626,3,6,0.67,1
social_media,healthcare,unemployed,north_america,48007,4,6,0.53,1
paid_ads,education,employed,africa,33262,3,5,0.52,0
social_media,education,self_employed,asia,29414,1,3,0.36,1
referral,finance,employed,asia,73404,3,6,0.69,1
organic_search,technology,employed,europe,75413,3,3,0.47,1
,finance,employed,europe,82941,4,8,0.8,1
organic_search,finance,employed,south_america,63170,4,8,0.75,0
paid_ads,technology,employed,north_america,87018,1,3,0.34,0
organic_search,healthcare,employed,africa,54611,2,5,0.52,1
paid_ads,technology,employed,,68561,3,5,0.57,1
organic_search,healthcare,employed,europe,86360,3,5,0.6,1
referral,technology,employed,asia,72630,3,9,0.9,1
organic_search,technology,employed,north_america,109886,2,5,0.67,1
organic_search,education,employed,north_america,50452,3,2,0.32,0
social_media,finance,self_employed,africa,57438,3,0,0.31,0
organic_search,healthcare,employed,north_america,56779,3,4,0.56,1
organic_search,education,employed,europe,39300,3,5,0.66,1
events,retail,employed,south_america,46660,3,3,,0
social_media,technology,student,,42195,3,5,0.6,1
paid_ads,finance,employed,south_america,68311,2,1,0.24,0
paid_ads,,employed,asia,30383,4,6,0.51,1
referral,manufacturing,unemployed,north_america,36801,0,0,0.27,0
events,healthcare,employed,africa,47220,0,3,0.28,1
events,technology,employed,europe,80681,2,4,0.42,1
organic_search,retail,employed,north_america,66847,4,7,0.75,1
organic_search,finance,employed,europe,73932,4,7,0.8,1
social_media,healthcare,student,europe,,3,5,0.46,0
organic_search,education,employed,asia,36017,2,6,0.62,1
social_media,technology,employed,africa,82555,3,5,0.54,1
organic_search,finance,employed,africa,71532,3,5,0.58,1
social_media,technology,unemployed,north_america,47540,1,3,0.44,0
events,healthcare,employed,north_america,60881,3,2,0.33,1
paid_ads,healthcare,employed,europe,71127,2,3,0.44,0
organic_search,technology,employed,europe,71503,3,7,0.77,1
,technology,student,north_america,46631,3,5,0.59,1
social_media,technology,student,europe,,0,1,0.28,1
referral,healthcare,student,south_america,12233,2,5,0.58,0
organic_search,technology,employed,asia,74795,4,10,0.91,1
paid_ads,education,student,south_america,12000,1,3,0.26,0
organic_search,,,south_america,61456,4,8,0.93,1
organic_search,finance,employed,asia,65894,2,6,0.66,1
paid_ads,education,employed,africa,34480,1,1,0.27,0
paid_ads,retail,self_employed,north_america,64778,1,3,0.3,0
paid_ads,retail,employed,south_america,42691,2,5,0.44,0
referral,retail,employed,north_america,58615,3,11,0.93,1
social_media,retail,,asia,45930,2,3,0.42,1
paid_ads,technology,unemployed,europe,49033,0,1,0.2,0
events,technology,student,north_america,69938,2,4,0.49,0
paid_ads,retail,self_employed,europe,64725,1,2,0.3,0
paid_ads,healthcare,employed,south_america,53966,2,6,0.63,1
referral,technology,employed,south_america,70274,2,6,0.59,1
paid_ads,healthcare,employed,south_america,56003,4,7,0.65,1
social_media,retail,student,europe,12000,1,4,0.25,0
organic_search,manufacturing,self_employed,asia,47542,4,9,0.76,1
social_media,finance,employed,asia,79368,3,5,0.49,0
organic_search,education,employed,europe,45678,2,4,0.43,0
organic_search,healthcare,employed,europe,47881,4,6,0.73,1
social_media,healthcare,employed,north_america,69138,2,5,0.57,0
events,,student,asia,,1,4,0.37,0
social_media,education,employed,europe,41883,1,0,0.1,0
paid_ads,technology,employed,africa,75354,1,2,0.27,1
social_media,technology,self_employed,asia,78043,1,5,0.51,1
social_media,finance,self_employed,north_america,63785,0,3,0.37,0
referral,technology,employed,north_america,76146,1,6,0.65,1
organic_search,healthcare,employed,south_america,67813,2,6,0.64,1
referral,technology,employed,africa,69674,3,6,0.62,1
paid_ads,manufacturing,employed,north_america,70858,0,3,0.32,0
social_media,technology,unemployed,north_america,66169,0,0,0.24,0
referral,healthcare,self_employed,asia,54829,2,6,0.6,0
referral,retail,employed,north_america,57463,3,7,0.8,1
social_media,technology,unemployed,asia,52092,2,6,0.56,1
events,manufacturing,student,africa,15430,2,5,0.46,0
paid_ads,retail,student,north_america,13273,0,1,0.09,0
organic_search,education,employed,asia,45015,1,3,0.42,0
organic_search,technology,employed,north_america,88896,3,4,0.64,1
events,healthcare,self_employed,south_america,54956,1,1,0.33,0
events,education,employed,north_america,62754,1,3,0.33,0
referral,healthcare,student,south_america,,2,5,0.46,0
,healthcare,employed,south_america,54607,2,4,0.42,1
social_media,healthcare,self_employed,europe,67887,3,5,0.58,0
social_media,education,student,north_america,25034,3,5,0.47,0
paid_ads,retail,unemployed,south_america,22524,1,3,0.39,0
social_media,technology,employed,north_america,95338,2,7,0.68,0
organic_search,retail,,europe,25280,1,0,0.23,0
paid_ads,healthcare,employed,north_america,72216,4,7,0.67,1
organic_search,finance,unemployed,europe,,4,7,0.71,1
organic_search,technology,employed,europe,69193,2,5,0.45,0
referral,retail,employed,south_america,52852,3,6,0.7,1
paid_ads,finance,employed,europe,78736,1,5,0.43,1
referral,technology,employed,north_america,73719,3,7,0.76,1
social_media,technology,employed,north_america,89427,1,2,0.35,1
social_media,finance,employed,europe,91612,3,5,0.62,0
social_media,manufacturing,self_employed,africa,38581,4,3,0.39,0
referral,technology,employed,europe,81894,5,10,0.89,1
events,retail,employed,north_america,40591,2,6,0.51,1
referral,finance,,asia,74591,2,2,0.42,1
organic_search,retail,employed,europe,35857,5,11,0.96,1
organic_search,manufacturing,student,europe,,2,3,0.44,0
paid_ads,healthcare,student,north_america,47041,1,3,0.32,0
paid_ads,technology,self_employed,,105893,1,2,0.36,1
organic_search,education,employed,asia,22254,4,7,0.55,1
referral,education,unemployed,europe,12000,2,5,0.56,0
social_media,education,employed,north_america,45516,1,3,0.31,0
paid_ads,finance,employed,south_america,75135,3,6,0.59,1
social_media,healthcare,employed,south_america,51328,3,6,0.58,1
social_media,education,unemployed,africa,12000,2,5,0.49,0
social_media,retail,employed,europe,44529,4,7,0.62,1
social_media,technology,student,north_america,42114,1,4,0.35,0
paid_ads,technology,employed,south_america,67620,3,5,0.5,1
organic_search,education,employed,europe,35678,0,1,0.24,0
referral,technology,student,north_america,57036,1,5,0.43,1
paid_ads,technology,unemployed,north_america,48372,1,1,0.29,1
organic_search,education,unemployed,north_america,28119,1,1,0.22,0
organic_search,finance,employed,europe,80407,1,5,0.52,1
organic_search,retail,employed,africa,37228,5,7,0.66,1
organic_search,retail,employed,europe,56939,2,6,0.55,1
paid_ads,healthcare,employed,north_america,76278,3,5,0.54,1
events,healthcare,student,north_america,40878,1,3,0.39,0
social_media,finance,unemployed,asia,55688,0,0,0.01,1
social_media,technology,self_employed,north_america,76102,2,4,0.6,1
social_media,technology,student,asia,58500,2,6,0.51,1
paid_ads,manufacturing,employed,north_america,51279,2,4,0.47,0
social_media,manufacturing,unemployed,,21959,1,3,0.25,0
,healthcare,employed,north_america,68093,1,4,0.42,0
organic_search,,self_employed,europe,38630,1,5,0.54,1
paid_ads,technology,unemployed,north_america,72450,1,3,0.27,0
paid_ads,technology,unemployed,south_america,38628,0,1,0.23,0
referral,retail,unemployed,europe,20659,1,4,0.48,1
referral,healthcare,employed,africa,58731,3,7,0.73,1
organic_search,education,self_employed,south_america,21508,1,3,0.34,0
events,retail,unemployed,asia,12000,0,0,0.03,0
paid_ads,finance,unemployed,south_america,48859,2,5,0.62,1
paid_ads,finance,employed,asia,67160,2,2,0.36,1
paid_ads,technology,employed,south_america,70741,1,3,0.36,0
paid_ads,education,unemployed,asia,25709,2,2,0.29,0
social_media,retail,self_employed,north_america,40145,2,5,0.53,0
paid_ads,healthcare,student,south_america,,2,1,0.14,0
organic_search,retail,employed,europe,43858,2,5,0.54,1
organic_search,education,employed,africa,40709,4,8,0.7,1
organic_search,,unemployed,europe,50177,3,4,0.55,1
organic_search,,employed,south_america,53419,2,6,0.56,1
organic_search,education,unemployed,north_america,21856,1,3,0.45,1
social_media,technology,employed,south_america,63164,2,5,0.51,1
organic_search,finance,employed,europe,73034,3,7,0.76,1
referral,education,employed,north_america,44432,3,6,0.73,1
referral,education,employed,north_america,37418,3,5,0.69,1
events,manufacturing,self_employed,africa,46686,0,0,0.01,0
social_media,healthcare,student,africa,29081,3,5,0.52,0
organic_search,education,student,europe,20248,4,7,0.59,1
paid_ads,technology,employed,north_america,65164,0,2,0.23,0
events,retail,unemployed,asia,17971,0,0,0.01,0
organic_search,technology,employed,north_america,98938,2,4,0.58,1
organic_search,healthcare,employed,north_america,68070,5,10,0.92,1
organic_search,education,self_employed,europe,42384,3,7,0.75,1
social_media,finance,unemployed,north_america,55359,2,3,0.32,0
organic_search,healthcare,student,europe,,2,4,0.53,0
paid_ads,retail,employed,europe,53104,2,2,0.29,0
organic_search,retail,employed,europe,46912,3,6,0.66,1
,technology,student,asia,,2,6,0.48,1
social_media,retail,employed,north_america,53611,3,5,0.53,1
referral,retail,unemployed,africa,12000,1,4,0.36,0
social_media,finance,unemployed,europe,55757,1,3,0.26,0
organic_search,manufacturing,employed,europe,63098,3,7,0.75,1
referral,manufacturing,student,africa,26397,3,4,0.55,0
organic_search,technology,unemployed,north_america,62365,1,1,0.28,1
referral,,student,north_america,,1,4,0.47,1
social_media,finance,unemployed,europe,,2,6,0.69,1
social_media,education,employed,europe,46789,3,6,0.48,1
paid_ads,technology,employed,europe,77298,2,5,0.57,1
social_media,technology,employed,europe,90959,2,2,0.39,1
events,technology,student,africa,41133,1,1,0.3,0
social_media,healthcare,student,asia,12000,4,9,0.81,1
social_media,technology,employed,north_america,84729,3,7,0.75,1
referral,technology,student,asia,56812,2,1,0.36,1
social_media,education,employed,europe,45467,3,4,0.46,0
referral,retail,employed,north_america,53647,2,5,0.57,1
paid_ads,education,employed,,35131,2,3,0.35,1
events,finance,employed,europe,70107,1,4,0.47,1
events,technology,employed,europe,96551,2,5,,1
organic_search,retail,,europe,52219,1,3,0.31,0
referral,retail,employed,north_america,57210,2,5,0.61,1
paid_ads,education,employed,north_america,37301,1,2,0.31,1
social_media,technology,employed,asia,84643,1,2,0.38,0
organic_search,technology,employed,south_america,82140,2,7,0.79,1
events,technology,employed,europe,67957,3,5,0.6,1
paid_ads,finance,student,europe,41172,2,5,0.5,0
organic_search,healthcare,self_employed,,55308,1,6,0.59,1
organic_search,finance,employed,north_america,78607,2,3,0.35,0
social_media,healthcare,employed,europe,62220,3,2,0.32,1
organic_search,,employed,europe,88183,1,4,0.56,1
organic_search,retail,unemployed,africa,16389,4,10,0.93,1
referral,retail,employed,north_america,35326,4,8,0.78,1
events,finance,employed,south_america,71662,0,0,0.09,0
social_media,finance,employed,north_america,75128,3,5,0.54,1
paid_ads,education,student,asia,,3,4,0.38,0
paid_ads,healthcare,employed,north_america,62911,2,5,0.5,1
events,manufacturing,student,south_america,20644,2,3,0.32,0
organic_search,retail,employed,north_america,39613,4,5,0.63,1
social_media,finance,unemployed,north_america,48486,2,7,0.6,1
social_media,retail,student,europe,,1,7,0.57,0
paid_ads,retail,employed,africa,42051,2,5,0.49,0
events,retail,self_employed,north_america,52071,0,1,0.29,0
organic_search,retail,employed,africa,44679,4,8,0.77,1
organic_search,finance,self_employed,north_america,86799,3,7,0.68,1
organic_search,finance,employed,europe,91576,3,6,0.71,0
social_media,technology,unemployed,south_america,,2,3,0.36,0
paid_ads,,unemployed,asia,19586,2,8,0.59,1
social_media,education,employed,asia,41903,1,4,0.46,0
referral,retail,employed,europe,53127,3,8,0.67,1
referral,,employed,north_america,73732,1,5,0.62,1
organic_search,,employed,africa,47332,2,5,0.55,1
organic_search,finance,employed,europe,71258,3,7,0.84,1
paid_ads,education,,asia,45162,2,5,0.47,1
paid_ads,finance,employed,south_america,59388,1,2,0.33,0
paid_ads,retail,unemployed,north_america,12000,1,4,0.37,0
social_media,technology,self_employed,asia,72704,3,8,0.73,1
organic_search,manufacturing,self_employed,,47811,1,4,0.37,0
events,manufacturing,student,south_america,26311,1,2,0.29,0
events,technology,employed,asia,69086,3,4,0.51,1
paid_ads,healthcare,employed,asia,66707,3,7,0.62,0
paid_ads,healthcare,employed,north_america,50083,2,6,0.55,0
social_media,technology,self_employed,asia,62439,0,1,0.31,0
organic_search,,employed,north_america,93380,3,4,0.58,1
paid_ads,retail,student,,12000,1,3,0.22,1
paid_ads,healthcare,student,asia,25872,2,3,0.35,0
referral,,employed,south_america,61209,4,10,0.86,1
organic_search,healthcare,employed,europe,55619,2,7,0.6,1
paid_ads,retail,student,north_america,,0,0,0.01,0
paid_ads,technology,,south_america,71419,2,3,0.31,0
social_media,technology,student,asia,41425,3,4,0.47,1
social_media,retail,unemployed,europe,18663,1,4,0.3,1
social_media,finance,employed,asia,84233,1,5,0.52,0
organic_search,healthcare,self_employed,asia,63340,5,10,0.94,1
organic_search,retail,employed,south_america,52606,2,4,0.51,1
organic_search,manufacturing,student,africa,20640,1,2,0.3,0
referral,technology,employed,europe,79726,2,5,0.59,1
social_media,technology,,south_america,69394,4,6,0.68,0
referral,retail,employed,europe,53232,3,6,0.67,1
referral,finance,student,south_america,,2,5,0.56,1
events,retail,employed,europe,36134,0,0,0.01,1
,manufacturing,,asia,41690,2,6,0.48,1
organic_search,technology,self_employed,south_america,61892,4,7,0.81,1
paid_ads,education,employed,north_america,62458,4,7,0.7,1
referral,technology,student,north_america,51196,2,3,0.54,1
referral,retail,employed,south_america,33427,3,7,0.73,1
social_media,finance,employed,south_america,71186,2,5,0.47,1
events,finance,employed,north_america,77054,2,4,0.54,1
paid_ads,education,employed,north_america,52594,0,1,0.23,0
organic_search,technology,student,asia,44245,2,4,0.56,0
organic_search,retail,employed,africa,35761,4,7,0.78,1
referral,manufacturing,employed,europe,56486,2,6,0.64,1
referral,retail,student,south_america,12000,3,4,0.51,1
,retail,student,south_america,12000,2,6,0.66,1
paid_ads,retail,employed,asia,49321,3,6,0.59,1
paid_ads,finance,student,asia,40897,3,5,0.44,0
events,healthcare,employed,north_america,65616,2,5,0.48,0
social_media,,employed,asia,51285,2,4,0.45,0
social_media,retail,employed,north_america,45810,0,3,0.25,0
referral,healthcare,employed,north_america,72820,1,5,0.52,1
organic_search,finance,unemployed,europe,47791,1,4,0.47,0
social_media,education,employed,europe,40319,1,5,0.53,1
referral,finance,unemployed,south_america,41852,3,8,0.8,1
referral,technology,employed,asia,81764,4,6,0.76,1
referral,technology,employed,africa,59175,2,2,0.47,1
social_media,manufacturing,self_employed,north_america,63424,2,3,0.39,0
referral,retail,,north_america,65337,1,4,0.48,1
paid_ads,manufacturing,,north_america,61761,2,2,0.26,1
referral,technology,employed,europe,88891,2,5,0.57,1
referral,healthcare,employed,north_america,77764,4,9,0.88,1
events,technology,self_employed,,72065,2,4,0.57,1
organic_search,retail,unemployed,asia,17586,1,2,0.31,1
referral,retail,employed,north_america,54703,2,5,0.6,1
events,finance,unemployed,south_america,30967,1,3,0.31,1
social_media,retail,unemployed,asia,20258,0,1,0.22,0
events,,unemployed,north_america,34693,1,0,0.14,0
social_media,finance,employed,north_america,82336,3,7,0.76,1
referral,technology,student,north_america,56559,2,4,0.66,0
events,finance,employed,north_america,88590,3,6,,1
referral,retail,employed,africa,41111,3,9,0.83,1
organic_search,healthcare,employed,south_america,66443,2,4,0.46,1
social_media,technology,employed,,76684,1,5,0.53,1
,manufacturing,student,asia,12000,1,3,0.21,0
events,healthcare,self_employed,asia,52738,1,1,0.33,0
paid_ads,finance,employed,europe,68524,2,2,0.32,1
social_media,retail,self_employed,south_america,41936,4,4,0.45,0
referral,technology,employed,asia,77459,4,5,0.56,1
organic_search,finance,employed,north_america,82059,3,5,0.64,0
organic_search,technology,employed,africa,91815,3,6,0.54,1
organic_search,education,unemployed,asia,15174,2,4,0.42,0
paid_ads,finance,unemployed,europe,,1,2,0.25,0
social_media,technology,employed,south_america,72465,2,4,0.53,0
organic_search,healthcare,student,north_america,,1,3,0.34,1
organic_search,education,self_employed,north_america,54029,2,5,0.51,1
organic_search,manufacturing,employed,south_america,45599,4,7,0.76,1
social_media,technology,unemployed,north_america,65392,1,2,0.33,0
organic_search,education,self_employed,north_america,52812,3,7,0.71,0
organic_search,,employed,europe,65822,1,0,0.08,0
paid_ads,finance,employed,north_america,90667,2,5,0.44,0
paid_ads,healthcare,self_employed,africa,45302,2,4,0.36,1
organic_search,finance,employed,north_america,88886,4,5,0.56,1
paid_ads,education,employed,europe,47307,0,3,0.31,0
social_media,finance,employed,north_america,88889,1,0,0.3,0
referral,education,student,north_america,17616,4,8,0.87,1
organic_search,technology,employed,europe,102483,1,4,0.61,1
social_media,technology,employed,asia,89688,4,7,0.8,1
paid_ads,education,employed,africa,39572,2,2,0.45,0
paid_ads,retail,employed,south_america,35909,1,5,0.51,1
paid_ads,healthcare,student,north_america,27831,3,7,0.65,0
referral,education,,asia,14021,2,6,0.58,1
events,healthcare,employed,south_america,56191,1,3,0.4,0
events,healthcare,unemployed,europe,35245,1,0,0.18,0
organic_search,manufacturing,employed,north_america,55524,3,6,0.66,1
organic_search,healthcare,unemployed,north_america,41272,2,6,0.57,0
referral,healthcare,unemployed,south_america,43222,2,4,0.48,0
organic_search,,unemployed,asia,56166,1,3,0.33,1
social_media,technology,self_employed,,64338,1,5,0.45,0
organic_search,retail,unemployed,africa,12252,1,5,0.48,0
social_media,technology,employed,asia,80097,3,6,0.61,1
paid_ads,technology,employed,south_america,88372,1,1,0.11,1
organic_search,technology,self_employed,europe,83257,4,6,0.69,1
organic_search,healthcare,,north_america,78913,3,8,0.85,1
organic_search,finance,self_employed,north_america,63828,2,3,0.41,0
paid_ads,,self_employed,,69770,3,4,0.46,1
organic_search,healthcare,employed,asia,63924,3,5,0.51,1
social_media,retail,student,north_america,28190,0,1,0.21,0
events,retail,self_employed,asia,59054,3,4,0.45,1
paid_ads,retail,employed,north_america,40359,3,5,0.42,0
organic_search,healthcare,employed,north_america,77339,2,1,0.26,1
events,technology,self_employed,north_america,83108,1,4,0.41,1
,education,employed,north_america,44874,3,7,0.68,1
events,healthcare,employed,south_america,64472,1,2,0.26,1
organic_search,technology,employed,north_america,102844,1,5,0.55,0
organic_search,technology,employed,south_america,80648,5,10,0.9,1
paid_ads,education,,south_america,12000,0,2,0.23,0
paid_ads,technology,self_employed,asia,60039,0,0,0.01,0
organic_search,retail,self_employed,north_america,50299,1,5,0.5,0
organic_search,finance,student,africa,,1,2,0.33,0
organic_search,retail,employed,europe,48861,2,10,0.86,1
paid_ads,,employed,asia,49663,4,7,0.61,1
paid_ads,retail,employed,south_america,22798,3,7,0.59,1
social_media,finance,employed,south_america,67473,4,11,0.96,1
paid_ads,finance,employed,north_america,91680,2,6,0.57,1
social_media,manufacturing,employed,asia,43004,4,6,0.54,1
events,technology,self_employed,asia,79426,2,2,0.34,0
referral,healthcare,unemployed,asia,17239,2,4,0.54,1
paid_ads,manufacturing,employed,north_america,56096,2,6,0.6,0
organic_search,technology,employed,north_america,72933,1,2,0.37,0
referral,technology,employed,south_america,76300,3,4,0.68,1
paid_ads,education,self_employed,africa,35573,1,4,0.35,0
paid_ads,technology,unemployed,europe,,3,5,0.53,0
social_media,healthcare,student,europe,38954,0,0,0.15,0
referral,,self_employed,asia,45132,3,6,0.68,1
events,finance,employed,asia,76677,3,5,0.48,1
organic_search,education,self_employed,south_america,25535,3,4,0.44,1
organic_search,retail,employed,south_america,28664,3,6,0.64,1
events,education,self_employed,europe,43146,2,3,0.38,0
social_media,technology,employed,south_america,71805,6,10,0.99,1
social_media,,employed,north_america,36152,2,2,0.27,1
social_media,healthcare,employed,south_america,46285,2,1,0.2,0
organic_search,healthcare,employed,africa,67600,2,5,0.56,1
,technology,employed,europe,84780,2,2,0.33,1
social_media,healthcare,employed,,42479,3,5,0.56,1
paid_ads,healthcare,employed,north_america,61054,3,7,0.65,0
paid_ads,finance,employed,asia,68850,2,7,0.62,1
social_media,technology,self_employed,north_america,87019,2,3,0.41,1
organic_search,healthcare,employed,asia,54773,1,2,0.35,1
social_media,finance,employed,europe,73825,3,7,0.6,1
referral,education,unemployed,north_america,21041,2,5,0.57,1
social_media,healthcare,self_employed,asia,46240,2,5,0.47,0
organic_search,healthcare,employed,south_america,59328,2,4,0.57,0
events,retail,employed,,62556,2,3,0.32,0
events,technology,self_employed,south_america,72981,2,5,0.48,1
social_media,retail,self_employed,south_america,39035,3,7,0.66,1
social_media,education,student,asia,12000,4,10,0.8,1
social_media,healthcare,employed,europe,63951,2,2,0.26,0
paid_ads,education,employed,north_america,44629,3,8,0.62,1
referral,finance,self_employed,asia,62416,1,5,0.6,1
events,,employed,africa,69706,1,0,0.11,0
referral,education,employed,asia,34616,3,6,0.73,1
referral,manufacturing,unemployed,europe,30561,1,4,0.46,1
organic_search,retail,employed,europe,48203,4,10,0.91,1
organic_search,healthcare,employed,south_america,52820,3,7,0.73,1
social_media,finance,employed,europe,83705,0,0,0.2,0
events,education,employed,asia,54595,2,2,0.4,0
organic_search,manufacturing,employed,,58398,3,5,0.66,1
organic_search,healthcare,employed,south_america,55313,3,3,0.38,1
social_media,finance,unemployed,north_america,42785,2,3,0.4,1
social_media,technology,self_employed,north_america,92635,3,6,0.55,1
social_media,retail,student,north_america,12000,3,7,0.57,0
paid_ads,retail,employed,south_america,36031,0,0,0.13,0
events,education,employed,asia,40662,3,5,0.47,0
events,education,self_employed,africa,15203,4,5,0.52,0
organic_search,finance,self_employed,asia,65056,0,1,0.29,0
referral,healthcare,employed,asia,65520,4,10,0.99,1
social_media,,employed,europe,81314,3,9,0.83,1
referral,education,student,north_america,12000,0,3,0.28,0
social_media,healthcare,employed,south_america,58423,0,0,0.19,1
organic_search,technology,unemployed,europe,,1,3,0.35,0
social_media,education,employed,europe,32187,3,7,0.59,1
organic_search,finance,unemployed,south_america,55574,3,6,0.62,1
events,technology,employed,south_america,78017,2,6,0.49,0
social_media,technology,employed,europe,72228,2,6,0.61,1
paid_ads,retail,unemployed,north_america,26443,2,5,0.4,1
referral,technology,employed,asia,58909,3,9,0.79,1
paid_ads,manufacturing,employed,asia,53698,2,4,0.36,1
social_media,retail,employed,africa,27746,3,6,0.6,0
organic_search,education,employed,africa,46239,4,7,0.65,1
paid_ads,,employed,north_america,80151,4,9,0.79,1
social_media,technology,unemployed,,50552,2,5,0.56,1
events,retail,employed,,47959,2,6,0.51,0
organic_search,finance,employed,north_america,76085,3,4,0.55,1
referral,healthcare,self_employed,,59397,4,6,0.77,1
events,,self_employed,north_america,63112,2,4,0.42,1
events,technology,employed,asia,99181,2,2,0.31,0
referral,technology,employed,asia,86560,2,7,0.73,1
social_media,finance,self_employed,africa,60395,2,3,0.4,0
organic_search,retail,self_employed,europe,12000,4,11,0.96,1
organic_search,retail,employed,south_america,35864,2,4,0.55,1
events,education,employed,asia,40994,4,7,0.66,1
referral,retail,unemployed,south_america,16320,2,5,0.51,0
social_media,manufacturing,self_employed,africa,47227,3,6,0.64,1
paid_ads,education,employed,europe,47393,3,3,0.49,1
social_media,retail,unemployed,north_america,12429,0,3,0.27,0
events,,employed,africa,45117,2,1,0.28,0
organic_search,retail,self_employed,europe,48840,2,5,0.42,1
social_media,education,employed,south_america,52627,1,0,0.24,0
paid_ads,healthcare,employed,north_america,71220,2,4,0.36,1
social_media,healthcare,employed,south_america,50053,2,6,0.6,1
paid_ads,technology,employed,europe,95873,2,4,0.46,0
social_media,healthcare,employed,asia,53077,0,2,0.29,0
events,retail,employed,north_america,59959,1,2,0.33,1
social_media,retail,self_employed,europe,46162,3,6,0.59,0
social_media,manufacturing,student,europe,,1,4,0.44,1
organic_search,education,self_employed,europe,45386,2,4,0.5,0
organic_search,healthcare,employed,asia,69736,3,6,0.63,0
events,finance,self_employed,north_america,80225,1,0,0.17,0
paid_ads,education,student,europe,12889,1,3,0.32,0
events,manufacturing,unemployed,north_america,36612,2,4,0.33,0
events,technology,employed,north_america,71871,2,4,0.49,0
social_media,technology,employed,north_america,87796,0,0,0.04,0
organic_search,technology,student,asia,,0,2,0.25,0
social_media,,employed,north_america,36973,2,2,0.35,0
events,manufacturing,unemployed,europe,,0,1,0.1,0
organic_search,manufacturing,employed,south_america,58530,0,4,0.5,1
paid_ads,retail,employed,asia,50034,3,5,0.51,0
paid_ads,retail,unemployed,asia,12000,1,2,0.22,0
referral,retail,employed,asia,43829,3,7,0.74,1
paid_ads,finance,employed,europe,70769,3,4,0.33,1
events,healthcare,employed,europe,61871,2,2,0.3,0
,retail,employed,europe,52949,4,6,0.7,1
organic_search,technology,student,europe,27080,3,3,0.34,0
organic_search,,employed,north_america,93303,2,8,0.69,1
,finance,employed,asia,84591,3,3,0.52,1
events,technology,unemployed,north_america,57951,0,0,0.02,0
social_media,,self_employed,europe,73387,3,5,0.54,1
events,finance,self_employed,south_america,67592,0,1,0.12,0
referral,healthcare,employed,europe,52804,4,6,0.74,1
events,finance,student,asia,,1,1,0.23,0
social_media,technology,employed,asia,84777,1,4,0.42,1
paid_ads,education,student,north_america,32720,1,2,0.24,0
organic_search,retail,employed,asia,27399,3,4,0.48,1
organic_search,retail,employed,asia,45305,1,3,0.29,1
,technology,employed,north_america,84670,3,7,0.64,1
paid_ads,,employed,north_america,65642,1,2,0.39,1
organic_search,retail,employed,asia,52946,2,5,0.54,1
social_media,manufacturing,self_employed,europe,50638,1,5,0.46,0
events,retail,student,asia,,1,1,,0
organic_search,retail,employed,south_america,51421,3,7,0.68,0
referral,healthcare,unemployed,north_america,47206,0,2,0.34,0
paid_ads,healthcare,self_employed,north_america,77508,2,3,0.34,1
organic_search,retail,employed,south_america,52128,1,4,0.43,0
referral,finance,employed,north_america,84322,3,8,0.78,1
events,finance,employed,asia,67368,2,5,0.45,1
paid_ads,education,employed,africa,28267,3,7,0.65,0
paid_ads,education,employed,africa,42087,2,2,0.4,0
events,healthcare,employed,north_america,71541,2,5,0.42,1
,technology,employed,europe,89150,4,10,0.97,1
social_media,retail,unemployed,asia,14317,2,2,0.34,0
referral,retail,employed,north_america,63114,4,8,0.84,1
referral,technology,employed,,71698,3,7,0.84,1
referral,technology,employed,south_america,78357,3,6,0.75,1
paid_ads,finance,employed,asia,79222,2,3,0.41,1
social_media,finance,unemployed,north_america,54935,0,3,0.36,0
,finance,employed,south_america,82888,4,9,0.86,1
paid_ads,manufacturing,,north_america,22381,3,2,0.31,1
social_media,retail,unemployed,africa,12000,1,4,0.43,1
organic_search,technology,unemployed,europe,,0,1,0.26,0
referral,education,employed,north_america,50332,2,5,0.63,1
organic_search,finance,employed,africa,73037,4,6,0.72,1
social_media,retail,employed,europe,43988,1,2,0.35,0
paid_ads,technology,student,europe,56756,0,0,0.06,0
organic_search,technology,employed,,91333,1,3,0.28,0
paid_ads,technology,student,africa,40039,3,5,0.62,0
paid_ads,manufacturing,student,asia,20400,0,0,0.01,0
social_media,retail,unemployed,north_america,13415,2,6,0.63,1
social_media,finance,employed,asia,81312,1,4,0.5,0
social_media,healthcare,unemployed,north_america,34506,1,1,0.27,0
paid_ads,healthcare,self_employed,europe,45777,1,0,0.16,1
organic_search,education,employed,asia,37344,2,2,0.27,0
organic_search,technology,employed,europe,81377,3,9,0.79,1
referral,retail,self_employed,north_america,54101,1,4,0.4,1
referral,technology,self_employed,north_america,75054,2,4,0.52,1
social_media,manufacturing,employed,europe,72196,0,0,0.32,1
paid_ads,healthcare,employed,north_america,74593,2,4,0.39,1
referral,healthcare,employed,europe,68223,4,8,0.88,1
,finance,unemployed,north_america,58613,2,2,0.38,0
events,technology,employed,north_america,83286,2,6,,1
events,retail,unemployed,europe,31161,3,6,0.57,0
social_media,manufacturing,student,north_america,26447,2,3,0.42,1
social_media,manufacturing,,europe,37687,1,5,0.45,0
events,technology,self_employed,europe,77997,0,0,0.01,0
referral,education,unemployed,north_america,16811,4,5,0.59,1
social_media,manufacturing,employed,africa,45529,4,8,0.69,1
organic_search,healthcare,employed,north_america,73778,4,8,0.75,1
referral,technology,,europe,88612,4,10,0.99,1
organic_search,healthcare,employed,europe,65606,3,5,0.66,0
paid_ads,manufacturing,self_employed,europe,55637,1,0,0.18,0
events,retail,employed,south_america,48871,2,3,0.34,0
social_media,,employed,asia,75638,4,8,0.8,1
organic_search,technology,employed,asia,70527,2,6,0.53,1
referral,healthcare,employed,north_america,57340,1,3,0.43,0
organic_search,technology,employed,europe,84857,3,7,0.73,0
organic_search,finance,self_employed,asia,87498,3,9,0.86,1
events,retail,self_employed,north_america,52039,1,2,0.4,1
paid_ads,retail,employed,africa,42307,4,5,0.51,0
organic_search,finance,student,north_america,34513,3,5,0.5,0
organic_search,finance,,north_america,40046,2,4,0.38,1
organic_search,technology,self_employed,north_america,74382,2,7,0.68,0
organic_search,,unemployed,asia,,3,6,0.61,0
events,retail,employed,asia,53378,1,3,0.38,0
paid_ads,retail,employed,north_america,59521,2,4,0.47,1
organic_search,retail,self_employed,asia,44489,3,4,0.5,1
social_media,manufacturing,employed,europe,50314,2,3,0.48,1
referral,healthcare,employed,north_america,71732,3,9,0.91,1
referral,finance,employed,asia,84233,2,6,0.64,1
referral,healthcare,employed,africa,60814,2,8,0.78,1
events,finance,self_employed,europe,64376,2,5,0.54,1
events,technology,employed,europe,105648,2,4,,1
events,healthcare,employed,europe,78677,2,6,0.62,1
social_media,healthcare,employed,south_america,52995,3,5,0.57,1
social_media,education,self_employed,north_america,33679,1,2,0.25,0
social_media,technology,employed,north_america,101317,3,3,0.53,0
paid_ads,,self_employed,north_america,95728,1,1,0.32,0
organic_search,manufacturing,self_employed,north_america,59667,1,5,0.54,1
social_media,retail,employed,south_america,38976,3,3,0.4,0
paid_ads,,unemployed,asia,27292,0,0,0.01,0
organic_search,healthcare,self_employed,south_america,61586,2,5,0.52,1
organic_search,technology,employed,asia,73167,4,7,0.78,1
social_media,technology,employed,north_america,80259,2,1,0.3,0
paid_ads,technology,unemployed,north_america,49012,1,3,0.38,0
organic_search,retail,employed,north_america,58061,3,5,0.66,1
referral,retail,student,north_america,,2,4,0.56,1
organic_search,technology,employed,north_america,97679,3,4,0.71,1
referral,education,employed,asia,33289,4,7,0.77,1
paid_ads,technology,self_employed,asia,89673,2,3,0.43,1
social_media,finance,employed,asia,65836,3,5,0.71,1
paid_ads,finance,employed,asia,78640,3,5,0.52,1
paid_ads,technology,employed,north_america,72348,3,4,0.44,0
social_media,finance,employed,europe,70674,2,4,0.47,1
paid_ads,healthcare,employed,asia,61237,2,6,0.51,1
organic_search,,unemployed,north_america,69280,4,6,0.74,1
events,technology,employed,south_america,69203,0,0,0.22,0
paid_ads,education,employed,asia,52058,2,5,0.39,1
organic_search,healthcare,unemployed,south_america,21829,0,6,0.48,0
,finance,student,europe,44229,2,3,0.34,0
paid_ads,healthcare,employed,africa,70707,1,2,0.16,1
referral,healthcare,student,north_america,44293,2,6,0.63,1
referral,retail,employed,south_america,46629,5,10,0.99,1
events,education,employed,europe,53818,3,4,0.5,1
organic_search,technology,student,south_america,41501,2,2,0.41,1
events,manufacturing,,south_america,12000,3,7,0.56,0
paid_ads,finance,employed,asia,80185,2,5,0.52,0
events,finance,employed,asia,85703,3,5,0.6,1
social_media,manufacturing,employed,africa,30475,4,8,0.8,1
social_media,technology,employed,asia,78002,3,6,0.71,1
organic_search,retail,self_employed,north_america,63698,1,1,0.33,1
social_media,healthcare,employed,north_america,65031,2,3,0.38,0
social_media,,employed,europe,45280,3,8,0.82,1
organic_search,finance,unemployed,europe,69000,1,2,0.15,0
social_media,education,unemployed,south_america,20153,1,4,0.55,1
paid_ads,retail,unemployed,north_america,,1,3,0.4,1
events,retail,self_employed,south_america,31443,1,3,0.22,0
organic_search,manufacturing,employed,south_america,48529,4,8,0.76,1
social_media,finance,employed,europe,85678,2,5,0.64,0
paid_ads,education,unemployed,north_america,27290,2,3,0.33,0
paid_ads,healthcare,employed,south_america,71632,2,5,0.42,1
organic_search,manufacturing,student,,,3,6,0.55,1
events,technology,unemployed,europe,62712,0,0,0.15,0
referral,technology,self_employed,asia,81860,3,8,0.83,1
organic_search,technology,employed,north_america,97190,2,6,0.57,1
events,retail,unemployed,north_america,35796,1,3,0.39,1
social_media,healthcare,self_employed,north_america,54621,2,2,0.4,1
referral,retail,self_employed,north_america,53505,0,0,0.32,0
events,education,,south_america,35770,2,3,0.39,1
social_media,,employed,europe,79668,3,3,0.51,1
social_media,healthcare,self_employed,africa,61743,4,4,0.58,1
paid_ads,manufacturing,employed,africa,55012,3,2,0.37,0
paid_ads,retail,unemployed,north_america,21333,0,0,0.18,0
social_media,manufacturing,employed,north_america,53297,5,7,0.79,1
organic_search,retail,employed,europe,47343,4,7,0.63,1
social_media,technology,unemployed,asia,49586,2,5,0.53,0
events,manufacturing,unemployed,asia,22287,2,4,0.43,0
events,finance,unemployed,south_america,43877,0,0,0.04,0
referral,education,unemployed,africa,12000,2,7,0.62,1
referral,education,employed,north_america,47169,3,11,0.91,1
social_media,healthcare,self_employed,south_america,46376,1,0,0.24,0
social_media,healthcare,employed,europe,51821,4,8,0.69,1
organic_search,technology,self_employed,europe,88705,4,6,0.8,1
paid_ads,retail,student,asia,,1,1,0.23,0
paid_ads,retail,student,africa,,0,0,0.01,0
social_media,healthcare,self_employed,north_america,59882,1,5,0.53,0
paid_ads,retail,employed,south_america,38127,3,5,0.44,1
events,technology,employed,north_america,90659,1,3,0.48,0
referral,healthcare,employed,south_america,62414,4,6,0.66,1
organic_search,retail,employed,,53423,2,4,0.55,1
social_media,healthcare,student,asia,21165,2,3,0.33,1
social_media,retail,employed,europe,42293,3,5,0.7,1
paid_ads,technology,employed,north_america,85468,3,3,0.51,0
referral,education,employed,europe,41544,3,7,0.82,1
social_media,technology,employed,europe,78717,2,5,0.55,1
social_media,healthcare,employed,south_america,75795,3,5,0.6,0
organic_search,manufacturing,student,europe,20519,1,4,0.39,0
paid_ads,healthcare,employed,north_america,62136,5,6,0.61,1
organic_search,healthcare,employed,north_america,70825,3,6,0.62,0
events,finance,employed,north_america,84050,4,5,0.59,1
organic_search,healthcare,student,south_america,42395,4,5,0.62,0
referral,finance,employed,africa,64645,2,4,0.53,1
organic_search,retail,self_employed,asia,41630,4,7,0.64,0
social_media,finance,employed,europe,72506,3,6,0.72,1
referral,finance,self_employed,south_america,53554,2,9,0.87,1
organic_search,retail,employed,asia,32263,3,7,0.63,1
paid_ads,technology,employed,asia,67038,1,3,0.37,0
events,education,employed,asia,32953,2,2,0.34,0
social_media,healthcare,self_employed,south_america,57653,3,6,0.58,1
events,healthcare,student,europe,,0,0,0.16,0
organic_search,manufacturing,employed,europe,63478,4,9,0.88,1
referral,technology,employed,asia,84129,2,6,0.77,1
organic_search,healthcare,self_employed,asia,57095,0,2,0.33,0
organic_search,retail,unemployed,asia,12735,3,6,0.52,1
social_media,technology,employed,north_america,86834,4,6,0.58,1
paid_ads,finance,employed,europe,61933,1,0,0.15,0
referral,technology,employed,north_america,91937,2,8,0.77,1
paid_ads,healthcare,self_employed,europe,47852,1,2,0.21,1
organic_search,,employed,europe,83864,3,9,0.9,1
referral,healthcare,unemployed,north_america,33751,2,6,0.69,1
organic_search,education,employed,north_america,51136,2,6,0.61,1
paid_ads,technology,unemployed,north_america,66435,0,2,0.24,0
organic_search,education,unemployed,europe,,1,2,0.38,0
organic_search,technology,unemployed,south_america,52614,0,0,0.17,0
social_media,education,employed,,37823,2,4,0.44,1
paid_ads,manufacturing,employed,europe,46643,2,5,0.36,0
social_media,manufacturing,unemployed,south_america,34744,2,5,0.57,1
events,technology,employed,africa,73087,1,0,0.29,0
paid_ads,finance,employed,north_america,93368,5,6,0.71,1
organic_search,retail,employed,north_america,47092,2,6,0.59,1
social_media,healthcare,unemployed,south_america,29421,1,0,0.21,0
referral,healthcare,student,south_america,,3,8,0.69,1
organic_search,education,employed,africa,30549,2,2,0.36,1
social_media,retail,employed,north_america,58570,2,3,0.43,0
social_media,retail,unemployed,europe,29152,1,2,0.21,0
paid_ads,healthcare,unemployed,asia,,0,3,0.17,0
organic_search,retail,employed,,48373,4,8,0.73,1
events,technology,employed,africa,67915,5,9,0.8,1
organic_search,finance,employed,south_america,70340,2,3,0.48,0
paid_ads,education,employed,north_america,44458,5,7,0.64,1
organic_search,finance,employed,europe,84468,3,6,0.66,1
paid_ads,technology,student,south_america,40048,2,3,0.32,0
organic_search,retail,student,europe,12000,2,5,0.53,1
organic_search,healthcare,employed,africa,57124,2,3,0.43,0
paid_ads,healthcare,employed,,72333,2,7,0.6,1
paid_ads,technology,,asia,69087,3,5,0.65,1
paid_ads,retail,employed,north_america,55208,3,7,0.57,1
paid_ads,healthcare,employed,asia,73849,3,7,0.62,1
referral,manufacturing,self_employed,north_america,61311,3,5,0.64,0
referral,technology,employed,south_america,65362,2,5,0.6,1
paid_ads,technology,employed,north_america,67935,2,5,0.46,1
paid_ads,healthcare,self_employed,europe,54592,3,6,0.57,1
organic_search,healthcare,self_employed,north_america,53651,1,3,0.27,0
referral,retail,unemployed,north_america,20599,1,1,0.19,0
organic_search,technology,employed,north_america,87030,4,8,0.75,1
social_media,technology,unemployed,asia,,1,4,0.39,0
social_media,education,employed,south_america,35951,2,2,0.33,0
events,retail,self_employed,asia,30155,0,3,0.33,0
events,education,employed,north_america,58282,2,5,0.46,1
paid_ads,education,self_employed,asia,46230,3,5,0.53,0
organic_search,technology,student,asia,43594,5,12,0.94,1
organic_search,technology,self_employed,north_america,86171,3,3,0.57,0
social_media,healthcare,unemployed,north_america,41944,2,3,0.39,1
referral,finance,self_employed,europe,82589,3,7,0.79,1
social_media,retail,self_employed,north_america,51202,3,7,0.7,1
social_media,healthcare,employed,south_america,58488,3,4,0.56,1
referral,finance,unemployed,north_america,65814,1,3,0.46,0
organic_search,retail,employed,north_america,70270,3,5,0.54,0
organic_search,technology,employed,europe,66215,3,7,0.7,1
organic_search,healthcare,employed,europe,58597,2,3,0.48,0
organic_search,,employed,north_america,64329,1,3,0.3,0
referral,retail,employed,europe,56411,3,6,0.71,1
events,manufacturing,unemployed,africa,31246,2,3,0.3,0
social_media,retail,student,europe,16087,2,4,0.3,1
organic_search,manufacturing,student,europe,25865,2,4,0.48,1
events,technology,employed,north_america,79944,2,1,0.25,1
paid_ads,healthcare,employed,south_america,75504,3,6,0.6,1
organic_search,technology,student,europe,35933,3,5,0.47,1
paid_ads,technology,employed,north_america,97218,2,4,0.46,0
social_media,retail,self_employed,asia,40926,2,4,0.4,0
paid_ads,technology,student,north_america,48803,2,4,0.43,0
social_media,healthcare,employed,,51164,1,3,0.36,0
referral,technology,self_employed,north_america,79698,0,3,0.58,1
social_media,healthcare,self_employed,,69738,3,4,0.5,1
referral,healthcare,employed,europe,64765,1,5,0.5,0
referral,retail,self_employed,south_america,52392,5,9,0.93,1
paid_ads,,self_employed,north_america,49204,1,3,0.4,0
referral,technology,self_employed,south_america,72306,1,4,0.61,0
organic_search,technology,employed,south_america,62450,5,8,0.78,1
organic_search,education,student,europe,12000,2,4,0.43,1
organic_search,education,employed,,44817,3,7,0.73,0
referral,healthcare,student,europe,37856,1,2,0.33,0
organic_search,technology,unemployed,south_america,,2,6,0.64,1
referral,finance,employed,south_america,75711,4,7,0.86,1
organic_search,education,unemployed,north_america,15012,1,6,0.52,0
social_media,technology,employed,north_america,95432,3,3,0.46,0
events,technology,unemployed,north_america,52715,0,0,0.06,0
organic_search,retail,employed,europe,29901,2,9,0.71,1
organic_search,healthcare,employed,north_america,68538,2,4,0.5,1
social_media,technology,employed,africa,80315,1,2,0.37,1
events,technology,employed,south_america,78530,2,4,0.42,1
social_media,education,employed,south_america,38902,3,7,0.62,1
paid_ads,education,student,africa,,0,1,0.07,1
,education,,,31862,2,3,0.49,1
social_media,technology,employed,,78960,2,5,0.57,1
social_media,healthcare,employed,asia,66327,3,8,0.74,1
social_media,healthcare,unemployed,north_america,42074,1,4,0.41,0
social_media,finance,unemployed,europe,,1,4,0.53,1
organic_search,manufacturing,unemployed,,,2,6,0.67,1
social_media,retail,self_employed,asia,24031,5,8,0.71,1
referral,retail,employed,north_america,53493,5,9,0.87,1
events,manufacturing,,asia,56589,4,7,0.73,1
social_media,technology,unemployed,europe,,3,6,0.69,1
paid_ads,education,self_employed,europe,43717,2,4,0.37,0
organic_search,education,employed,north_america,51159,4,7,0.82,1
organic_search,,employed,north_america,60105,1,4,0.47,0
paid_ads,finance,unemployed,south_america,42571,0,1,0.07,0
paid_ads,healthcare,employed,asia,64886,0,1,0.19,0
organic_search,education,employed,north_america,54941,2,4,0.46,1
referral,manufacturing,employed,europe,56565,1,3,0.47,1
events,healthcare,employed,asia,52891,2,2,0.32,0
events,technology,employed,north_america,95672,3,8,0.84,1
organic_search,technology,employed,north_america,87567,2,6,0.6,1
events,technology,unemployed,asia,58194,0,1,0.19,0
paid_ads,healthcare,employed,asia,55811,1,4,0.46,0
paid_ads,manufacturing,employed,north_america,68852,3,6,0.54,1
organic_search,education,self_employed,,40906,2,1,0.26,1
paid_ads,technology,student,asia,51079,3,5,0.55,1
social_media,technology,self_employed,north_america,85004,2,4,0.43,1
referral,finance,unemployed,africa,55865,2,4,0.49,0
organic_search,education,student,asia,16408,3,9,0.76,1
social_media,retail,student,asia,12000,3,2,0.37,0
,,student,south_america,12000,1,1,0.31,1
social_media,education,employed,north_america,44005,2,5,0.5,1
paid_ads,retail,employed,asia,43027,2,4,0.45,0
social_media,retail,self_employed,north_america,47627,2,5,0.53,1
organic_search,technology,unemployed,africa,,3,6,0.63,0
organic_search,finance,employed,south_america,75226,3,5,0.46,0
referral,finance,employed,north_america,78812,3,9,0.86,1
organic_search,technology,employed,south_america,67873,1,4,0.51,1
organic_search,finance,employed,asia,69483,5,11,0.99,1
events,finance,employed,north_america,87997,2,1,0.26,0
organic_search,healthcare,self_employed,south_america,58246,1,6,0.65,0
,finance,employed,north_america,86972,2,2,0.4,1
social_media,,student,asia,,2,2,0.35,1
organic_search,finance,employed,europe,80795,3,5,0.62,0
organic_search,manufacturing,self_employed,asia,43830,2,6,0.59,0
referral,retail,unemployed,north_america,15154,2,2,0.39,0
social_media,manufacturing,employed,africa,53629,0,1,0.22,0
organic_search,healthcare,,africa,21709,0,3,0.34,0
,finance,student,north_america,41085,3,5,0.55,1
paid_ads,retail,unemployed,europe,,3,8,0.76,1
paid_ads,education,employed,south_america,24955,2,3,0.31,0
events,technology,self_employed,north_america,72878,1,4,0.48,0
organic_search,technology,self_employed,asia,82774,4,5,0.64,1
organic_search,retail,employed,north_america,52640,2,8,0.79,1
organic_search,finance,student,south_america,,3,8,0.71,1
organic_search,healthcare,unemployed,asia,20526,1,4,0.35,1
paid_ads,healthcare,,south_america,53198,3,4,0.51,1
events,finance,,asia,58758,2,2,0.2,0
paid_ads,technology,employed,north_america,79436,3,1,0.26,1
events,,student,africa,,2,3,0.38,0
organic_search,healthcare,unemployed,north_america,47547,4,9,0.79,1
social_media,retail,self_employed,north_america,55247,2,7,0.67,1
social_media,retail,employed,europe,43083,1,0,0.16,0
social_media,healthcare,self_employed,asia,49056,4,6,0.61,1
paid_ads,finance,student,north_america,47617,2,3,0.36,0
organic_search,finance,unemployed,north_america,57234,2,4,0.48,1
paid_ads,education,employed,south_america,41156,2,7,0.5,0
events,education,self_employed,asia,32635,2,4,0.39,0
referral,finance,employed,north_america,78042,2,4,0.47,0
paid_ads,retail,,,55668,0,1,0.09,0
organic_search,healthcare,student,europe,31728,4,10,0.86,1
paid_ads,finance,employed,south_america,68829,2,3,0.39,1
paid_ads,finance,self_employed,north_america,77498,0,1,0.17,0
paid_ads,manufacturing,employed,north_america,60720,4,6,0.69,1
organic_search,healthcare,student,south_america,20241,1,3,0.42,0
paid_ads,healthcare,unemployed,europe,32659,2,4,0.43,1
social_media,finance,employed,europe,73133,3,7,0.73,0
referral,technology,self_employed,europe,79516,4,9,0.99,1
paid_ads,manufacturing,,asia,23737,1,7,0.53,0
paid_ads,education,employed,north_america,42804,1,6,0.45,1
paid_ads,retail,employed,asia,46813,1,1,0.17,0
paid_ads,technology,employed,north_america,66818,0,0,0.12,0
social_media,retail,,north_america,19092,0,1,0.27,1
paid_ads,healthcare,student,north_america,24517,0,3,0.37,0
social_media,education,employed,north_america,53379,2,5,0.62,0
events,finance,student,north_america,43539,1,4,0.39,1
social_media,retail,unemployed,north_america,31031,1,4,0.37,1
organic_search,retail,,europe,53828,3,5,0.55,1
organic_search,technology,student,africa,,3,7,0.65,1
events,,unemployed,south_america,25031,1,5,,1
social_media,retail,self_employed,europe,43823,2,4,0.45,1
social_media,retail,,asia,12000,0,0,0.01,0
events,technology,self_employed,asia,65066,2,5,0.56,1
referral,manufacturing,student,asia,29527,1,2,0.42,0
social_media,technology,employed,south_america,90897,3,4,0.51,1
referral,healthcare,employed,south_america,56085,4,10,0.9,1
events,technology,employed,north_america,82175,3,4,0.54,1
events,retail,employed,north_america,49040,3,4,0.43,0
social_media,manufacturing,employed,north_america,58373,2,7,0.56,1
social_media,education,employed,north_america,50992,4,7,0.65,1
social_media,healthcare,employed,europe,54069,4,10,0.88,0
social_media,education,employed,africa,23291,3,5,0.63,1
paid_ads,manufacturing,student,africa,17496,1,0,0.09,0
referral,,employed,south_america,51055,3,6,0.64,1
organic_search,technology,unemployed,north_america,77332,1,3,0.49,1
social_media,technology,employed,europe,64799,1,2,0.34,1
organic_search,retail,employed,europe,42534,1,4,0.42,1
organic_search,technology,self_employed,,80136,1,3,0.51,1
social_media,finance,employed,europe,91277,2,3,0.45,1
social_media,technology,unemployed,europe,55822,3,6,0.6,1
social_media,healthcare,self_employed,asia,61216,3,7,0.67,1
paid_ads,finance,student,north_america,,1,5,0.53,0
referral,manufacturing,unemployed,north_america,,2,5,0.6,1
referral,technology,employed,south_america,87850,2,8,0.69,1
organic_search,technology,self_employed,europe,88610,3,7,0.77,1
organic_search,healthcare,unemployed,africa,26147,3,7,0.67,1
social_media,education,student,north_america,12000,3,5,0.59,0
events,finance,,asia,66576,1,4,0.48,1
paid_ads,technology,student,north_america,52981,1,0,0.26,0
referral,retail,unemployed,europe,31134,4,8,0.9,1
organic_search,retail,employed,europe,42517,1,5,0.52,1
events,retail,employed,north_america,52169,2,3,0.36,1
events,retail,unemployed,north_america,,1,3,0.34,0
social_media,technology,unemployed,europe,46983,1,1,0.28,1
social_media,technology,employed,asia,87119,4,5,0.66,1
social_media,healthcare,employed,europe,62169,0,3,0.32,1
paid_ads,healthcare,employed,europe,63340,2,4,0.45,0
referral,retail,employed,south_america,38487,3,8,0.76,1
paid_ads,technology,unemployed,asia,41868,0,0,0.1,0
social_media,finance,self_employed,north_america,75634,1,0,0.19,0
events,technology,,europe,87588,2,2,0.22,0
social_media,manufacturing,employed,europe,53348,2,6,0.57,1
organic_search,,student,north_america,72740,3,7,0.65,1
social_media,retail,employed,africa,47315,2,2,0.31,0
referral,technology,unemployed,europe,49201,1,4,0.51,0
organic_search,finance,unemployed,north_america,49347,2,2,0.33,1
paid_ads,,student,asia,,2,5,0.42,0
social_media,manufacturing,student,north_america,22653,3,7,0.68,1
social_media,manufacturing,employed,africa,45341,2,2,0.35,1
referral,retail,employed,europe,42154,4,9,0.85,1
events,healthcare,employed,north_america,76073,5,7,0.64,1
social_media,technology,self_employed,,75077,1,3,0.47,0
paid_ads,finance,,south_america,38591,0,1,0.14,0
social_media,education,self_employed,africa,32899,1,1,0.27,0
organic_search,education,student,north_america,30641,4,9,0.89,1
social_media,manufacturing,unemployed,asia,40373,1,2,0.24,0
events,finance,unemployed,asia,48758,1,2,0.26,0
events,technology,employed,asia,78878,2,6,0.59,1
organic_search,retail,employed,north_america,49349,2,6,0.55,1
social_media,,self_employed,europe,53375,2,6,0.6,0
social_media,manufacturing,student,north_america,21837,1,3,0.31,0
organic_search,technology,self_employed,north_america,79547,2,7,0.71,1
social_media,manufacturing,student,europe,31758,4,6,0.64,0
social_media,technology,employed,europe,82856,1,3,0.32,1
social_media,technology,self_employed,asia,78092,2,6,0.67,0
paid_ads,finance,self_employed,south_america,66293,3,6,0.6,0
,finance,employed,,76300,0,3,0.42,0
events,technology,employed,asia,83102,0,5,0.42,1
paid_ads,retail,employed,north_america,44752,1,0,0.09,1
social_media,,employed,africa,32209,2,5,0.56,1
referral,retail,employed,south_america,38305,3,4,0.64,1
social_media,technology,self_employed,asia,86005,2,7,0.66,1
referral,technology,employed,asia,66960,4,7,0.72,1
social_media,retail,self_employed,north_america,35183,1,6,0.5,1
social_media,technology,student,north_america,53759,1,5,0.48,0
social_media,healthcare,employed,africa,58686,5,9,0.85,1
social_media,technology,self_employed,north_america,81103,3,8,0.76,1
paid_ads,manufacturing,student,,,3,4,0.48,1
events,finance,self_employed,europe,66731,2,2,0.29,0
referral,healthcare,student,south_america,,2,6,0.72,1
social_media,technology,student,south_america,,2,2,0.42,1
events,technology,self_employed,north_america,77918,0,0,0.24,0
organic_search,technology,employed,europe,74425,0,2,0.41,1
organic_search,finance,,north_america,56541,0,1,0.27,1
events,education,student,asia,12000,1,5,0.4,1
events,finance,employed,north_america,69618,0,0,,0
organic_search,technology,self_employed,south_america,69010,3,7,0.7,1
social_media,technology,employed,asia,70419,2,3,0.52,1
organic_search,healthcare,self_employed,south_america,59324,1,0,0.22,0
referral,retail,employed,asia,34802,1,3,0.42,1
social_media,finance,student,asia,19893,1,2,0.26,1
paid_ads,education,student,asia,12000,3,6,0.48,0
organic_search,retail,employed,africa,47808,3,5,0.54,0
organic_search,technology,student,south_america,50322,2,2,0.35,0
paid_ads,technology,unemployed,europe,52530,2,7,0.63,0
referral,technology,unemployed,europe,64137,4,8,0.84,1
organic_search,technology,employed,europe,76847,3,9,0.93,1
paid_ads,finance,unemployed,europe,42919,1,5,0.54,0
referral,technology,employed,europe,65570,4,9,0.84,1
events,,employed,north_america,70627,2,4,0.55,1
social_media,healthcare,unemployed,asia,36890,1,3,0.37,0
referral,manufacturing,student,asia,,2,3,0.38,1
paid_ads,technology,employed,europe,88423,2,4,0.38,0
social_media,technology,unemployed,africa,,2,3,0.28,1
organic_search,technology,employed,north_america,90575,4,8,0.74,1
organic_search,technology,employed,asia,73184,3,4,0.5,1
referral,manufacturing,,europe,58671,3,6,0.61,1
organic_search,education,self_employed,north_america,49817,4,7,0.64,1
referral,,,,33967,0,2,0.27,1
paid_ads,,employed,asia,78109,1,3,0.28,0
referral,healthcare,employed,north_america,63969,3,4,0.58,0
social_media,manufacturing,employed,africa,42998,4,5,0.59,1
organic_search,healthcare,student,africa,16287,1,3,0.23,0
paid_ads,healthcare,student,europe,43823,1,5,0.46,1
events,,self_employed,north_america,79968,3,3,0.53,1
paid_ads,manufacturing,,north_america,66121,1,1,0.2,0
organic_search,technology,employed,europe,67940,1,6,0.57,1
referral,technology,student,north_america,,0,1,0.3,1
events,education,self_employed,north_america,45644,3,3,0.43,1
paid_ads,retail,employed,europe,41991,1,4,0.47,1
social_media,technology,student,north_america,44850,0,1,0.23,0
organic_search,retail,employed,europe,37816,3,5,0.54,1
paid_ads,manufacturing,employed,asia,48407,1,3,0.32,0
paid_ads,education,employed,europe,54028,4,5,0.54,1
organic_search,finance,employed,south_america,77821,3,5,0.54,0
referral,technology,student,asia,,2,4,0.47,1
social_media,healthcare,self_employed,europe,61452,2,5,0.52,0
events,retail,self_employed,north_america,54077,2,7,0.62,1
referral,education,student,north_america,,4,8,0.76,1
paid_ads,manufacturing,unemployed,north_america,39776,2,6,0.56,1
paid_ads,healthcare,employed,south_america,56377,1,5,0.52,0
organic_search,finance,employed,asia,59781,2,4,0.55,1
social_media,finance,employed,asia,84387,3,6,0.64,1
social_media,,self_employed,asia,50127,3,6,0.6,0
events,retail,self_employed,north_america,58143,4,9,0.77,1
organic_search,education,employed,asia,41306,1,4,0.48,0
organic_search,education,student,asia,,1,5,0.46,1
social_media,finance,employed,south_america,87544,1,4,0.51,1
social_media,technology,employed,europe,86540,2,7,0.59,1
social_media,healthcare,unemployed,europe,,2,2,0.28,0
events,retail,employed,asia,24120,2,4,0.36,0
paid_ads,manufacturing,employed,asia,50287,2,4,0.35,1
referral,technology,self_employed,asia,80533,3,7,0.69,1
referral,manufacturing,self_employed,asia,56260,3,9,0.77,1
organic_search,healthcare,self_employed,europe,59490,2,2,0.46,1
referral,education,employed,north_america,62907,5,8,0.92,1
paid_ads,,employed,north_america,89462,1,4,0.54,1
social_media,healthcare,employed,africa,55858,3,7,0.72,1
organic_search,finance,employed,europe,68406,5,10,0.96,1
social_media,technology,employed,south_america,76910,3,6,0.64,1
,manufacturing,student,asia,17265,1,3,0.36,0
events,manufacturing,employed,north_america,81288,2,3,0.37,0
paid_ads,retail,self_employed,asia,26836,2,3,0.28,1
paid_ads,healthcare,employed,africa,45118,4,4,0.5,1
social_media,finance,employed,europe,79140,1,2,0.4,1
paid_ads,technology,employed,asia,67685,4,6,0.67,1
paid_ads,retail,student,asia,12000,2,4,0.43,0
paid_ads,manufacturing,,asia,51891,2,2,0.32,0
organic_search,technology,student,europe,43400,2,2,0.37,1
events,healthcare,student,europe,,1,3,0.28,0
social_media,retail,unemployed,asia,21206,1,2,0.33,0
social_media,manufacturing,unemployed,europe,31316,0,1,0.27,0
events,retail,unemployed,south_america,21093,1,4,0.31,1
paid_ads,education,self_employed,europe,54338,1,4,0.46,1
paid_ads,healthcare,,south_america,60179,1,5,0.42,0
events,manufacturing,employed,north_america,73956,0,0,0.01,0
referral,technology,self_employed,north_america,91286,2,5,0.7,1
paid_ads,retail,unemployed,north_america,18883,0,0,0.08,0
social_media,,employed,asia,52717,1,2,0.28,1
referral,healthcare,student,north_america,30465,2,3,0.48,0
paid_ads,technology,employed,north_america,91206,1,2,0.3,0
organic_search,technology,employed,europe,91342,3,6,0.67,1
social_media,retail,employed,africa,47440,3,6,0.61,1
paid_ads,healthcare,unemployed,north_america,32956,1,3,0.33,0
paid_ads,manufacturing,employed,north_america,59614,3,5,0.49,1
organic_search,healthcare,unemployed,asia,26019,2,5,0.56,1
paid_ads,finance,employed,europe,88107,5,8,0.82,1
paid_ads,finance,employed,europe,84907,4,7,0.76,1
,manufacturing,unemployed,south_america,17412,1,4,0.38,1
paid_ads,finance,student,europe,42484,2,3,0.44,1
paid_ads,finance,student,south_america,32351,2,3,0.45,0
social_media,finance,student,asia,23245,2,4,0.37,1
events,manufacturing,employed,north_america,74250,1,2,0.38,1
paid_ads,education,student,africa,12000,0,0,0.01,0
paid_ads,manufacturing,employed,south_america,47313,2,5,0.49,1
referral,education,employed,africa,39830,4,8,0.83,1
paid_ads,retail,unemployed,africa,12000,2,1,0.16,0
organic_search,technology,student,africa,29428,1,5,0.53,1
events,retail,employed,europe,50717,2,4,0.44,0
paid_ads,technology,unemployed,asia,59468,2,2,0.25,1
social_media,,student,south_america,14049,1,3,0.33,0
paid_ads,finance,self_employed,asia,68915,2,3,0.37,0
social_media,manufacturing,employed,asia,47613,2,1,0.27,0
events,education,employed,south_america,50434,1,3,,0
social_media,finance,self_employed,asia,82154,3,6,0.59,1
organic_search,technology,employed,europe,103926,3,8,0.8,1
paid_ads,retail,employed,south_america,38917,1,4,0.38,0
events,retail,unemployed,north_america,31191,0,0,0.1,0
referral,healthcare,student,asia,21105,0,4,0.5,1
paid_ads,healthcare,student,north_america,,0,1,0.12,0
social_media,technology,employed,asia,89710,4,7,0.71,1
organic_search,retail,employed,asia,43468,2,5,0.55,1
,healthcare,student,europe,39018,2,7,0.52,0
referral,healthcare,employed,north_america,77564,3,7,0.87,1
paid_ads,technology,unemployed,europe,,1,5,0.33,1
,retail,employed,south_america,43063,3,6,0.47,0
referral,healthcare,unemployed,south_america,12000,1,3,0.31,0
social_media,healthcare,self_employed,asia,52028,2,1,0.27,0
paid_ads,technology,employed,north_america,86711,3,5,0.57,1
social_media,retail,student,europe,,3,3,0.3,0
referral,technology,employed,north_america,87637,3,9,0.91,1
referral,healthcare,employed,north_america,66137,2,5,0.51,1
events,retail,unemployed,asia,12282,2,4,0.35,1
paid_ads,manufacturing,employed,north_america,71497,0,0,0.03,0
social_media,education,unemployed,north_america,19478,1,2,0.26,1
organic_search,,unemployed,asia,35870,2,4,0.41,0
organic_search,healthcare,employed,asia,60681,3,7,0.66,1
organic_search,technology,employed,asia,79455,1,1,0.35,1
social_media,retail,,north_america,67416,2,5,0.49,1
social_media,manufacturing,student,asia,29225,1,2,0.33,0
events,technology,unemployed,south_america,53830,1,3,0.31,0
social_media,healthcare,unemployed,south_america,25351,3,4,0.5,1
organic_search,healthcare,employed,north_america,67205,2,5,0.6,1
paid_ads,finance,employed,asia,79433,1,4,0.5,0
events,manufacturing,unemployed,,37688,1,2,0.2,0
paid_ads,technology,unemployed,europe,57478,1,3,0.35,1
paid_ads,finance,employed,,53021,0,0,0.13,0
social_media,technology,self_employed,asia,66775,2,1,0.28,0
events,retail,self_employed,north_america,49704,1,3,0.42,0
referral,education,employed,south_america,26046,3,5,0.64,1
organic_search,retail,employed,south_america,46835,3,4,0.47,1
organic_search,retail,employed,north_america,51681,2,5,0.53,1
organic_search,technology,employed,south_america,69452,2,3,0.41,0
events,technology,employed,north_america,94417,3,4,0.51,1
paid_ads,education,unemployed,europe,22336,2,4,0.43,0
social_media,technology,employed,south_america,84346,2,7,0.59,0
social_media,technology,student,europe,64374,2,6,0.54,0
referral,retail,self_employed,south_america,46139,1,5,0.54,1
events,technology,self_employed,europe,67327,2,3,0.35,1
referral,education,employed,europe,40455,2,6,0.67,0
organic_search,education,unemployed,north_america,27528,2,5,0.46,1
paid_ads,healthcare,self_employed,asia,54578,1,0,0.11,0
events,finance,unemployed,europe,57785,0,0,0.05,0
events,technology,employed,asia,77952,1,0,0.23,1
referral,technology,student,north_america,47983,3,8,0.71,1
social_media,,employed,asia,71309,2,4,0.57,0
paid_ads,retail,employed,north_america,62433,3,5,0.53,1
events,technology,student,south_america,41753,0,0,0.01,0
social_media,retail,employed,north_america,54362,2,3,0.46,1
organic_search,healthcare,employed,north_america,71458,3,7,0.69,1
paid_ads,technology,student,europe,59450,3,8,0.66,0
paid_ads,finance,employed,south_america,70122,1,3,0.38,0
social_media,manufacturing,employed,south_america,35134,3,1,0.29,0
events,education,unemployed,,27907,0,0,0.01,0
organic_search,retail,self_employed,europe,49660,1,3,0.42,0
events,retail,employed,europe,59193,3,6,0.56,1
organic_search,finance,employed,asia,74413,5,10,0.95,1
organic_search,retail,employed,north_america,54214,5,9,0.95,1
events,retail,,north_america,52517,1,8,0.72,1
paid_ads,technology,student,north_america,56734,3,4,0.56,1
organic_search,retail,employed,europe,53765,3,8,0.74,1
organic_search,technology,self_employed,south_america,66392,2,6,0.66,1
events,technology,employed,,83025,2,2,0.34,1
referral,healthcare,student,north_america,,2,5,0.63,1
paid_ads,retail,student,asia,12000,2,3,0.33,0
organic_search,retail,employed,asia,29752,2,4,0.48,1
organic_search,technology,employed,asia,78941,0,4,0.41,0
paid_ads,technology,employed,north_america,91535,2,4,0.58,1
organic_search,manufacturing,student,europe,17109,3,4,0.37,0
referral,technology,employed,south_america,58914,5,8,0.85,1
paid_ads,finance,employed,north_america,79886,1,5,0.52,1
referral,finance,employed,asia,71091,3,6,0.68,1
organic_search,manufacturing,employed,africa,44723,1,4,0.44,1
events,healthcare,employed,north_america,79275,4,6,0.59,0
paid_ads,technology,employed,south_america,58443,5,10,0.93,1
social_media,education,unemployed,europe,13119,0,0,0.06,0
organic_search,manufacturing,student,south_america,27359,0,1,0.19,0
organic_search,finance,employed,asia,72285,3,6,0.6,1
paid_ads,education,employed,europe,49447,4,8,0.75,1
organic_search,technology,unemployed,europe,,1,6,0.6,1
paid_ads,manufacturing,unemployed,europe,22944,0,3,0.29,0
organic_search,retail,employed,north_america,45521,1,3,0.38,0
paid_ads,education,employed,north_america,41656,2,4,0.43,0
organic_search,healthcare,employed,,51193,4,11,0.99,1
paid_ads,,student,europe,66426,2,4,0.46,0
organic_search,technology,employed,south_america,79914,1,6,0.6,1
social_media,technology,student,europe,,4,7,0.67,1
paid_ads,manufacturing,employed,europe,58510,2,4,0.39,1
organic_search,technology,unemployed,north_america,,1,2,0.44,0
paid_ads,,self_employed,south_america,37389,2,2,0.3,0
events,technology,unemployed,europe,59112,1,4,0.44,0
events,manufacturing,unemployed,asia,,2,1,0.32,0
paid_ads,healthcare,employed,europe,62787,2,3,0.44,1
paid_ads,technology,employed,north_america,87218,1,4,0.43,1
social_media,technology,student,north_america,,0,5,0.49,1
organic_search,technology,employed,europe,77149,2,6,0.63,0
referral,education,employed,north_america,47918,3,7,0.79,1
paid_ads,technology,student,south_america,29205,1,3,0.32,0
referral,finance,student,north_america,,1,4,0.49,1
events,finance,employed,,91801,1,2,0.42,1
events,finance,self_employed,south_america,66957,3,5,0.51,0
organic_search,,employed,asia,71421,2,6,0.66,1
paid_ads,education,employed,asia,45115,3,4,0.41,0
referral,,employed,europe,68760,3,6,0.68,1
social_media,technology,employed,north_america,83565,3,8,0.78,1
events,manufacturing,employed,south_america,60640,2,2,0.41,1
organic_search,healthcare,employed,,74052,5,10,0.94,1
organic_search,education,student,north_america,26060,2,4,0.5,0
paid_ads,finance,student,africa,42146,3,2,0.31,0
paid_ads,technology,self_employed,north_america,72782,0,1,0.14,0
social_media,education,student,south_america,12000,1,2,0.26,0
organic_search,healthcare,employed,europe,56888,2,4,0.55,0
referral,healthcare,student,asia,16378,2,5,0.55,1
referral,manufacturing,employed,asia,53115,2,6,0.63,1
social_media,education,employed,africa,43896,2,8,0.75,1
organic_search,finance,,north_america,78162,3,5,0.69,1
paid_ads,,employed,asia,55251,1,4,0.39,1
referral,retail,employed,north_america,53450,2,4,0.5,0
paid_ads,retail,employed,europe,39457,2,6,0.58,1
social_media,education,employed,asia,21118,2,3,0.38,0
referral,,employed,europe,55590,4,6,0.72,1
events,,employed,north_america,54830,1,2,0.27,0
paid_ads,retail,employed,europe,50027,2,6,0.55,0
social_media,healthcare,employed,africa,36286,4,7,0.66,1
events,technology,student,asia,47655,1,2,0.29,0
paid_ads,education,employed,africa,42237,3,5,0.55,1
social_media,technology,employed,north_america,78334,3,4,0.48,0
organic_search,retail,student,africa,,5,12,0.99,1
organic_search,technology,unemployed,north_america,56807,3,6,0.67,1
referral,technology,student,europe,43359,3,8,0.73,1
paid_ads,manufacturing,unemployed,europe,27090,1,3,0.3,1
referral,education,employed,europe,48532,2,7,0.72,1
referral,manufacturing,self_employed,north_america,63710,3,8,0.82,1
events,healthcare,employed,asia,79355,3,8,0.78,1
paid_ads,education,employed,south_america,34265,1,2,0.19,0
organic_search,education,unemployed,north_america,32060,3,5,0.59,0
social_media,technology,employed,south_america,85845,3,6,0.69,1
events,healthcare,employed,north_america,69737,0,0,0.09,0
paid_ads,education,student,north_america,,2,2,0.23,0
organic_search,,student,europe,,3,9,0.85,0
organic_search,retail,employed,africa,44022,3,7,0.73,1
referral,finance,employed,,72992,4,7,0.8,1
paid_ads,technology,employed,north_america,87526,2,3,0.43,0
paid_ads,technology,employed,europe,75070,1,2,0.22,1
referral,healthcare,self_employed,asia,57026,2,3,0.57,1
paid_ads,technology,student,europe,,4,5,0.53,1
paid_ads,retail,employed,south_america,29782,3,5,0.5,1
referral,finance,student,asia,43023,2,5,0.46,1
organic_search,technology,employed,north_america,87769,1,5,0.55,0
organic_search,finance,employed,south_america,63173,3,6,0.65,1
referral,education,employed,asia,38648,3,3,0.47,1
paid_ads,education,unemployed,north_america,,2,1,0.21,0
organic_search,manufacturing,self_employed,,62956,0,1,0.27,0
,technology,unemployed,africa,29659,1,2,0.23,0
organic_search,technology,employed,north_america,98659,5,9,0.94,1
paid_ads,retail,employed,asia,48581,3,6,0.54,1
events,technology,employed,north_america,86036,3,6,0.61,1
social_media,retail,unemployed,europe,,2,3,0.42,0
referral,healthcare,employed,europe,74829,3,6,0.78,1
referral,manufacturing,employed,north_america,66763,2,4,0.63,1
paid_ads,technology,unemployed,asia,59244,1,1,0.2,0
events,technology,employed,north_america,78762,2,0,0.2,0
referral,retail,self_employed,asia,27732,2,4,0.51,1
paid_ads,education,employed,north_america,45964,0,0,0.1,0
events,technology,employed,asia,79492,3,7,0.63,0
events,finance,unemployed,asia,35793,0,0,0.16,0
paid_ads,education,self_employed,north_america,45846,1,2,0.22,0
organic_search,healthcare,employed,north_america,63276,3,6,0.69,1
paid_ads,technology,self_employed,north_america,78864,1,2,0.31,0
paid_ads,,employed,south_america,64244,3,5,0.51,1
paid_ads,manufacturing,employed,europe,70930,2,3,0.41,0
organic_search,finance,employed,europe,75014,5,5,0.6,1
social_media,technology,employed,africa,64734,3,5,0.71,1
social_media,finance,employed,south_america,78638,2,0,0.23,0
paid_ads,retail,self_employed,north_america,45442,2,4,0.32,1
social_media,healthcare,student,asia,25167,2,4,0.48,0
,healthcare,self_employed,north_america,78335,3,9,0.87,1
organic_search,healthcare,employed,north_america,68236,3,4,0.51,0
organic_search,retail,,south_america,49756,2,5,0.52,1
paid_ads,healthcare,,asia,44226,2,4,0.45,0
events,technology,employed,europe,90332,1,2,0.44,1
referral,retail,employed,north_america,60885,3,5,0.65,0
events,finance,employed,africa,72546,0,1,0.24,0
organic_search,healthcare,employed,north_america,68564,3,5,0.57,0
organic_search,education,employed,asia,39484,4,9,0.82,1
paid_ads,,employed,asia,78514,3,6,0.56,1
organic_search,retail,employed,africa,29547,4,7,0.65,1
paid_ads,retail,student,europe,12000,3,2,0.26,0
organic_search,,student,africa,,2,5,0.49,1
paid_ads,education,employed,africa,37000,2,4,0.4,0
referral,manufacturing,unemployed,europe,25064,2,4,0.39,0
paid_ads,education,employed,europe,41160,1,1,0.21,0
organic_search,finance,employed,south_america,68314,3,4,0.51,0
paid_ads,technology,employed,north_america,93459,0,4,0.42,1
social_media,healthcare,employed,south_america,36815,1,3,0.31,0
organic_search,technology,self_employed,asia,81945,2,5,0.68,1
social_media,retail,self_employed,europe,35358,1,3,0.3,1
events,manufacturing,student,south_america,,3,1,0.28,0
social_media,technology,student,africa,,0,1,0.15,0
social_media,education,employed,asia,49528,4,5,0.68,1
organic_search,technology,self_employed,africa,61663,1,6,0.6,1
events,retail,employed,,48226,0,2,0.26,0
referral,finance,employed,africa,72786,2,5,0.64,0
referral,finance,employed,north_america,65827,2,7,0.76,1
paid_ads,retail,student,north_america,12000,2,2,0.2,0
paid_ads,retail,employed,north_america,44021,2,4,0.46,0
paid_ads,technology,self_employed,north_america,77857,1,0,0.17,0
social_media,technology,employed,asia,51648,1,2,0.22,1
social_media,technology,employed,asia,96235,2,4,0.56,1
social_media,education,employed,asia,56616,0,3,0.35,0
paid_ads,retail,,africa,40811,2,4,0.42,0
referral,education,student,south_america,,2,6,0.59,1
social_media,healthcare,self_employed,north_america,59455,1,4,0.48,1
paid_ads,finance,employed,europe,79192,2,5,0.62,1
paid_ads,education,self_employed,asia,41649,1,3,0.28,1
social_media,retail,employed,,48248,3,1,0.22,0
events,education,employed,asia,38045,4,6,0.55,1
referral,,employed,south_america,60260,2,6,0.66,1
referral,technology,employed,north_america,88219,3,4,0.55,0
organic_search,education,employed,asia,43804,5,7,0.73,1
paid_ads,finance,employed,asia,81522,1,3,0.29,0
events,technology,employed,asia,62902,4,5,0.6,1
events,finance,,asia,75429,1,2,0.39,1
referral,education,self_employed,,45537,1,5,0.54,0
social_media,healthcare,student,north_america,38348,2,4,0.52,1
paid_ads,technology,self_employed,asia,72985,1,3,0.44,1
organic_search,healthcare,student,europe,29219,2,3,0.43,0
social_media,finance,employed,africa,74437,0,1,0.3,1
organic_search,healthcare,student,north_america,,2,4,0.38,0
events,healthcare,employed,south_america,56158,2,5,0.49,1
events,manufacturing,employed,south_america,51492,0,0,0.01,0
organic_search,healthcare,employed,north_america,71881,3,5,0.58,1
referral,manufacturing,self_employed,north_america,63154,3,7,0.68,1
organic_search,healthcare,employed,north_america,47415,2,1,0.29,0
organic_search,education,self_employed,asia,48768,2,5,0.47,1
organic_search,technology,self_employed,africa,64437,3,5,0.47,0
paid_ads,technology,unemployed,north_america,60545,2,4,0.44,0
paid_ads,technology,employed,africa,66285,0,0,0.01,0
organic_search,healthcare,self_employed,europe,68595,3,6,0.68,1
organic_search,finance,employed,,76956,4,6,0.72,1
paid_ads,healthcare,employed,asia,63571,2,4,0.51,1
organic_search,healthcare,student,asia,,2,7,0.61,0
referral,healthcare,student,africa,24244,1,7,0.74,1
paid_ads,education,employed,north_america,49804,2,6,0.62,0
paid_ads,retail,self_employed,asia,44715,3,9,0.76,1
social_media,manufacturing,employed,europe,67465,2,7,0.68,1
events,technology,employed,south_america,81444,3,5,0.59,1
organic_search,finance,employed,europe,85342,1,6,0.67,0
referral,finance,employed,north_america,79815,3,8,0.86,1
organic_search,education,employed,europe,56917,5,7,0.78,1
social_media,education,student,asia,22386,4,9,0.73,0
organic_search,technology,,north_america,53012,3,5,0.56,1
paid_ads,technology,employed,south_america,73718,2,5,0.56,1
paid_ads,technology,employed,africa,71378,1,1,0.19,0
referral,retail,employed,south_america,30825,0,2,0.23,0
social_media,education,employed,europe,52562,4,6,0.69,1
events,education,employed,africa,33183,1,5,0.37,0
organic_search,retail,self_employed,north_america,56197,4,7,0.74,1
referral,retail,employed,asia,40709,2,5,0.53,1
paid_ads,finance,employed,africa,86258,1,4,0.44,0
referral,manufacturing,employed,south_america,54104,2,6,0.62,1
paid_ads,finance,employed,africa,72711,0,0,0.1,0
events,technology,employed,asia,66476,2,5,0.49,0
referral,finance,unemployed,south_america,54193,1,0,0.15,1
,healthcare,employed,asia,50570,3,8,0.63,0
referral,technology,employed,europe,99001,2,7,0.79,0
organic_search,,employed,south_america,46402,1,3,0.46,0
social_media,retail,employed,north_america,44886,2,3,0.43,0
social_media,technology,student,north_america,,2,4,0.48,0
social_media,technology,employed,north_america,66753,3,7,0.77,1
referral,healthcare,self_employed,north_america,72376,4,7,0.87,1
organic_search,,employed,north_america,84142,3,6,0.68,1
organic_search,finance,employed,asia,77556,2,6,0.5,1
paid_ads,education,employed,north_america,49438,2,3,0.42,1
events,healthcare,employed,europe,72963,0,2,0.29,0
organic_search,technology,employed,europe,82192,3,5,0.64,1
organic_search,retail,student,south_america,12000,2,5,0.36,1
referral,retail,,africa,16363,2,5,0.6,0
paid_ads,technology,student,north_america,46926,2,3,0.36,0
organic_search,healthcare,employed,north_america,59610,3,7,0.73,1
referral,manufacturing,employed,asia,57741,3,5,0.65,1
organic_search,healthcare,employed,south_america,49735,0,2,0.28,0
paid_ads,manufacturing,student,africa,,3,6,0.46,1
events,healthcare,student,europe,25389,3,4,0.48,1
social_media,healthcare,unemployed,north_america,,3,5,0.51,0
paid_ads,education,employed,asia,57218,3,5,0.51,1
paid_ads,retail,student,south_america,13742,1,5,0.38,0
social_media,education,self_employed,north_america,42961,2,1,0.3,0
social_media,retail,employed,south_america,36266,3,4,0.43,1
paid_ads,education,unemployed,north_america,22611,0,2,0.18,0
paid_ads,education,employed,north_america,53560,2,5,0.53,1
referral,healthcare,self_employed,africa,44232,2,4,0.57,1
organic_search,healthcare,student,south_america,26577,1,4,0.36,0
referral,technology,employed,africa,77624,0,1,0.4,0
organic_search,education,employed,europe,30861,2,7,0.56,1
organic_search,healthcare,employed,south_america,56257,5,10,0.99,1
events,finance,self_employed,north_america,82945,1,2,0.33,0
events,retail,employed,europe,57214,1,4,0.41,0
organic_search,technology,employed,north_america,73265,3,4,0.56,1
social_media,finance,unemployed,africa,38743,1,0,0.07,0
paid_ads,technology,employed,asia,82256,3,3,0.42,1
organic_search,retail,employed,europe,49713,2,5,0.5,1
social_media,retail,employed,,54394,1,5,0.46,1
paid_ads,finance,employed,europe,77573,3,5,0.48,0
social_media,education,employed,south_america,27456,3,7,0.61,1
social_media,retail,unemployed,europe,16431,2,4,0.46,0
referral,healthcare,employed,north_america,82556,4,9,0.99,1
organic_search,retail,employed,africa,36581,4,7,0.82,1
referral,healthcare,employed,asia,56476,2,8,0.81,1
organic_search,education,student,south_america,12000,3,8,0.64,0
social_media,healthcare,employed,north_america,58254,1,5,0.43,0
paid_ads,finance,student,north_america,,0,0,0.01,0
referral,healthcare,,europe,73022,2,4,0.6,1
referral,healthcare,employed,north_america,60388,2,8,0.81,1
paid_ads,technology,self_employed,africa,66934,3,4,0.44,1
paid_ads,education,employed,north_america,52273,3,7,0.65,0
organic_search,technology,self_employed,south_america,71882,4,10,0.99,1
paid_ads,healthcare,self_employed,south_america,42496,1,3,0.21,0
,retail,unemployed,europe,12000,3,6,0.66,1
paid_ads,finance,unemployed,asia,,0,4,0.33,0
paid_ads,manufacturing,employed,europe,63270,2,5,0.39,1
social_media,retail,employed,asia,48836,0,0,0.03,0
organic_search,education,student,asia,12000,1,4,0.36,1
organic_search,retail,unemployed,,12000,0,2,0.25,0
referral,,employed,europe,90753,5,7,0.94,1
social_media,technology,student,africa,,2,6,0.46,1
social_media,,employed,europe,27177,2,6,0.59,1
social_media,finance,employed,,80045,1,2,0.42,1
paid_ads,retail,,south_america,43107,3,5,0.45,0
organic_search,finance,unemployed,europe,51082,2,6,0.67,1
paid_ads,healthcare,self_employed,south_america,43145,2,5,0.51,0
events,healthcare,employed,europe,72788,2,3,0.44,0
social_media,retail,employed,europe,55017,2,6,0.61,0
referral,healthcare,employed,asia,66334,2,1,0.38,1
organic_search,retail,employed,north_america,50035,4,6,0.63,1
events,healthcare,unemployed,south_america,20927,2,4,0.47,0
paid_ads,healthcare,employed,north_america,70199,4,8,0.81,1
organic_search,finance,student,south_america,,3,5,0.52,1
referral,healthcare,employed,asia,69410,3,7,0.75,1
social_media,retail,employed,north_america,55022,2,1,0.38,0
organic_search,finance,self_employed,asia,70307,3,4,0.48,1
paid_ads,education,,africa,33491,1,3,0.26,0
organic_search,retail,employed,africa,31304,4,12,0.99,1
paid_ads,manufacturing,employed,africa,56003,1,2,0.24,0
referral,finance,self_employed,north_america,80076,3,6,0.77,1
social_media,healthcare,employed,north_america,61575,2,4,0.35,0
social_media,healthcare,employed,europe,56958,2,4,0.47,0
social_media,healthcare,unemployed,africa,12000,1,3,0.39,0
paid_ads,retail,self_employed,north_america,49713,2,5,0.52,0
social_media,retail,employed,asia,47022,2,2,0.4,0
social_media,technology,employed,north_america,77958,3,5,0.65,1
organic_search,technology,employed,europe,87483,1,4,0.41,0
paid_ads,technology,self_employed,,65062,3,3,0.43,0
paid_ads,healthcare,self_employed,north_america,66399,3,4,0.46,1
events,education,student,asia,,1,2,0.23,0
organic_search,technology,student,north_america,55044,1,3,0.43,0
organic_search,technology,employed,north_america,83599,4,9,0.9,1
organic_search,finance,employed,north_america,77634,3,9,0.81,1
,,unemployed,south_america,12000,3,4,0.42,1
referral,technology,unemployed,south_america,40960,0,0,0.24,0
social_media,healthcare,student,europe,,1,1,0.11,0
organic_search,retail,employed,africa,30771,3,4,0.49,0
organic_search,healthcare,student,europe,37170,2,7,0.66,1
organic_search,technology,self_employed,asia,70169,1,6,0.59,1
organic_search,technology,unemployed,north_america,55680,1,3,0.41,0
referral,healthcare,employed,africa,41338,3,10,0.91,1
paid_ads,healthcare,employed,asia,64839,0,2,0.25,0
organic_search,retail,employed,north_america,43543,3,5,0.61,1
paid_ads,healthcare,employed,africa,58954,2,1,0.32,1
organic_search,technology,employed,south_america,66211,3,3,0.45,0
social_media,technology,unemployed,north_america,61192,1,0,0.29,0
organic_search,finance,employed,asia,62923,1,2,0.41,1
paid_ads,education,employed,asia,49875,1,4,0.47,1
referral,healthcare,student,africa,24048,1,3,0.33,0
social_media,technology,employed,north_america,83997,2,4,0.48,0
social_media,technology,employed,north_america,82425,3,8,0.86,1
paid_ads,technology,student,north_america,,2,6,0.51,0
paid_ads,technology,unemployed,,,0,1,0.23,0
events,finance,employed,asia,74739,3,6,0.58,1
referral,healthcare,employed,north_america,78792,1,0,0.28,0
paid_ads,technology,employed,south_america,89633,4,8,0.78,1
paid_ads,finance,,north_america,89335,3,5,0.58,0
social_media,education,employed,asia,45446,2,3,0.4,1
organic_search,retail,employed,asia,39901,2,6,0.61,1
paid_ads,finance,student,europe,,2,2,0.25,0
organic_search,,employed,europe,81726,2,5,0.55,1
referral,education,unemployed,europe,19421,2,5,0.64,1
social_media,finance,employed,africa,67897,2,7,0.73,1
organic_search,finance,employed,asia,82886,4,7,0.77,1
events,healthcare,employed,asia,52843,2,1,0.31,0
paid_ads,technology,employed,europe,82514,2,5,0.49,0
social_media,retail,employed,,56613,1,2,0.24,0
paid_ads,healthcare,student,north_america,28799,3,6,0.55,1
events,manufacturing,unemployed,europe,36587,0,4,0.41,0
events,retail,employed,europe,46667,0,2,0.32,0
social_media,finance,employed,north_america,88716,3,4,0.52,1
organic_search,manufacturing,employed,north_america,58088,5,9,0.84,1
social_media,healthcare,student,europe,29469,0,0,0.12,0
social_media,healthcare,employed,europe,74804,3,5,0.61,0
social_media,finance,employed,europe,66316,1,6,0.57,1
referral,education,employed,south_america,34690,2,1,0.32,0
social_media,education,,south_america,51483,2,6,0.51,1
paid_ads,education,employed,south_america,43571,2,2,0.31,0
organic_search,finance,student,asia,33814,2,4,0.33,1
social_media,education,employed,asia,39590,3,3,0.53,1
events,manufacturing,self_employed,south_america,63455,1,5,0.46,0
referral,education,student,north_america,12000,1,3,0.36,1
social_media,,,europe,47222,3,6,0.6,0
events,technology,employed,africa,76272,1,7,0.59,1
social_media,finance,employed,asia,74784,1,3,0.44,1
paid_ads,retail,unemployed,south_america,12000,3,8,0.57,1
paid_ads,technology,employed,africa,67636,2,5,0.55,1
paid_ads,retail,self_employed,europe,60688,2,5,0.57,0
organic_search,technology,student,asia,45805,2,4,0.44,0
organic_search,technology,employed,europe,74282,5,7,0.72,1
referral,healthcare,,south_america,24375,2,4,0.54,1
paid_ads,finance,self_employed,south_america,69167,2,3,0.41,1
organic_search,finance,self_employed,asia,62590,0,3,0.33,0
paid_ads,retail,unemployed,africa,12000,2,7,0.54,1
paid_ads,,employed,south_america,52506,2,3,0.4,1
social_media,technology,employed,europe,57776,3,7,0.7,1
referral,technology,employed,north_america,88439,0,6,0.67,1
referral,healthcare,employed,asia,59427,2,0,0.38,1
paid_ads,technology,employed,north_america,102342,2,6,0.68,1
organic_search,retail,self_employed,asia,35872,4,4,0.52,1
organic_search,finance,student,africa,,3,5,0.53,1
organic_search,,self_employed,africa,42885,2,5,0.47,0
events,retail,employed,north_america,50567,3,7,0.64,0
organic_search,manufacturing,student,europe,,1,4,0.36,0
paid_ads,retail,employed,europe,48059,3,2,0.25,1
social_media,technology,self_employed,north_america,80698,1,2,0.41,1
organic_search,healthcare,unemployed,europe,40293,2,3,0.43,0
events,technology,employed,europe,78957,3,7,0.68,1
referral,technology,employed,asia,92478,3,6,0.64,1
referral,manufacturing,employed,,50049,4,8,0.74,1
events,technology,employed,europe,74054,2,4,0.51,1
social_media,manufacturing,employed,europe,65986,0,0,0.13,0
social_media,healthcare,student,europe,35468,1,5,0.47,1
events,manufacturing,employed,asia,58847,3,9,0.76,1
referral,,self_employed,north_america,93977,1,5,0.62,1
social_media,education,unemployed,asia,12000,2,4,0.48,0
paid_ads,retail,unemployed,africa,12000,2,3,0.34,0
social_media,technology,employed,south_america,81081,1,4,0.47,1
social_media,technology,employed,north_america,83328,2,6,0.56,1
referral,finance,employed,europe,86337,4,7,0.86,1
events,retail,employed,europe,64137,2,1,0.26,1
social_media,finance,employed,europe,86269,4,9,0.94,1
organic_search,retail,employed,north_america,67879,3,6,0.66,1
organic_search,technology,self_employed,asia,86960,0,0,0.1,0
social_media,healthcare,self_employed,europe,62743,1,5,0.57,0
paid_ads,finance,employed,north_america,71107,1,4,0.41,1
social_media,healthcare,unemployed,asia,,2,3,0.35,1
paid_ads,education,self_employed,south_america,34133,2,2,0.33,0
social_media,education,employed,north_america,56896,3,7,0.64,1
,healthcare,employed,north_america,66044,0,3,0.36,0
paid_ads,finance,employed,europe,75131,3,4,0.48,1
organic_search,healthcare,unemployed,europe,28062,2,4,0.5,1
social_media,retail,employed,europe,69530,3,5,0.53,0
organic_search,healthcare,,asia,62637,2,4,0.44,0
paid_ads,healthcare,employed,north_america,78870,3,7,0.74,0
organic_search,retail,student,europe,15465,0,1,0.18,0
paid_ads,technology,unemployed,south_america,53309,0,4,0.37,1
events,technology,employed,north_america,89316,1,5,,1
social_media,finance,employed,asia,64246,1,0,0.17,0
events,retail,employed,north_america,50975,2,5,,1
referral,retail,employed,north_america,63386,5,8,0.89,0
paid_ads,healthcare,employed,asia,72634,1,2,0.28,1
paid_ads,technology,employed,africa,68070,4,6,0.63,1
paid_ads,retail,employed,europe,49981,2,5,0.54,0
social_media,technology,unemployed,north_america,71537,0,0,0.08,0
referral,retail,,europe,28998,1,5,0.54,0
referral,manufacturing,employed,north_america,70828,4,6,0.81,1
social_media,,unemployed,europe,43803,2,4,0.45,1
referral,retail,employed,south_america,51097,2,7,0.71,1
events,healthcare,self_employed,north_america,62657,1,2,,0
events,retail,employed,europe,46699,2,3,0.37,0
events,technology,employed,north_america,88865,2,3,0.4,1
events,healthcare,employed,europe,60466,1,2,0.34,1
organic_search,technology,student,,47082,2,2,0.41,0
paid_ads,retail,self_employed,europe,41284,3,2,0.32,0
social_media,healthcare,employed,asia,60032,2,4,0.44,1
social_media,education,employed,asia,59649,2,3,0.4,1
social_media,technology,self_employed,south_america,59966,0,0,0.14,1
referral,manufacturing,student,europe,18570,5,8,0.93,1
paid_ads,retail,employed,asia,30853,1,4,0.37,1
organic_search,retail,employed,asia,45734,0,2,0.37,0
referral,retail,employed,asia,35930,4,6,0.72,1
paid_ads,healthcare,self_employed,asia,55524,2,4,0.3,0
organic_search,healthcare,employed,europe,69965,2,4,0.51,0
organic_search,healthcare,unemployed,asia,,2,6,0.6,1
events,education,employed,europe,53629,2,4,0.43,0
referral,finance,employed,north_america,72991,2,6,0.66,1
events,technology,student,europe,43591,2,5,0.44,1
paid_ads,retail,unemployed,europe,,2,5,0.49,1
,retail,self_employed,north_america,46974,2,4,0.34,0
referral,,student,north_america,,3,6,0.65,1
referral,finance,employed,europe,75455,6,12,0.99,1
paid_ads,technology,unemployed,europe,,1,3,0.33,0
referral,technology,student,africa,33586,2,3,0.44,0
paid_ads,technology,employed,south_america,83133,3,6,0.62,1
organic_search,healthcare,employed,south_america,40642,2,6,0.62,1
referral,retail,employed,asia,44879,2,3,0.41,1
social_media,education,employed,north_america,36207,2,5,0.44,1
events,technology,employed,africa,59273,2,2,0.22,0
paid_ads,retail,employed,europe,33132,4,5,0.52,1
social_media,technology,employed,south_america,70187,2,6,0.58,1
social_media,technology,self_employed,europe,67240,1,1,0.3,1
referral,education,,europe,12000,1,4,0.49,1
social_media,technology,unemployed,south_america,50470,0,0,0.16,0
social_media,education,,north_america,31528,2,3,0.34,0
organic_search,education,student,europe,16835,3,7,0.63,1
paid_ads,retail,employed,europe,39200,2,6,0.51,1
events,retail,student,europe,,0,4,0.34,0
referral,education,unemployed,europe,12000,4,10,0.81,0
organic_search,,employed,,61452,3,4,0.6,1
organic_search,retail,,africa,37894,0,0,0.16,0
paid_ads,technology,employed,europe,77885,3,6,0.59,1
social_media,retail,employed,south_america,41724,3,5,0.5,1
paid_ads,finance,self_employed,south_america,54715,3,3,0.31,0
paid_ads,technology,unemployed,europe,61015,1,2,0.19,0
organic_search,technology,self_employed,europe,73288,1,2,0.32,1
events,retail,employed,europe,35753,1,4,0.38,0
organic_search,technology,employed,north_america,79091,1,7,0.65,1
,finance,unemployed,north_america,69747,1,0,0.04,0
organic_search,finance,self_employed,asia,66963,2,5,0.61,0
events,education,employed,asia,46669,3,6,0.55,1
social_media,retail,self_employed,north_america,62009,3,3,0.48,0
events,retail,student,europe,,1,1,0.22,0
social_media,healthcare,employed,north_america,72891,0,0,0.25,0
paid_ads,technology,student,south_america,43012,0,0,0.06,0
,technology,student,europe,41016,3,7,0.53,1
organic_search,technology,employed,,74784,3,6,0.62,1
social_media,technology,employed,europe,76163,3,6,0.58,1
organic_search,healthcare,employed,,70982,1,2,0.33,1
organic_search,finance,employed,europe,64483,2,5,0.47,1
social_media,manufacturing,employed,south_america,42846,2,3,0.51,1
referral,,employed,asia,50448,4,10,0.9,1
organic_search,education,employed,south_america,35117,3,6,0.66,1
referral,finance,employed,europe,79511,3,7,0.74,1
events,technology,student,south_america,,1,5,0.48,0
events,finance,employed,europe,82933,1,0,0.28,0
paid_ads,manufacturing,student,asia,12000,0,4,0.31,0
organic_search,retail,employed,north_america,44676,1,3,0.36,0
social_media,healthcare,student,africa,28008,1,1,0.24,0
organic_search,technology,employed,europe,83883,2,4,0.38,1
social_media,retail,unemployed,asia,,4,8,0.71,1
events,education,employed,north_america,58940,2,2,0.44,1
organic_search,education,student,asia,,3,7,0.63,1
paid_ads,finance,self_employed,north_america,84674,0,1,0.23,0
organic_search,technology,employed,south_america,66341,3,9,0.84,1
organic_search,finance,self_employed,north_america,85982,3,5,0.55,1
organic_search,finance,unemployed,asia,,4,10,0.94,1
organic_search,manufacturing,self_employed,europe,64788,2,3,0.45,1
events,manufacturing,employed,asia,59918,2,5,,1
paid_ads,technology,student,europe,30299,2,5,0.49,1
paid_ads,retail,self_employed,north_america,57262,2,3,0.35,0
organic_search,technology,employed,north_america,74424,2,6,0.47,1
social_media,healthcare,employed,north_america,66791,2,4,0.48,1
organic_search,manufacturing,unemployed,asia,23166,1,3,0.37,1
referral,technology,self_employed,asia,59168,1,3,0.39,0
paid_ads,retail,employed,north_america,46901,3,4,0.51,1
social_media,technology,unemployed,north_america,47580,1,2,0.23,1
events,education,employed,,19887,3,6,0.59,0
paid_ads,retail,unemployed,europe,21836,1,5,0.4,1
events,retail,employed,north_america,55615,2,3,0.41,0
paid_ads,healthcare,self_employed,north_america,64624,3,3,0.37,0
,education,employed,europe,39113,2,6,0.66,1
events,,self_employed,europe,52471,1,1,0.25,0
paid_ads,finance,self_employed,north_america,75387,1,3,0.47,0
organic_search,healthcare,employed,africa,42961,5,11,0.99,1
referral,technology,student,north_america,71847,1,5,0.59,1
social_media,healthcare,employed,north_america,72351,2,3,0.33,1
referral,technology,self_employed,europe,89218,3,7,0.7,0
organic_search,finance,student,,56011,2,5,0.56,1
events,finance,unemployed,asia,38390,3,7,0.69,1
paid_ads,retail,student,asia,12000,0,1,0.18,0
social_media,finance,employed,north_america,64240,2,4,0.46,0
,finance,unemployed,europe,68447,2,6,0.58,0
organic_search,education,student,south_america,,2,4,0.38,0
social_media,education,student,north_america,14459,1,3,0.37,1
organic_search,finance,employed,,64891,3,7,0.74,1
paid_ads,healthcare,student,,,2,4,0.34,0
social_media,manufacturing,employed,north_america,59657,2,3,0.48,1
organic_search,retail,employed,africa,45524,3,6,0.53,0
paid_ads,manufacturing,,north_america,27543,1,2,0.22,0
social_media,retail,self_employed,europe,30150,2,7,0.6,0
organic_search,technology,,south_america,71935,2,7,0.67,1
paid_ads,healthcare,unemployed,europe,,0,3,0.29,0
paid_ads,finance,employed,europe,95632,2,7,0.57,0
social_media,healthcare,unemployed,europe,33151,0,4,0.39,1
paid_ads,retail,student,asia,12000,3,8,0.63,1
referral,finance,self_employed,north_america,73717,2,8,0.76,1
paid_ads,technology,employed,north_america,80276,2,7,0.67,1
organic_search,education,employed,north_america,67682,3,6,0.61,1
referral,technology,employed,north_america,85224,5,12,0.99,1
social_media,finance,,,83740,2,2,0.39,1
organic_search,,employed,north_america,46343,3,8,0.71,1
referral,healthcare,employed,north_america,56082,0,1,0.17,1
social_media,manufacturing,,asia,19941,0,1,0.29,0
organic_search,healthcare,employed,asia,57623,2,5,0.5,0
social_media,finance,employed,africa,76848,1,1,0.3,0
organic_search,retail,employed,asia,54502,4,8,0.89,1
paid_ads,manufacturing,unemployed,,,0,2,0.24,0
referral,healthcare,employed,asia,74649,2,6,0.72,1
paid_ads,healthcare,student,europe,39901,2,5,0.42,1
events,education,employed,africa,25191,1,1,0.28,1
social_media,,self_employed,,47468,3,7,0.77,1
events,finance,employed,africa,91433,2,6,0.61,1
events,finance,unemployed,europe,37364,1,3,0.29,0
organic_search,healthcare,employed,africa,71695,2,5,0.45,1
paid_ads,healthcare,employed,north_america,61975,1,2,0.28,0
paid_ads,retail,employed,,59850,2,5,0.38,1
organic_search,retail,unemployed,africa,12000,3,10,0.74,1
social_media,technology,employed,north_america,88591,4,7,0.81,0
social_media,manufacturing,employed,asia,43949,1,2,0.21,0
social_media,finance,employed,north_america,89568,2,5,0.6,1
paid_ads,healthcare,self_employed,asia,60489,4,6,0.65,1
events,finance,employed,north_america,89979,2,4,0.48,1
organic_search,technology,employed,north_america,67202,3,4,0.56,1
social_media,finance,student,africa,43772,1,4,0.39,0
organic_search,finance,student,north_america,48236,0,0,0.21,0
referral,,,asia,19331,1,7,0.59,1
paid_ads,,employed,asia,69329,4,8,0.79,1
events,healthcare,employed,asia,59708,3,7,0.74,1
events,healthcare,employed,africa,74649,2,3,0.4,1
referral,education,self_employed,europe,34919,2,6,0.73,1
organic_search,technology,employed,asia,71386,4,7,0.72,1
organic_search,finance,unemployed,north_america,60499,2,6,0.53,0
referral,technology,employed,north_america,85832,4,10,0.89,1
referral,,unemployed,north_america,46496,4,8,0.84,1
paid_ads,finance,employed,south_america,71363,1,1,0.26,0
referral,finance,student,north_america,56804,2,2,0.45,1
events,finance,unemployed,europe,57925,1,3,0.41,0
organic_search,retail,employed,asia,40858,3,5,0.55,1
paid_ads,retail,employed,africa,45445,2,3,0.33,1
paid_ads,healthcare,employed,asia,60879,0,1,0.13,0
referral,technology,employed,europe,86957,1,6,0.67,0
events,retail,,asia,45860,3,4,0.45,0
events,education,employed,north_america,65767,3,5,,0
organic_search,education,,north_america,56772,3,6,0.62,1
paid_ads,finance,employed,europe,56393,1,3,0.36,0
referral,retail,employed,north_america,45670,2,4,0.46,1
social_media,retail,employed,europe,35650,3,6,0.62,1
events,retail,employed,,48752,3,7,0.59,1
referral,technology,employed,africa,65512,3,9,0.84,1
events,healthcare,unemployed,,38784,0,0,0.14,0
social_media,retail,self_employed,north_america,58678,1,3,0.4,0
events,technology,self_employed,asia,77543,0,1,0.31,1
referral,retail,employed,africa,39535,2,6,0.59,1
referral,finance,unemployed,south_america,41899,3,10,0.99,1
referral,finance,employed,south_america,72838,2,7,0.77,1
referral,technology,self_employed,europe,88633,2,5,0.58,1
,retail,employed,south_america,22023,0,1,0.15,0
referral,education,student,north_america,23228,3,5,0.6,0
social_media,retail,unemployed,asia,14501,4,9,0.77,1
paid_ads,retail,unemployed,asia,21189,0,2,0.18,0
organic_search,technology,employed,south_america,80902,3,7,0.62,1
organic_search,retail,employed,europe,45658,1,3,0.37,0
referral,finance,self_employed,europe,64840,2,3,0.62,1
social_media,retail,student,asia,12000,0,3,0.25,0
organic_search,manufacturing,self_employed,europe,63101,1,5,0.59,1
paid_ads,healthcare,employed,asia,69100,1,3,0.4,1
referral,manufacturing,employed,europe,57301,3,10,0.99,1
referral,technology,employed,asia,81497,3,6,0.73,1
organic_search,finance,employed,europe,71714,2,6,0.65,0
referral,manufacturing,employed,,72855,5,11,0.99,1
paid_ads,technology,self_employed,north_america,82920,2,4,0.53,1
organic_search,,employed,asia,72565,5,10,0.99,1
organic_search,technology,self_employed,asia,84611,4,8,0.79,1
referral,manufacturing,employed,africa,55267,3,5,0.59,1
events,finance,student,asia,58033,1,1,0.27,0
referral,technology,employed,north_america,89323,3,9,0.94,1
paid_ads,healthcare,self_employed,europe,73919,2,4,0.49,1
paid_ads,technology,employed,europe,71982,2,3,0.41,0
social_media,technology,employed,asia,73448,1,5,0.48,1
organic_search,education,student,africa,12000,2,6,0.58,1
organic_search,finance,unemployed,,38442,2,4,0.39,1
organic_search,finance,self_employed,asia,72018,2,2,0.4,1
social_media,technology,unemployed,south_america,38751,1,2,0.35,0
organic_search,healthcare,self_employed,europe,59283,4,8,0.76,0
social_media,education,student,north_america,,0,4,0.32,0
events,healthcare,unemployed,,35876,1,2,0.24,0
events,education,self_employed,north_america,47956,3,3,0.37,0
paid_ads,technology,employed,africa,71247,2,1,0.3,0
organic_search,education,student,europe,15298,2,3,0.41,0
social_media,technology,self_employed,,58798,2,8,0.66,1
referral,retail,self_employed,asia,43240,4,7,0.73,1
referral,healthcare,employed,north_america,61986,2,6,0.65,1
social_media,education,unemployed,north_america,12785,2,4,0.45,0
organic_search,technology,unemployed,africa,48081,0,1,0.24,1
referral,retail,employed,asia,38515,4,6,0.7,1
organic_search,retail,self_employed,south_america,52847,3,3,0.45,0
organic_search,education,employed,south_america,34065,2,2,0.31,0
organic_search,healthcare,unemployed,north_america,47298,2,4,0.46,1
referral,technology,,europe,78984,3,7,0.72,1
events,technology,unemployed,south_america,20219,0,0,0.01,0
social_media,technology,employed,north_america,99011,2,4,0.47,1
organic_search,healthcare,self_employed,asia,60347,1,5,0.58,1
referral,manufacturing,employed,africa,44329,5,8,0.77,1
social_media,healthcare,student,south_america,,2,5,0.53,0
social_media,education,employed,europe,42808,3,7,0.64,0
,education,employed,south_america,30492,2,3,0.35,0
organic_search,retail,,asia,48582,3,4,0.53,0
organic_search,retail,employed,europe,38402,4,8,0.68,1
social_media,technology,employed,south_america,87026,3,5,0.65,1
social_media,retail,employed,europe,44841,2,5,0.55,1
referral,healthcare,unemployed,south_america,19886,1,2,0.36,0
paid_ads,finance,employed,asia,68969,0,2,0.34,0
organic_search,technology,self_employed,europe,76327,0,2,0.36,1
organic_search,technology,employed,south_america,68508,1,3,0.37,1
social_media,finance,employed,europe,76577,1,0,0.11,0
referral,technology,employed,europe,90998,3,6,0.7,1
referral,education,employed,north_america,56055,4,11,0.99,1
organic_search,manufacturing,employed,asia,46416,4,5,0.66,1
referral,healthcare,employed,,62623,3,7,0.73,1
events,retail,,south_america,39050,0,1,0.27,0
organic_search,technology,student,europe,41065,1,4,0.48,1
,retail,student,europe,12000,4,7,0.55,1
paid_ads,technology,self_employed,south_america,78160,1,2,0.28,0
paid_ads,education,student,asia,,2,6,0.44,1
organic_search,healthcare,employed,north_america,62652,0,0,0.11,0
paid_ads,retail,unemployed,south_america,,1,1,0.27,0
events,healthcare,employed,north_america,59542,2,5,0.45,1
social_media,retail,employed,asia,31052,3,3,0.37,0
referral,technology,student,africa,22204,2,5,0.51,1
organic_search,finance,unemployed,asia,37593,1,5,0.46,1
referral,technology,self_employed,europe,63004,5,8,0.84,1
organic_search,manufacturing,,south_america,46133,3,2,0.3,0
organic_search,technology,unemployed,asia,61069,2,3,0.47,0
social_media,healthcare,self_employed,africa,59134,2,2,0.4,0
events,education,employed,asia,40417,1,2,0.26,0
social_media,,employed,north_america,54638,2,6,0.54,0
referral,retail,employed,europe,46532,5,11,0.95,1
social_media,technology,employed,europe,77863,3,6,0.55,1
social_media,healthcare,employed,europe,48140,4,9,0.83,1
social_media,manufacturing,employed,north_america,45725,3,10,0.79,1
social_media,healthcare,employed,north_america,70153,2,8,0.72,0
organic_search,retail,self_employed,south_america,32631,3,7,0.66,0
social_media,finance,student,north_america,,0,3,0.33,1
organic_search,finance,unemployed,north_america,52364,2,6,0.52,1
organic_search,technology,unemployed,north_america,,3,5,0.53,1
social_media,manufacturing,employed,europe,56176,3,6,0.65,1
paid_ads,finance,student,europe,,2,1,0.21,0
organic_search,finance,student,asia,,4,6,0.52,1
organic_search,education,employed,asia,47199,3,5,0.63,1
referral,technology,employed,asia,86961,4,9,0.98,1
organic_search,manufacturing,unemployed,europe,,2,4,0.47,1
organic_search,technology,self_employed,asia,62184,2,5,0.55,1
paid_ads,technology,employed,asia,96248,3,6,0.62,1
organic_search,finance,employed,asia,70686,4,9,0.86,1
organic_search,technology,employed,europe,86106,5,8,0.75,1
events,manufacturing,employed,asia,66742,1,3,0.35,0
social_media,retail,self_employed,europe,50732,2,4,0.39,1
social_media,retail,employed,asia,40870,3,3,0.41,1
organic_search,finance,employed,asia,85865,0,0,0.35,0
referral,,self_employed,south_america,69378,3,9,0.81,1
events,healthcare,employed,north_america,66682,0,2,0.31,0
social_media,retail,student,north_america,,1,4,0.45,0
social_media,retail,employed,north_america,45455,2,5,0.51,1
social_media,technology,employed,south_america,72735,3,3,0.51,1
organic_search,finance,student,,40920,3,7,0.63,0
paid_ads,manufacturing,student,asia,,2,4,0.3,0
organic_search,healthcare,student,europe,23775,2,6,0.52,1
referral,technology,employed,asia,83820,2,3,0.53,0
paid_ads,healthcare,student,,,4,7,0.49,1
social_media,manufacturing,unemployed,south_america,,2,3,0.35,0
paid_ads,healthcare,employed,asia,62541,2,6,0.54,0
paid_ads,healthcare,employed,asia,76844,3,6,0.53,1
social_media,retail,self_employed,africa,28947,1,3,0.39,0
social_media,technology,employed,europe,74029,2,6,0.57,1
social_media,healthcare,employed,,57385,2,3,0.43,1
paid_ads,education,employed,south_america,37332,0,0,0.12,0
paid_ads,healthcare,employed,north_america,75055,3,8,0.69,1
,technology,,asia,44724,0,2,0.25,0
referral,technology,student,africa,24267,3,8,0.71,0
,finance,employed,europe,78660,3,5,0.41,0
social_media,education,employed,north_america,45891,2,3,0.46,1
paid_ads,technology,student,europe,65933,1,0,0.09,1
organic_search,technology,employed,north_america,77313,3,6,0.74,1
organic_search,healthcare,employed,north_america,82035,3,7,0.66,1
events,retail,employed,south_america,40721,1,1,0.15,0
organic_search,education,employed,asia,47499,2,6,0.6,0
paid_ads,healthcare,student,europe,30589,3,3,0.34,0
social_media,finance,unemployed,asia,41752,2,4,0.36,0
organic_search,technology,student,south_america,41983,2,4,0.56,1
events,retail,self_employed,europe,34545,2,4,0.4,0
social_media,healthcare,unemployed,africa,,1,1,0.29,0
social_media,education,student,africa,,1,2,0.21,0
social_media,healthcare,employed,asia,62151,3,8,0.74,1
social_media,finance,employed,europe,78369,4,7,0.68,1
social_media,healthcare,,south_america,21514,1,3,0.32,0
social_media,healthcare,unemployed,north_america,,2,6,0.67,0
social_media,,,north_america,87681,2,6,0.76,1
paid_ads,retail,employed,north_america,62418,1,2,0.28,0
social_media,technology,employed,asia,84043,2,6,0.66,1
organic_search,finance,employed,north_america,89789,4,8,0.86,1
paid_ads,technology,employed,europe,80806,3,6,0.59,1
referral,education,employed,north_america,39130,3,4,0.47,1
events,retail,employed,north_america,49808,2,4,0.44,1
events,education,self_employed,north_america,25880,1,4,0.4,0
paid_ads,healthcare,unemployed,asia,,0,1,0.19,0
organic_search,technology,employed,africa,71948,3,7,0.64,1
organic_search,technology,employed,,81463,0,0,0.2,0
,technology,employed,asia,62833,2,4,0.5,0
organic_search,healthcare,unemployed,asia,38476,2,9,0.81,1
social_media,manufacturing,employed,africa,54545,3,3,0.37,0
referral,technology,self_employed,north_america,72421,1,5,0.53,1
organic_search,finance,,asia,71332,4,7,0.76,1
organic_search,education,employed,europe,44504,2,4,0.58,1
social_media,finance,self_employed,north_america,84331,3,6,0.67,1
social_media,,employed,europe,52720,1,4,0.46,0
organic_search,manufacturing,employed,asia,50461,3,6,0.6,0
paid_ads,education,employed,africa,31878,2,2,0.31,0
events,education,student,africa,12000,2,4,0.28,0
events,retail,self_employed,africa,36137,1,5,0.4,0
referral,manufacturing,unemployed,europe,,2,7,0.69,1
paid_ads,manufacturing,employed,asia,57445,2,2,0.37,0
organic_search,technology,employed,,79944,2,6,0.64,1
paid_ads,education,employed,europe,46376,2,4,0.38,1
paid_ads,education,employed,north_america,62154,2,3,0.41,1
social_media,finance,employed,asia,71965,3,8,0.81,1
paid_ads,education,employed,europe,48521,3,6,0.62,1
,technology,student,north_america,43430,2,1,0.25,0
social_media,retail,employed,europe,48958,2,4,0.43,0
organic_search,retail,student,europe,,3,8,0.62,1
organic_search,retail,student,,,2,5,0.5,1
referral,technology,employed,south_america,80621,3,6,0.66,1
paid_ads,,self_employed,south_america,49283,2,2,0.21,0
referral,education,student,,,4,7,0.67,1
social_media,healthcare,employed,north_america,60604,2,3,0.36,1
organic_search,education,employed,north_america,50578,2,3,0.41,0
organic_search,technology,employed,asia,73041,3,7,0.72,1
events,,employed,north_america,60500,2,5,0.51,0
organic_search,retail,self_employed,europe,32501,4,8,0.81,1
organic_search,healthcare,employed,north_america,82802,3,7,0.69,1
,technology,student,europe,40462,3,6,0.58,1
referral,retail,employed,europe,44659,3,8,0.81,1
referral,technology,student,south_america,40628,1,4,0.5,0
referral,retail,student,north_america,,3,8,0.76,0
referral,finance,unemployed,,,1,3,0.48,0
referral,healthcare,employed,,62876,3,5,0.62,1
social_media,retail,unemployed,africa,12000,1,2,0.37,0
referral,education,employed,south_america,39996,2,6,0.56,1
paid_ads,healthcare,unemployed,south_america,43813,1,2,0.17,0
organic_search,retail,employed,europe,50322,2,5,0.58,1
events,retail,unemployed,asia,28029,0,0,0.01,0
organic_search,healthcare,student,south_america,19222,2,5,0.44,1
organic_search,finance,self_employed,north_america,68175,1,5,0.48,1
paid_ads,manufacturing,employed,north_america,67936,1,2,0.2,1
organic_search,retail,employed,asia,52685,2,8,0.65,1
social_media,technology,self_employed,asia,86771,3,5,0.6,1
social_media,finance,employed,europe,91542,3,7,0.69,1
referral,technology,student,europe,,2,6,0.65,1
events,retail,student,north_america,12000,1,1,0.11,0
organic_search,,employed,europe,60170,5,10,0.95,1
organic_search,manufacturing,unemployed,europe,18967,2,8,0.64,1
social_media,finance,self_employed,asia,68288,2,5,0.54,1
paid_ads,manufacturing,employed,europe,55962,3,6,0.49,1
organic_search,technology,unemployed,north_america,67869,2,6,0.68,1
organic_search,healthcare,employed,south_america,61015,2,4,0.58,0
organic_search,retail,student,north_america,21992,3,6,0.7,1
organic_search,technology,self_employed,north_america,96962,2,4,0.49,1
paid_ads,retail,employed,north_america,46626,2,2,0.27,1
referral,technology,employed,south_america,87587,4,7,0.86,1
paid_ads,technology,unemployed,north_america,68305,1,0,0.02,0
paid_ads,finance,employed,north_america,70028,2,3,0.43,0
paid_ads,healthcare,employed,asia,60206,3,4,0.56,1
social_media,healthcare,employed,europe,59633,1,5,0.51,0
events,technology,employed,north_america,92366,3,4,0.62,1
organic_search,education,employed,asia,30102,3,6,0.6,1
organic_search,technology,employed,,72797,3,5,0.62,1
social_media,healthcare,employed,south_america,62155,3,7,0.64,1
events,healthcare,employed,south_america,62324,2,4,0.49,0
referral,finance,employed,europe,80748,2,8,0.77,1
organic_search,education,employed,africa,44536,3,6,0.56,1
social_media,technology,student,europe,,2,6,0.57,0
paid_ads,finance,employed,north_america,77410,2,6,0.5,1
organic_search,education,unemployed,europe,17959,1,3,0.29,0
organic_search,technology,employed,europe,74248,4,8,0.86,1
paid_ads,education,employed,south_america,31496,2,5,0.45,0
,retail,employed,africa,39638,2,6,0.5,0
social_media,manufacturing,unemployed,asia,28425,0,0,0.18,0
organic_search,manufacturing,employed,north_america,65940,3,3,0.44,0
organic_search,manufacturing,self_employed,europe,46286,3,7,0.65,1
social_media,technology,student,asia,42096,2,6,0.44,0
organic_search,manufacturing,employed,africa,50381,3,7,0.74,1
paid_ads,healthcare,employed,europe,69720,4,7,0.71,1
social_media,technology,employed,north_america,82983,0,1,0.23,0
social_media,education,employed,north_america,36821,1,3,0.39,0
social_media,finance,,europe,91326,2,5,0.6,1
,technology,employed,north_america,87897,2,5,0.6,1
paid_ads,technology,student,europe,60071,1,2,0.3,0
referral,manufacturing,employed,north_america,58999,5,8,0.94,1
events,healthcare,employed,europe,57021,0,1,0.21,0
paid_ads,retail,employed,north_america,48536,4,7,0.65,0
social_media,technology,self_employed,south_america,76345,1,4,0.49,1
paid_ads,healthcare,employed,europe,70859,1,1,0.33,1
social_media,healthcare,unemployed,north_america,37442,1,2,0.42,0
organic_search,healthcare,employed,africa,68451,0,2,0.3,0
paid_ads,education,employed,south_america,46588,2,5,0.4,0
organic_search,technology,self_employed,europe,89889,1,3,0.37,1
paid_ads,finance,employed,north_america,63483,1,2,0.25,1
social_media,education,employed,asia,42444,4,8,0.76,1
social_media,technology,employed,north_america,67139,1,2,0.33,0
social_media,technology,employed,europe,104967,1,4,0.46,1
referral,technology,employed,africa,66690,1,2,0.39,0
social_media,finance,employed,north_america,83167,2,5,0.51,1
events,manufacturing,student,north_america,16083,2,0,0.09,0
referral,retail,self_employed,europe,42425,4,13,0.99,1
social_media,manufacturing,employed,africa,52030,3,3,0.4,0
social_media,retail,self_employed,south_america,42008,2,3,0.36,0
organic_search,retail,unemployed,europe,14584,3,6,0.59,0
social_media,manufacturing,employed,south_america,50258,1,0,0.21,0
organic_search,education,,europe,33896,4,8,0.7,1
organic_search,education,,north_america,48948,1,3,0.38,1
organic_search,manufacturing,student,north_america,31943,2,4,0.42,0
social_media,retail,employed,europe,43915,4,7,0.67,1
paid_ads,finance,employed,asia,83547,5,11,0.97,1
events,healthcare,student,europe,19730,0,3,0.34,0
paid_ads,retail,employed,south_america,35684,3,3,0.37,0
paid_ads,finance,employed,south_america,53111,3,6,0.49,0
social_media,retail,employed,north_america,49066,1,1,0.3,1
events,retail,employed,asia,33961,2,1,0.18,0
organic_search,healthcare,self_employed,europe,70236,1,5,0.61,1
paid_ads,education,employed,asia,27345,3,3,0.36,0
paid_ads,finance,self_employed,south_america,64405,3,5,0.48,1
social_media,,employed,north_america,89221,1,4,0.44,1
organic_search,healthcare,self_employed,,61847,2,3,0.32,1
organic_search,technology,employed,north_america,107205,2,6,0.65,1
paid_ads,,,north_america,73076,2,3,0.37,1
social_media,finance,unemployed,asia,37606,2,3,0.47,0
social_media,retail,employed,south_america,57564,2,3,0.36,1
organic_search,healthcare,self_employed,,46537,1,3,0.39,0
social_media,healthcare,student,africa,,3,4,0.54,0
organic_search,manufacturing,self_employed,south_america,51415,1,3,0.42,0
paid_ads,finance,employed,europe,87362,3,3,0.47,0
social_media,education,employed,asia,48130,4,5,0.51,0
referral,retail,student,asia,12000,4,10,0.92,1
events,retail,self_employed,south_america,31704,2,5,0.49,0
referral,manufacturing,employed,africa,58499,2,2,0.39,1
events,,self_employed,europe,91652,1,2,0.35,0
organic_search,technology,student,north_america,,1,4,0.4,1
events,education,self_employed,north_america,49967,0,1,0.14,0
organic_search,healthcare,employed,south_america,54853,2,1,0.34,1
organic_search,manufacturing,student,europe,33433,3,4,0.46,0
social_media,technology,unemployed,africa,51425,2,5,0.5,1
organic_search,retail,student,africa,12000,2,7,0.63,1
paid_ads,technology,employed,africa,72971,2,5,0.49,1
organic_search,retail,student,asia,12000,5,9,0.86,1
events,technology,employed,asia,92818,3,6,0.59,0
paid_ads,manufacturing,employed,south_america,32848,3,6,0.63,1
paid_ads,education,self_employed,europe,37218,1,6,0.43,1
social_media,education,employed,south_america,50171,2,6,0.62,1
paid_ads,finance,student,north_america,,1,3,0.26,1
organic_search,education,unemployed,north_america,18188,2,6,0.57,1
social_media,technology,self_employed,,78307,4,2,0.37,1
paid_ads,retail,student,asia,,1,6,0.43,0
organic_search,technology,self_employed,south_america,75435,1,2,0.35,0
events,retail,employed,asia,37092,2,3,0.27,0
paid_ads,healthcare,unemployed,north_america,31169,2,3,0.28,1
organic_search,education,employed,,50983,3,7,0.64,1
referral,education,employed,asia,38661,5,11,0.99,1
organic_search,finance,employed,europe,77616,3,6,0.67,1
social_media,technology,employed,asia,72612,3,4,0.51,0
paid_ads,technology,student,north_america,,3,4,0.38,0
events,retail,unemployed,africa,12000,0,2,0.21,0
paid_ads,finance,employed,asia,73948,4,5,0.57,1
,healthcare,unemployed,asia,18383,3,8,0.65,1
referral,healthcare,unemployed,africa,,3,4,0.51,0
social_media,technology,employed,africa,79455,3,5,0.61,1
social_media,healthcare,employed,north_america,77854,4,8,0.78,1
organic_search,,unemployed,europe,24427,1,6,0.61,1
referral,manufacturing,,europe,55352,3,6,0.68,0
referral,healthcare,employed,asia,63874,3,6,0.73,1
,finance,self_employed,asia,81172,1,3,0.32,0
organic_search,finance,student,europe,,2,2,0.29,1
social_media,healthcare,unemployed,europe,33864,0,3,0.31,1
events,healthcare,employed,south_america,49802,0,0,0.18,0
organic_search,technology,student,north_america,48514,3,4,0.42,1
social_media,technology,self_employed,south_america,68988,3,9,0.86,1
organic_search,manufacturing,,africa,38183,3,5,0.58,1
organic_search,retail,employed,north_america,59332,2,5,0.62,1
organic_search,healthcare,unemployed,asia,28385,1,0,0.25,0
paid_ads,,student,north_america,27705,0,2,0.25,0
organic_search,education,student,south_america,12000,2,5,0.46,1
referral,technology,unemployed,north_america,68166,2,5,0.7,1
social_media,retail,employed,south_america,43819,1,4,0.4,1
organic_search,manufacturing,student,asia,22615,2,6,0.69,1
referral,manufacturing,employed,europe,54627,3,8,0.81,1
events,healthcare,employed,europe,82877,1,6,0.57,1
paid_ads,manufacturing,self_employed,north_america,59326,2,6,0.53,1
paid_ads,education,employed,asia,33431,3,6,0.58,1
organic_search,,unemployed,asia,35043,2,5,0.46,1
events,manufacturing,employed,south_america,61881,0,0,0.1,1
referral,manufacturing,employed,north_america,61456,2,6,0.68,1
organic_search,healthcare,employed,asia,58046,0,0,0.24,0
referral,technology,employed,north_america,79436,3,5,0.67,1
social_media,healthcare,employed,asia,55216,2,3,0.54,1
social_media,education,employed,asia,42368,1,2,0.26,0
referral,,employed,north_america,80356,4,7,0.81,1
organic_search,manufacturing,self_employed,north_america,52228,3,5,0.5,0
social_media,education,unemployed,north_america,,1,2,0.38,0
paid_ads,healthcare,employed,south_america,77720,2,1,0.33,1
paid_ads,retail,employed,north_america,56642,4,5,0.55,1
referral,retail,student,north_america,31243,1,4,0.42,1
paid_ads,finance,student,asia,,4,8,0.75,0
paid_ads,healthcare,employed,north_america,73717,1,0,0.21,0
organic_search,technology,student,north_america,46125,1,4,0.46,1
paid_ads,finance,unemployed,asia,,1,1,0.1,0
organic_search,technology,employed,south_america,64019,2,7,0.71,1
referral,retail,employed,north_america,41635,4,6,0.71,1
paid_ads,education,student,asia,12000,2,5,0.49,0
referral,education,employed,south_america,46216,4,8,0.83,1
paid_ads,education,self_employed,south_america,28643,3,6,0.47,0
paid_ads,education,employed,,47588,2,5,0.44,0
events,technology,employed,north_america,102755,1,3,,1
events,healthcare,,south_america,51541,2,5,0.51,0
referral,technology,student,europe,39893,3,5,0.65,1
,retail,,europe,38652,1,2,0.3,1
organic_search,healthcare,employed,north_america,64714,2,2,0.32,1
paid_ads,,self_employed,south_america,72487,2,7,0.67,1
organic_search,technology,self_employed,europe,71165,1,4,0.48,1
paid_ads,finance,employed,europe,85355,1,2,0.27,1
referral,technology,student,africa,,3,6,0.61,1
,healthcare,employed,south_america,61831,3,5,0.6,1
referral,technology,employed,africa,77909,4,6,0.7,1
referral,healthcare,student,south_america,30224,1,2,0.34,0
paid_ads,manufacturing,employed,europe,50419,1,1,0.25,0
referral,finance,employed,africa,77080,2,6,0.66,1
social_media,finance,employed,europe,78644,0,3,0.31,0
organic_search,technology,employed,south_america,74812,3,5,0.57,1
social_media,finance,employed,south_america,67773,2,7,0.78,1
social_media,education,employed,europe,41204,4,11,0.9,1
social_media,manufacturing,student,africa,,3,4,0.42,1
events,retail,self_employed,europe,43180,2,4,0.47,1
referral,retail,unemployed,europe,30458,3,6,0.74,1
paid_ads,finance,employed,north_america,92037,3,4,0.47,1
social_media,retail,employed,north_america,50034,2,4,0.45,1
events,retail,self_employed,europe,56124,3,8,0.72,0
social_media,education,employed,south_america,48140,2,3,0.33,1
social_media,retail,employed,south_america,46035,4,6,0.56,1
paid_ads,education,student,south_america,12000,1,1,0.14,0
organic_search,retail,employed,north_america,55483,3,6,0.64,1
organic_search,technology,unemployed,europe,56343,0,1,0.22,0
referral,retail,employed,africa,34335,5,10,0.99,1
organic_search,technology,student,,,3,6,0.69,1
referral,retail,employed,asia,43770,3,6,0.64,1
paid_ads,technology,employed,asia,86297,2,3,0.45,1
social_media,healthcare,unemployed,south_america,,1,3,0.34,0
organic_search,retail,unemployed,europe,,2,7,0.54,0
paid_ads,retail,employed,north_america,65844,2,6,0.49,1
referral,healthcare,,north_america,71218,4,8,0.79,0
events,finance,employed,asia,70977,1,2,0.35,0
events,technology,employed,europe,78021,3,6,0.57,1
social_media,retail,student,north_america,34205,1,3,0.32,0
organic_search,technology,employed,africa,74521,3,6,0.65,1
referral,technology,unemployed,,54686,3,1,0.32,0
social_media,manufacturing,unemployed,asia,30199,0,3,0.39,1
organic_search,education,employed,,51923,2,8,0.71,0
organic_search,technology,,south_america,76470,3,8,0.73,1
paid_ads,retail,student,asia,12000,3,3,0.36,0
organic_search,technology,student,africa,41220,2,6,0.57,0
organic_search,education,employed,south_america,47917,1,3,0.38,0
paid_ads,manufacturing,employed,europe,61667,3,3,0.33,0
social_media,retail,unemployed,south_america,34309,0,2,0.24,0
paid_ads,retail,employed,europe,52458,2,7,0.62,1
referral,healthcare,student,north_america,31186,2,4,0.49,0
events,retail,student,north_america,,0,1,0.07,0
organic_search,technology,employed,north_america,79400,5,9,0.88,0
paid_ads,retail,employed,south_america,25947,2,3,0.38,0
referral,,,africa,12000,2,5,0.55,1
paid_ads,technology,employed,asia,75171,2,5,0.65,0
,technology,employed,africa,57026,4,7,0.74,1
paid_ads,,student,south_america,20545,2,6,0.48,0
organic_search,,employed,asia,69227,6,10,0.96,1
organic_search,finance,unemployed,europe,60347,0,3,0.34,1
paid_ads,retail,employed,europe,47610,2,2,0.39,0
paid_ads,retail,student,europe,23602,3,4,0.43,0
social_media,retail,employed,europe,39022,1,5,0.39,1
social_media,education,employed,europe,24203,0,3,0.29,0
events,retail,employed,north_america,47522,2,1,0.23,0
organic_search,finance,employed,europe,74675,4,7,0.71,1
paid_ads,education,unemployed,europe,19310,2,2,0.36,0
events,education,employed,asia,35123,2,3,0.29,0
paid_ads,education,self_employed,asia,40779,2,6,0.55,1
social_media,technology,self_employed,europe,72631,1,3,0.5,0
social_media,retail,employed,asia,48516,2,3,0.28,1
referral,technology,employed,asia,77876,2,4,0.59,1
organic_search,manufacturing,student,north_america,30349,3,7,0.66,1
social_media,finance,employed,europe,67429,3,6,0.65,1
events,finance,student,africa,30432,1,1,,1
organic_search,finance,employed,europe,80362,3,5,0.63,1
social_media,healthcare,self_employed,south_america,67409,1,3,0.43,0
events,healthcare,student,north_america,20999,0,0,0.16,0
social_media,technology,employed,south_america,57937,0,1,0.21,0
paid_ads,,student,europe,,2,4,0.43,0
social_media,finance,employed,,80578,2,3,0.45,1
organic_search,manufacturing,student,europe,16677,2,1,0.28,0
paid_ads,healthcare,self_employed,asia,50233,3,2,0.36,0
paid_ads,technology,,north_america,53154,2,4,0.37,1
social_media,technology,employed,north_america,71034,2,4,0.46,1
events,retail,student,africa,12000,0,1,0.06,0
referral,healthcare,unemployed,asia,,1,2,0.33,0
paid_ads,technology,employed,north_america,87693,3,8,0.66,1
referral,,,south_america,35579,3,5,0.52,1
paid_ads,healthcare,self_employed,africa,55385,2,0,0.21,0
events,finance,self_employed,north_america,85058,1,2,0.26,1
social_media,healthcare,unemployed,europe,39573,2,1,0.25,0
referral,education,self_employed,south_america,30572,3,7,0.76,1
events,retail,self_employed,north_america,48565,2,4,0.45,1
paid_ads,technology,unemployed,asia,40528,1,2,0.25,0
referral,healthcare,unemployed,south_america,20929,3,2,0.48,0
organic_search,retail,self_employed,north_america,39348,3,5,0.49,1
paid_ads,manufacturing,student,north_america,,2,3,0.32,1
referral,finance,self_employed,asia,66060,3,8,0.87,1
paid_ads,education,student,asia,,2,4,0.37,1
social_media,technology,student,asia,51599,2,3,0.31,0
paid_ads,retail,employed,africa,47446,4,11,0.93,1
referral,retail,unemployed,north_america,31027,0,1,0.21,0
social_media,healthcare,unemployed,north_america,44991,2,6,0.58,1
organic_search,technology,employed,south_america,73899,1,5,0.65,0
social_media,finance,unemployed,europe,60122,2,6,0.59,0
referral,healthcare,employed,north_america,75025,3,6,0.66,1
events,healthcare,unemployed,europe,,3,5,0.44,1
paid_ads,finance,employed,south_america,76519,4,6,0.57,1
events,retail,employed,asia,52223,1,5,0.37,0
paid_ads,healthcare,unemployed,europe,27094,1,3,0.37,0
events,education,unemployed,europe,28636,1,2,0.26,0
social_media,manufacturing,employed,asia,48625,2,3,0.42,1
referral,technology,student,europe,,3,6,0.72,1
paid_ads,technology,unemployed,asia,,1,1,0.33,1
organic_search,education,,north_america,47732,2,5,0.5,0
organic_search,technology,student,north_america,57635,2,5,0.55,1
paid_ads,,employed,,50963,2,5,0.46,1
social_media,education,self_employed,south_america,43082,1,3,0.36,0
referral,healthcare,self_employed,europe,49488,2,5,0.62,0
events,finance,student,,,2,4,0.32,0
organic_search,healthcare,employed,asia,62025,4,8,0.83,1
organic_search,education,employed,europe,24922,2,5,0.53,1
referral,finance,self_employed,asia,83792,2,3,0.48,1
referral,retail,student,south_america,,3,3,0.5,1
paid_ads,finance,student,north_america,43341,2,5,0.4,1
organic_search,healthcare,student,europe,50901,1,3,0.36,0
,technology,employed,asia,59503,2,7,0.67,1
organic_search,retail,employed,africa,38574,3,6,0.62,1
social_media,retail,employed,asia,39316,3,4,0.57,1
organic_search,technology,self_employed,south_america,54858,2,7,0.68,1
organic_search,technology,employed,africa,82409,3,8,0.72,1
organic_search,retail,unemployed,north_america,32566,2,2,0.3,0
paid_ads,retail,student,asia,19822,2,4,0.39,0
referral,healthcare,unemployed,north_america,50147,4,10,0.94,1
social_media,finance,student,europe,,3,5,0.55,1
social_media,retail,employed,north_america,52082,2,3,0.44,0
paid_ads,manufacturing,self_employed,north_america,48453,3,7,0.61,1
social_media,technology,unemployed,europe,56524,1,2,0.37,1
paid_ads,education,employed,south_america,51110,3,6,0.61,1
events,retail,self_employed,europe,46619,1,2,0.31,1
paid_ads,retail,employed,asia,44449,2,4,0.41,1
events,finance,self_employed,europe,63156,3,8,0.65,1
social_media,technology,employed,europe,71435,4,7,0.65,1
social_media,manufacturing,employed,europe,48950,4,6,0.72,1
social_media,technology,employed,europe,94046,2,4,0.46,1
events,retail,employed,north_america,71343,2,3,0.39,1
social_media,healthcare,employed,north_america,65669,3,7,0.69,1
social_media,finance,self_employed,europe,87426,1,0,0.24,0
,healthcare,employed,europe,68668,2,5,0.49,0
social_media,education,employed,south_america,51011,3,7,0.59,1
social_media,technology,employed,north_america,85810,2,4,0.63,1
referral,retail,employed,north_america,58288,4,10,0.99,1
referral,technology,employed,asia,80342,5,13,0.99,1
social_media,technology,employed,asia,67312,1,0,0.23,1
paid_ads,manufacturing,unemployed,europe,31133,0,0,0.13,1
referral,retail,employed,asia,55969,0,3,0.47,1
social_media,technology,employed,asia,62275,1,1,0.27,1
social_media,healthcare,employed,north_america,81022,4,10,0.89,1
social_media,finance,unemployed,europe,63098,3,6,0.55,0
referral,technology,employed,south_america,81606,4,7,0.84,1
referral,healthcare,employed,asia,66177,2,2,0.33,0
organic_search,retail,student,europe,14081,4,7,0.64,1
events,manufacturing,student,africa,18453,0,0,0.01,0
organic_search,technology,self_employed,asia,61389,3,5,0.62,1
organic_search,manufacturing,employed,south_america,41929,3,6,0.69,1
organic_search,technology,,north_america,84958,3,3,0.53,1
paid_ads,manufacturing,self_employed,africa,53429,0,2,0.16,0
organic_search,education,unemployed,asia,12000,0,2,0.3,1
paid_ads,healthcare,employed,africa,52881,0,5,0.32,0
,technology,unemployed,europe,54063,1,3,0.32,1
social_media,manufacturing,employed,europe,54204,2,7,0.68,0
organic_search,education,employed,south_america,32695,2,5,0.6,1
organic_search,manufacturing,employed,europe,67385,3,8,0.82,1
social_media,retail,employed,africa,45837,2,3,0.4,0
organic_search,retail,employed,asia,49501,4,8,0.7,1
,retail,,north_america,30059,2,4,0.53,0
paid_ads,technology,self_employed,north_america,74338,0,1,0.22,0
referral,technology,employed,asia,75843,3,4,0.61,1
social_media,technology,unemployed,asia,,2,5,0.47,1
organic_search,retail,student,north_america,12000,1,2,0.35,0
paid_ads,retail,employed,north_america,43333,2,7,0.55,1
paid_ads,technology,employed,south_america,68026,2,4,0.4,1
organic_search,finance,student,asia,38633,2,8,0.7,1
social_media,education,unemployed,,19988,2,3,0.34,0
social_media,,employed,north_america,58748,4,9,0.8,1
referral,education,employed,asia,50340,3,6,0.63,1
organic_search,healthcare,employed,africa,58580,2,6,0.51,1
paid_ads,technology,unemployed,north_america,67753,1,0,0.14,0
paid_ads,retail,employed,north_america,47118,2,4,0.51,0
paid_ads,technology,employed,south_america,67066,1,1,0.26,0
events,healthcare,employed,north_america,80316,1,4,0.5,0
referral,retail,employed,north_america,53864,3,6,0.77,1
social_media,finance,employed,europe,67575,3,5,0.66,1
social_media,finance,employed,europe,86459,2,3,0.48,0
referral,education,unemployed,asia,12000,1,4,0.43,1
paid_ads,technology,student,europe,43024,2,5,0.5,1
paid_ads,finance,employed,africa,73460,1,4,0.42,1
events,healthcare,employed,europe,53511,1,1,0.26,1
organic_search,education,self_employed,africa,37040,1,5,0.49,1
organic_search,education,unemployed,north_america,22208,2,6,0.58,1
organic_search,technology,student,north_america,,2,8,0.8,1
paid_ads,technology,employed,europe,78803,2,5,0.5,0
paid_ads,healthcare,employed,asia,52129,5,7,0.64,1
paid_ads,technology,unemployed,north_america,68438,0,0,0.07,0
events,finance,student,north_america,51180,2,4,0.45,1
,finance,,europe,36888,1,2,0.31,0
referral,retail,,south_america,18832,2,4,0.37,0
events,technology,employed,europe,63009,1,1,0.18,0
paid_ads,technology,employed,europe,84461,4,7,0.68,0
referral,technology,student,europe,,0,3,0.38,0
social_media,finance,employed,south_america,85373,4,9,0.84,1
social_media,retail,employed,africa,26472,3,7,0.59,0
paid_ads,manufacturing,unemployed,north_america,36846,0,3,0.24,0
events,retail,employed,south_america,42166,1,2,0.34,0
organic_search,technology,self_employed,europe,78870,3,6,0.64,1
organic_search,manufacturing,unemployed,north_america,,0,1,0.2,0
social_media,retail,student,asia,21229,0,0,0.07,0
social_media,technology,employed,south_america,84501,2,6,0.64,0
organic_search,education,employed,north_america,51510,1,4,0.56,1
organic_search,technology,employed,south_america,59737,3,4,0.49,0
organic_search,technology,self_employed,,71045,2,4,0.44,1
referral,retail,unemployed,south_america,13385,2,4,0.46,0
events,retail,employed,asia,44908,2,4,0.37,0
social_media,manufacturing,employed,asia,59214,4,6,0.67,1
paid_ads,retail,self_employed,asia,30200,1,4,0.31,0
organic_search,healthcare,student,africa,28710,0,4,0.44,1
social_media,healthcare,student,europe,39815,3,6,0.67,0
paid_ads,manufacturing,employed,south_america,58732,3,5,0.56,1
social_media,retail,unemployed,north_america,26380,1,5,0.48,0
social_media,retail,student,asia,12000,0,2,0.19,0
events,healthcare,employed,south_america,47301,5,7,0.69,0
events,manufacturing,employed,south_america,55754,2,3,0.37,1
organic_search,healthcare,employed,asia,71327,4,7,0.72,1
paid_ads,healthcare,employed,north_america,66290,2,7,0.49,0
social_media,healthcare,self_employed,south_america,49697,2,5,0.47,1
events,technology,student,south_america,49071,1,0,0.16,0
organic_search,retail,employed,south_america,42025,3,8,0.66,1
paid_ads,technology,employed,asia,84553,2,0,0.24,0
paid_ads,education,employed,asia,37029,3,2,0.36,0
organic_search,,self_employed,asia,51688,1,2,0.31,0
organic_search,technology,employed,asia,84146,4,7,0.81,1
organic_search,technology,self_employed,europe,78480,3,6,0.61,1
paid_ads,technology,employed,north_america,93718,1,3,0.37,1
organic_search,retail,employed,north_america,42046,2,3,0.47,0
referral,healthcare,employed,north_america,70435,3,6,0.71,1
paid_ads,,self_employed,asia,55971,2,5,0.51,0
events,finance,employed,europe,88676,1,4,0.54,1
organic_search,technology,unemployed,europe,52131,0,0,0.14,0
referral,,employed,south_america,30384,3,6,0.63,1
organic_search,technology,employed,europe,78947,0,0,0.28,0
events,healthcare,employed,europe,57185,4,8,0.78,1
events,education,employed,africa,28266,4,6,0.55,1
paid_ads,manufacturing,student,north_america,29039,0,1,0.15,1
organic_search,retail,employed,asia,43029,4,8,0.73,1
organic_search,healthcare,unemployed,europe,36319,1,2,0.26,1
referral,technology,unemployed,europe,54708,1,2,0.55,1
organic_search,,employed,south_america,66274,3,5,0.53,0
events,healthcare,employed,europe,68671,1,2,0.36,1
events,education,unemployed,north_america,14339,0,0,0.11,0
,technology,unemployed,europe,48960,2,0,0.16,0
paid_ads,technology,unemployed,europe,55669,1,4,0.35,0
organic_search,finance,student,north_america,50698,3,4,0.42,1
referral,finance,employed,north_america,77664,4,8,0.91,1
paid_ads,technology,employed,europe,69932,1,3,0.25,1
referral,manufacturing,employed,africa,51369,1,3,0.43,0
social_media,technology,unemployed,europe,50470,2,4,0.57,1
referral,manufacturing,student,europe,,3,7,0.81,1
,technology,self_employed,europe,81294,4,7,0.79,1
events,healthcare,employed,south_america,63977,2,5,0.49,0
organic_search,technology,student,europe,,3,3,0.42,1
referral,finance,employed,asia,75546,1,2,0.36,1
paid_ads,healthcare,employed,africa,50903,5,8,0.64,0
events,technology,self_employed,africa,58882,0,0,0.1,0
paid_ads,healthcare,employed,north_america,75613,5,9,0.8,1
paid_ads,education,employed,asia,44933,3,7,0.64,1
,finance,employed,europe,80180,2,7,0.6,1
paid_ads,retail,unemployed,asia,21550,1,3,0.31,1
organic_search,healthcare,self_employed,north_america,65206,2,4,0.48,0
organic_search,retail,employed,asia,36612,3,6,0.59,1
paid_ads,technology,employed,asia,73457,0,0,0.15,1
organic_search,retail,employed,africa,36403,4,10,0.87,1
referral,retail,employed,north_america,52065,3,3,0.47,0
paid_ads,finance,employed,north_america,84742,3,6,0.61,0
organic_search,retail,employed,asia,54110,4,11,0.99,1
organic_search,technology,employed,north_america,90630,2,5,0.64,0
referral,technology,employed,europe,81752,3,8,0.73,1
referral,healthcare,unemployed,europe,59261,3,8,0.79,1
referral,finance,employed,europe,90008,2,4,0.6,1
referral,technology,employed,asia,86721,2,4,0.52,0
referral,manufacturing,self_employed,north_america,56426,2,7,0.77,1
paid_ads,retail,employed,south_america,24731,2,6,0.49,0
organic_search,manufacturing,employed,europe,54960,2,6,0.68,1
social_media,technology,student,north_america,71095,5,9,0.81,1
paid_ads,finance,,north_america,76108,2,2,0.23,0
social_media,finance,employed,north_america,80272,2,5,0.58,0
events,healthcare,employed,south_america,72196,5,8,0.78,1
events,technology,self_employed,north_america,88376,2,6,0.61,1
referral,education,employed,europe,54435,5,11,0.99,1
social_media,technology,,north_america,60329,0,0,0.1,0
events,technology,employed,south_america,68292,1,2,0.24,0
referral,retail,student,south_america,,2,2,0.32,0
organic_search,retail,employed,africa,48769,3,3,0.4,1
,finance,student,south_america,,0,3,0.31,0
paid_ads,finance,employed,north_america,95229,3,4,0.48,0
organic_search,finance,unemployed,europe,38533,2,4,0.47,1
referral,healthcare,employed,north_america,75551,0,1,0.31,0
social_media,technology,student,europe,40777,3,6,0.59,1
social_media,manufacturing,employed,europe,55070,2,4,0.5,0
social_media,finance,employed,europe,74617,0,2,0.23,0
referral,retail,unemployed,africa,12000,1,4,0.39,0
organic_search,healthcare,employed,south_america,62067,2,4,0.46,0
social_media,technology,student,north_america,58783,2,9,0.86,1
events,finance,self_employed,south_america,59665,1,6,0.59,1
paid_ads,education,employed,south_america,30358,4,9,0.72,1
events,healthcare,unemployed,north_america,48638,1,1,0.34,1
events,,self_employed,africa,74480,0,1,0.26,1
organic_search,healthcare,unemployed,europe,25299,4,9,0.8,1
organic_search,manufacturing,employed,asia,47434,1,4,0.39,1
referral,technology,self_employed,asia,71020,0,0,0.31,0
referral,healthcare,unemployed,asia,45009,1,6,0.63,1
paid_ads,education,self_employed,europe,45236,4,7,0.6,1
organic_search,education,employed,north_america,41493,2,5,0.58,1
organic_search,healthcare,employed,south_america,64534,2,5,0.56,1
paid_ads,healthcare,self_employed,europe,60886,1,5,0.49,1
,technology,employed,europe,81815,2,3,0.49,1
paid_ads,technology,student,north_america,,1,5,0.48,1
referral,healthcare,employed,asia,56118,3,9,0.85,1
referral,technology,employed,south_america,53198,3,5,0.62,1
events,retail,student,north_america,12000,2,1,0.26,0
social_media,finance,employed,asia,58803,2,6,0.58,1
social_media,finance,employed,europe,83189,3,7,0.71,1
organic_search,,employed,africa,66916,2,6,0.61,1
paid_ads,retail,unemployed,europe,,1,2,0.21,0
social_media,education,employed,europe,56072,4,9,0.82,1
paid_ads,technology,employed,asia,72101,2,7,0.6,0
organic_search,retail,unemployed,africa,13315,3,5,0.51,1
referral,manufacturing,employed,europe,67233,4,7,0.86,1
paid_ads,technology,employed,europe,73112,0,2,0.35,0
referral,manufacturing,employed,africa,50368,3,7,0.75,1
organic_search,technology,self_employed,asia,66742,3,7,0.85,1
organic_search,healthcare,self_employed,north_america,45201,2,6,0.53,1
organic_search,technology,employed,asia,59146,3,3,0.56,1
organic_search,finance,employed,north_america,79240,2,4,0.48,1
paid_ads,finance,employed,europe,82713,3,3,0.43,0
events,retail,unemployed,asia,15010,1,1,0.22,0
referral,technology,employed,africa,75852,2,5,0.56,1
organic_search,,self_employed,south_america,73143,3,6,0.68,1
referral,finance,employed,south_america,64972,5,11,0.99,1
paid_ads,finance,student,asia,36015,4,6,0.63,1
referral,manufacturing,employed,asia,70996,3,4,0.67,1
,manufacturing,self_employed,asia,39055,3,5,0.59,0
referral,technology,employed,south_america,86592,3,7,0.8,1
referral,technology,unemployed,europe,42722,2,5,0.53,1
paid_ads,healthcare,self_employed,north_america,51495,3,5,0.51,0
events,retail,employed,europe,37530,1,3,0.31,1
organic_search,technology,self_employed,europe,77193,3,4,0.56,1
paid_ads,healthcare,employed,south_america,68287,3,5,0.39,0
organic_search,technology,employed,europe,92844,3,6,0.7,1
paid_ads,technology,unemployed,asia,54068,1,2,0.33,1
social_media,healthcare,self_employed,south_america,53185,2,3,0.48,0
social_media,finance,employed,europe,69493,4,9,0.83,1
paid_ads,technology,unemployed,north_america,,3,5,0.47,1
social_media,retail,employed,south_america,36910,3,7,0.69,0
paid_ads,education,unemployed,europe,16258,2,5,0.52,1
paid_ads,education,employed,north_america,39024,3,4,0.31,0
paid_ads,technology,unemployed,north_america,51611,0,0,0.01,0
social_media,finance,employed,europe,87976,2,8,0.77,1
social_media,education,,north_america,23300,2,4,0.43,1
organic_search,healthcare,,asia,59516,1,4,0.43,1
events,healthcare,student,asia,39079,0,3,0.27,1
organic_search,education,employed,,43580,3,5,0.49,0
social_media,technology,unemployed,europe,46738,2,4,0.41,1
events,technology,employed,africa,75528,3,9,0.73,1
organic_search,,student,asia,23836,1,1,0.14,0
events,manufacturing,self_employed,asia,43622,3,6,0.6,1
events,healthcare,employed,south_america,62763,5,9,0.86,1
paid_ads,retail,unemployed,europe,19871,3,4,0.36,0
organic_search,finance,unemployed,north_america,47729,1,2,0.34,0
social_media,technology,student,asia,,2,7,0.63,1
paid_ads,healthcare,self_employed,north_america,60493,2,6,0.62,0
social_media,technology,self_employed,europe,62375,1,3,0.49,0
referral,technology,employed,north_america,79651,4,11,0.99,0
referral,healthcare,employed,north_america,53984,0,1,0.27,0
organic_search,technology,unemployed,north_america,,1,3,0.4,0
paid_ads,finance,employed,asia,66917,3,6,0.6,0
referral,healthcare,employed,north_america,67009,3,6,0.65,1
paid_ads,retail,self_employed,north_america,32225,0,1,0.17,0
referral,technology,employed,asia,82714,2,6,0.68,1
events,retail,student,europe,12000,1,1,,0
referral,technology,employed,asia,88689,2,5,0.67,1
,healthcare,employed,south_america,61172,4,6,0.66,1
social_media,finance,student,south_america,,1,3,0.35,0
referral,technology,student,europe,58121,0,2,0.46,0
paid_ads,retail,employed,asia,48357,2,2,0.36,1
referral,finance,self_employed,north_america,71370,1,4,0.45,0
,healthcare,unemployed,europe,31368,0,0,0.07,0
paid_ads,technology,student,asia,,2,4,0.52,1
referral,education,self_employed,north_america,52274,2,6,0.66,1
organic_search,finance,employed,north_america,108856,2,7,0.73,1
events,technology,student,,26698,0,0,,0
social_media,manufacturing,employed,africa,30783,3,8,0.66,1
referral,technology,self_employed,europe,78581,2,8,0.73,1
social_media,finance,employed,africa,65299,1,3,0.4,0
social_media,retail,unemployed,north_america,19707,2,4,0.52,1
events,technology,student,north_america,56584,3,5,0.52,1
paid_ads,retail,self_employed,asia,32497,1,1,0.22,0
events,healthcare,,europe,43341,0,0,0.08,0
paid_ads,,unemployed,north_america,64751,0,0,0.01,0
organic_search,education,unemployed,europe,17083,3,7,0.62,0
events,technology,unemployed,north_america,66741,2,4,0.48,1
organic_search,,unemployed,africa,49472,1,3,0.46,1
social_media,manufacturing,employed,europe,55192,4,3,0.58,1
organic_search,manufacturing,student,north_america,29035,2,3,0.55,1
social_media,healthcare,employed,africa,58004,2,4,0.48,1
organic_search,education,unemployed,north_america,22108,1,4,0.4,0
social_media,finance,employed,asia,60412,4,8,0.74,1
paid_ads,retail,unemployed,europe,,2,3,0.37,0
social_media,technology,,south_america,87536,2,4,0.43,1
paid_ads,retail,employed,europe,34801,2,6,0.45,1
organic_search,technology,employed,north_america,95108,3,6,0.68,1
paid_ads,healthcare,unemployed,north_america,43369,2,6,0.46,0
paid_ads,,self_employed,north_america,67609,2,1,0.27,0
organic_search,finance,,africa,64689,2,6,0.57,1
social_media,technology,self_employed,,72484,0,0,0.01,0
,manufacturing,employed,north_america,57351,1,5,0.53,0
organic_search,healthcare,employed,europe,55812,3,4,0.61,1
referral,healthcare,employed,asia,70805,3,8,0.85,1
organic_search,finance,student,north_america,45102,2,4,0.45,0
paid_ads,healthcare,employed,south_america,48600,0,0,0.16,0
paid_ads,healthcare,self_employed,europe,49442,0,3,0.32,1
paid_ads,,employed,north_america,62707,1,4,0.41,0
organic_search,technology,student,north_america,49181,1,7,0.66,0
referral,education,employed,europe,61602,3,8,0.79,1
social_media,technology,employed,south_america,76919,2,2,0.4,0
events,healthcare,self_employed,north_america,83967,0,0,0.15,0
organic_search,technology,self_employed,europe,72020,1,4,0.51,1
social_media,education,self_employed,africa,44474,3,4,0.52,1
paid_ads,retail,employed,africa,47144,0,2,0.22,0
organic_search,healthcare,self_employed,south_america,52839,5,9,0.88,1
paid_ads,technology,self_employed,,76397,3,6,0.57,1
referral,healthcare,employed,europe,49029,0,3,0.45,0
events,healthcare,employed,africa,49395,1,1,0.22,0
social_media,manufacturing,student,europe,30369,2,1,0.13,1
events,finance,employed,north_america,99730,1,4,0.55,1
paid_ads,technology,employed,asia,84212,1,2,0.34,0
paid_ads,healthcare,employed,asia,62124,3,4,0.38,0
paid_ads,retail,student,north_america,27634,2,3,0.31,0
social_media,education,student,north_america,12000,2,6,0.5,0
organic_search,education,self_employed,,36386,1,1,0.3,1
organic_search,manufacturing,self_employed,africa,32948,2,6,0.59,0
referral,finance,self_employed,north_america,93060,3,5,0.65,0
paid_ads,healthcare,employed,europe,58031,2,4,0.41,1
organic_search,technology,self_employed,asia,77411,1,4,0.46,0
events,finance,student,asia,49075,0,1,0.07,1
social_media,technology,employed,europe,81761,3,8,0.77,1
social_media,healthcare,employed,south_america,62076,3,4,0.49,1
organic_search,education,self_employed,asia,35895,3,7,0.62,0
paid_ads,technology,unemployed,asia,47633,0,1,0.15,0
referral,finance,employed,north_america,83729,3,4,0.6,1
organic_search,technology,employed,north_america,93511,3,8,0.75,1
organic_search,manufacturing,,asia,58257,3,6,0.61,1
events,,employed,south_america,74303,1,4,0.41,1
referral,retail,employed,south_america,44524,3,6,0.63,1
paid_ads,,employed,europe,35287,1,2,0.26,0
social_media,healthcare,self_employed,north_america,62473,1,3,0.44,1
referral,healthcare,employed,north_america,70317,3,6,0.7,1
paid_ads,technology,student,europe,59721,3,5,0.45,1
organic_search,finance,student,north_america,48784,4,8,0.64,1
organic_search,education,unemployed,europe,12000,1,2,0.31,0
referral,,employed,asia,49519,2,4,0.43,1
organic_search,healthcare,employed,south_america,42037,0,2,0.24,1
referral,healthcare,employed,,73907,3,5,0.63,1
social_media,,unemployed,europe,48724,2,4,0.46,1
social_media,retail,employed,north_america,61421,3,6,0.7,0
organic_search,healthcare,employed,south_america,64587,3,6,0.58,1
paid_ads,retail,employed,europe,56877,3,6,0.61,1
referral,education,student,north_america,,0,3,0.3,0
,manufacturing,employed,asia,41976,2,2,0.23,1
organic_search,technology,employed,north_america,86667,5,11,0.99,1
paid_ads,retail,employed,north_america,49327,3,4,0.36,0
events,,employed,north_america,79316,0,1,0.14,1
organic_search,finance,employed,asia,65071,3,7,0.62,1
referral,technology,self_employed,europe,84982,2,4,0.56,1
organic_search,healthcare,employed,asia,59163,2,4,0.52,1
events,manufacturing,student,europe,20468,3,4,0.44,0
organic_search,finance,self_employed,asia,55608,3,2,0.44,1
paid_ads,retail,employed,south_america,35413,0,4,0.36,1
social_media,manufacturing,employed,asia,64764,1,6,0.65,1
organic_search,retail,student,asia,12000,3,7,0.66,0
organic_search,technology,unemployed,africa,49894,1,6,0.55,1
organic_search,retail,employed,europe,51155,4,7,0.71,1
paid_ads,manufacturing,student,north_america,,1,1,0.24,0
organic_search,healthcare,employed,south_america,50478,2,7,0.71,1
social_media,technology,employed,north_america,91443,2,7,0.63,0
,manufacturing,self_employed,asia,36516,1,3,0.4,0
social_media,finance,student,north_america,,2,0,0.12,0
social_media,retail,employed,europe,70388,2,5,0.53,1
paid_ads,healthcare,employed,,57031,0,2,0.3,0
organic_search,technology,self_employed,asia,73173,4,8,0.85,1
paid_ads,finance,unemployed,north_america,42479,2,6,0.47,0
paid_ads,healthcare,employed,north_america,83433,3,5,0.61,1
organic_search,retail,employed,north_america,37898,4,7,0.7,1
social_media,retail,self_employed,europe,39731,3,7,0.64,1
social_media,manufacturing,self_employed,south_america,44227,3,9,0.74,1
paid_ads,retail,employed,south_america,45336,1,1,0.23,1
social_media,healthcare,employed,asia,53147,3,6,0.6,1
social_media,manufacturing,employed,europe,55730,2,1,0.29,0
referral,healthcare,self_employed,asia,51912,2,3,0.55,1
referral,education,employed,north_america,49618,2,7,0.74,0
organic_search,retail,employed,europe,61558,3,5,0.53,1
referral,retail,student,europe,23369,2,5,0.58,0
paid_ads,healthcare,employed,asia,61464,3,3,0.46,0
social_media,,employed,asia,55184,4,7,0.78,1
social_media,healthcare,employed,south_america,56048,4,7,0.73,1
social_media,retail,employed,europe,53617,2,2,0.34,0
paid_ads,technology,employed,asia,65695,0,1,0.16,0
social_media,technology,employed,asia,71634,3,7,0.73,1
,manufacturing,employed,north_america,58019,3,7,0.69,1
paid_ads,retail,employed,africa,33169,2,5,0.53,1
paid_ads,manufacturing,student,africa,,2,4,0.34,0
paid_ads,retail,unemployed,,23725,0,2,0.28,0
events,,employed,,79728,3,4,,1
organic_search,finance,student,north_america,43963,1,3,0.36,0
paid_ads,technology,,europe,46841,1,3,0.37,1
social_media,healthcare,,north_america,21734,2,6,0.47,0
referral,technology,student,asia,45135,1,0,0.28,0
organic_search,education,employed,south_america,33134,1,5,0.44,1
referral,healthcare,employed,africa,55809,4,7,0.81,1
social_media,technology,employed,asia,58032,3,9,0.75,1
organic_search,technology,self_employed,north_america,84413,3,3,0.43,0
social_media,education,employed,asia,47860,2,3,0.37,1
organic_search,education,unemployed,north_america,24430,2,4,0.49,0
paid_ads,healthcare,employed,africa,59693,2,3,0.31,1
organic_search,manufacturing,employed,asia,72412,3,8,0.72,1
events,technology,self_employed,asia,64752,2,2,0.3,0
organic_search,healthcare,employed,asia,55503,2,4,0.53,1
paid_ads,retail,employed,europe,47639,1,1,0.14,1
organic_search,education,unemployed,africa,12000,2,5,0.59,0
referral,finance,employed,africa,76232,5,10,0.99,1
organic_search,finance,employed,asia,78212,3,3,0.53,1
paid_ads,retail,employed,africa,25913,2,8,0.49,1
paid_ads,retail,unemployed,north_america,12000,1,5,0.41,1
social_media,manufacturing,student,north_america,27645,1,5,0.44,1
organic_search,technology,employed,africa,63949,2,2,0.43,1
referral,healthcare,employed,,72454,4,7,0.89,1
paid_ads,education,unemployed,europe,13409,0,0,0.1,0
social_media,finance,unemployed,north_america,43988,1,0,0.14,0
paid_ads,education,employed,europe,42669,1,2,0.29,0
referral,technology,employed,europe,98606,3,5,0.75,1
paid_ads,technology,employed,asia,67573,4,5,0.58,1
social_media,technology,unemployed,north_america,,1,2,0.32,0
events,,employed,asia,75393,0,2,0.3,0
social_media,manufacturing,employed,north_america,56782,3,6,0.6,1
social_media,retail,employed,asia,55361,3,7,0.58,1
paid_ads,education,self_employed,asia,32503,2,4,0.41,1
events,finance,student,asia,30694,0,0,0.04,0
organic_search,retail,unemployed,north_america,28090,1,4,0.35,1
referral,finance,unemployed,europe,41261,0,4,0.39,1
organic_search,manufacturing,employed,north_america,59612,2,7,0.63,0
social_media,healthcare,employed,africa,65009,1,0,0.2,0
social_media,manufacturing,unemployed,north_america,35992,2,2,0.33,1
social_media,technology,student,north_america,,0,0,0.17,0
paid_ads,healthcare,employed,europe,53098,1,1,0.19,0
events,healthcare,employed,south_america,65152,0,0,0.1,0
events,retail,unemployed,asia,22267,2,5,0.46,1
paid_ads,education,unemployed,asia,12000,1,2,0.18,0
social_media,retail,student,asia,,0,1,0.07,0
paid_ads,technology,employed,asia,81253,2,4,0.41,1
social_media,finance,employed,south_america,59462,2,4,0.43,0
paid_ads,finance,unemployed,europe,46348,0,0,0.01,0
organic_search,retail,employed,europe,50353,2,5,0.57,1
organic_search,healthcare,unemployed,south_america,23591,1,2,0.31,1
social_media,technology,employed,south_america,69647,2,6,0.65,1
organic_search,healthcare,employed,europe,51566,4,10,0.85,1
organic_search,retail,employed,europe,45156,2,6,0.6,1
organic_search,retail,employed,africa,38357,3,5,0.55,1
organic_search,retail,self_employed,south_america,32214,0,6,0.52,1
organic_search,healthcare,student,north_america,,2,7,0.7,1
referral,healthcare,employed,north_america,83542,1,4,0.56,1
paid_ads,finance,employed,europe,86612,2,5,0.56,0
referral,technology,employed,africa,70168,1,6,0.63,0
paid_ads,education,employed,europe,43796,2,2,0.29,0
organic_search,healthcare,self_employed,south_america,48838,2,6,0.59,0
referral,manufacturing,unemployed,south_america,21227,3,6,0.62,0
organic_search,technology,employed,north_america,87794,3,6,0.66,0
referral,healthcare,employed,north_america,61737,4,9,0.9,1
social_media,technology,unemployed,north_america,59178,1,2,0.39,0
organic_search,manufacturing,employed,europe,54934,5,8,0.86,1
social_media,healthcare,unemployed,,29299,2,5,0.54,0
events,retail,student,north_america,,2,3,0.31,0
organic_search,,self_employed,asia,70819,1,0,0.12,1
organic_search,,unemployed,africa,22269,0,3,0.37,0
paid_ads,technology,unemployed,asia,47281,3,7,0.59,1
paid_ads,finance,self_employed,asia,60715,1,1,0.24,1
social_media,finance,employed,asia,78402,1,4,0.48,1
social_media,finance,employed,asia,76004,0,4,0.54,0
social_media,retail,employed,north_america,66876,6,10,0.91,1
referral,healthcare,student,south_america,28614,3,6,0.65,1
organic_search,manufacturing,employed,north_america,58504,2,2,0.35,0
events,finance,employed,africa,60520,2,4,0.43,0
organic_search,retail,employed,europe,43169,0,0,0.02,0
social_media,technology,unemployed,north_america,71982,2,5,0.47,0
referral,manufacturing,employed,europe,64938,4,9,0.85,0
organic_search,technology,,africa,48010,3,4,0.56,1
organic_search,finance,self_employed,south_america,76752,2,6,0.62,1
referral,retail,unemployed,north_america,25431,3,5,0.63,1
paid_ads,finance,employed,asia,68876,2,4,0.44,1
social_media,,employed,africa,59816,3,8,0.77,0
social_media,manufacturing,self_employed,north_america,57080,3,5,0.56,1
organic_search,retail,employed,north_america,38950,1,5,0.52,1
paid_ads,retail,student,north_america,,2,6,0.52,1
organic_search,retail,unemployed,europe,12000,3,6,0.46,0
events,retail,self_employed,africa,41337,1,2,0.2,1
referral,technology,self_employed,europe,74749,1,1,0.33,1
social_media,,employed,asia,79426,3,4,0.51,1
paid_ads,retail,employed,north_america,55999,2,4,0.41,0
organic_search,education,employed,south_america,47254,1,4,0.43,1
events,education,employed,north_america,59841,1,2,0.37,1
social_media,technology,employed,asia,74259,0,1,0.3,1
paid_ads,retail,student,asia,12000,0,4,0.19,0
referral,healthcare,employed,south_america,53501,4,6,0.77,1
referral,healthcare,employed,africa,56879,5,9,0.91,1
paid_ads,education,employed,europe,41881,1,4,0.4,0
paid_ads,retail,employed,asia,46024,2,4,0.39,0
paid_ads,technology,employed,africa,69367,2,6,0.57,0
organic_search,technology,student,south_america,,2,2,0.35,0
referral,technology,employed,asia,74264,3,7,0.77,1
paid_ads,retail,self_employed,asia,31896,1,1,0.11,0
social_media,technology,unemployed,north_america,69448,2,1,0.39,0
paid_ads,finance,unemployed,europe,42275,2,6,0.63,1
organic_search,retail,employed,asia,37687,3,8,0.69,1
paid_ads,technology,employed,south_america,75520,2,5,0.53,0
events,manufacturing,employed,north_america,46537,1,2,0.23,1
events,technology,unemployed,north_america,57499,1,3,0.35,0
referral,retail,employed,africa,32382,4,10,0.89,1
events,manufacturing,,south_america,42349,4,7,0.72,1
social_media,education,employed,asia,54812,4,9,0.84,1
organic_search,technology,student,asia,40202,3,7,0.71,1
organic_search,healthcare,employed,europe,60655,1,3,0.4,1
organic_search,technology,employed,asia,78027,4,9,0.83,1
social_media,finance,self_employed,south_america,67043,1,1,0.31,0
paid_ads,retail,employed,south_america,52674,1,0,0.01,0
social_media,technology,unemployed,europe,49206,1,6,0.56,1
social_media,retail,employed,south_america,30058,1,4,0.34,0
referral,technology,student,europe,49248,1,2,0.45,1
referral,education,student,north_america,23995,3,6,0.64,0
paid_ads,technology,employed,europe,76895,3,3,0.41,1
referral,healthcare,employed,north_america,66891,3,5,0.69,1
events,finance,employed,asia,78716,3,2,0.42,1
organic_search,manufacturing,employed,europe,68354,0,0,0.14,0
organic_search,retail,unemployed,africa,12000,3,4,0.46,1
events,manufacturing,self_employed,north_america,52338,3,5,,0
paid_ads,finance,employed,asia,73927,2,5,0.5,1
paid_ads,technology,self_employed,north_america,84988,0,4,0.27,0
referral,technology,employed,north_america,91325,3,7,0.8,1
referral,healthcare,employed,north_america,65609,4,7,0.8,1
paid_ads,education,employed,north_america,43324,0,1,0.1,0
organic_search,manufacturing,unemployed,europe,28027,2,5,0.44,1
organic_search,manufacturing,student,asia,,0,1,0.22,0
paid_ads,technology,,europe,91709,2,2,0.36,0
,retail,employed,north_america,63601,2,5,0.49,1
organic_search,retail,student,asia,12000,0,4,0.41,1
events,education,self_employed,europe,41307,1,3,0.29,1
referral,healthcare,unemployed,south_america,24329,2,6,0.71,1
referral,technology,,europe,94154,4,6,0.77,1
social_media,technology,employed,asia,83518,1,2,0.32,1
,education,employed,europe,51079,3,5,0.52,1
paid_ads,retail,employed,north_america,51808,4,7,0.75,0
referral,education,employed,north_america,58716,3,5,0.52,1
events,technology,student,africa,42687,1,0,0.19,0
organic_search,retail,unemployed,asia,18247,3,5,0.61,1
events,technology,employed,south_america,73199,1,6,0.52,1
organic_search,retail,employed,south_america,49635,4,9,0.75,1
paid_ads,finance,employed,,80371,2,6,0.49,0
paid_ads,retail,employed,north_america,56739,0,2,0.28,0
paid_ads,healthcare,employed,north_america,55770,2,6,0.49,1
organic_search,healthcare,unemployed,south_america,26670,1,6,0.63,1
referral,technology,employed,europe,70079,2,5,0.63,1
events,finance,employed,europe,85105,2,5,0.56,1
organic_search,technology,unemployed,asia,,1,5,0.57,0
social_media,education,unemployed,europe,12000,0,0,0.02,0
social_media,,unemployed,north_america,30579,2,5,0.45,1
referral,technology,employed,south_america,80716,5,8,0.89,1
referral,education,employed,asia,36499,5,9,0.96,1
referral,finance,employed,europe,69522,3,10,0.87,1
social_media,education,,asia,32491,3,4,0.53,1
,technology,employed,south_america,94309,4,6,0.68,0
paid_ads,finance,unemployed,asia,,3,3,0.37,1
paid_ads,technology,self_employed,,77999,3,2,0.4,1
organic_search,healthcare,self_employed,asia,57609,2,5,0.52,0
social_media,education,employed,europe,41331,2,5,0.53,0
events,finance,employed,north_america,77408,3,4,0.43,1
social_media,retail,unemployed,europe,17232,1,1,0.27,0
referral,education,self_employed,europe,52994,2,5,0.51,0
paid_ads,healthcare,student,north_america,39624,2,6,0.52,0
organic_search,retail,student,asia,,3,6,0.62,0
paid_ads,healthcare,employed,south_america,71793,2,6,0.62,1
organic_search,technology,employed,south_america,90346,3,9,0.82,1
organic_search,finance,employed,north_america,75489,3,8,0.71,1
social_media,finance,employed,europe,62277,2,5,0.54,1
,manufacturing,employed,,71878,2,7,0.61,1
referral,finance,employed,europe,63082,2,8,0.81,1
social_media,finance,student,asia,66539,0,5,0.41,0
referral,retail,employed,europe,50395,2,3,0.44,0
paid_ads,healthcare,student,north_america,17458,3,5,0.54,1
paid_ads,finance,employed,asia,65980,2,3,0.37,1
paid_ads,technology,employed,europe,78766,1,2,0.27,0
organic_search,finance,employed,europe,78442,4,8,0.73,1
organic_search,retail,student,north_america,12000,3,7,0.73,1
referral,finance,unemployed,south_america,33425,3,6,0.64,1
organic_search,,employed,asia,39792,3,7,0.7,1
organic_search,retail,,europe,59672,2,4,0.54,1
social_media,finance,employed,north_america,77169,2,3,0.48,0
social_media,education,employed,,47756,3,5,0.58,1
organic_search,manufacturing,employed,,65099,1,4,0.53,1
,retail,employed,north_america,56302,4,8,0.72,1
social_media,manufacturing,employed,asia,57758,3,7,0.63,1
paid_ads,retail,employed,north_america,57062,0,0,0.12,0
referral,retail,employed,north_america,41804,2,4,0.52,0
social_media,,student,north_america,,2,4,0.43,1
social_media,healthcare,employed,asia,62107,3,7,0.74,1
organic_search,finance,employed,asia,69602,3,7,0.64,0
social_media,education,employed,europe,38131,4,3,0.41,0
organic_search,manufacturing,employed,europe,57647,2,2,0.32,0
referral,,student,africa,,2,3,0.46,0
organic_search,manufacturing,employed,south_america,39390,4,9,0.76,1
organic_search,technology,employed,africa,70920,4,9,0.76,0
events,education,student,north_america,36282,1,4,0.44,1
organic_search,technology,employed,asia,74433,2,7,0.68,0
organic_search,retail,self_employed,europe,46211,4,7,0.82,1
events,retail,employed,europe,41609,0,1,0.1,0
events,technology,unemployed,north_america,,1,4,0.38,1
social_media,technology,employed,europe,75698,2,5,0.5,1
referral,technology,employed,europe,80723,4,7,0.8,1
organic_search,retail,student,europe,12000,1,3,0.23,1
events,healthcare,unemployed,europe,24230,2,2,0.36,1
paid_ads,healthcare,student,north_america,43566,2,5,0.49,0
organic_search,finance,employed,europe,91224,2,9,0.84,1
paid_ads,healthcare,self_employed,north_america,68982,1,2,0.32,1
referral,finance,self_employed,africa,61061,4,9,0.86,1
social_media,education,student,europe,19276,1,7,0.55,0
organic_search,retail,unemployed,asia,12000,0,5,0.43,1
events,manufacturing,,europe,32146,0,0,0.18,0
paid_ads,technology,employed,asia,80198,5,9,0.91,1
events,education,employed,north_america,50432,3,7,0.56,1
organic_search,technology,self_employed,north_america,81407,3,5,0.62,1
organic_search,finance,employed,europe,89832,1,4,0.48,1
referral,technology,employed,asia,80706,2,5,0.6,0
events,finance,self_employed,asia,78452,2,5,0.5,1
organic_search,,employed,asia,64915,4,9,0.84,1
social_media,retail,student,europe,13146,3,5,0.59,1
paid_ads,finance,employed,north_america,77875,2,6,0.53,1
paid_ads,manufacturing,student,north_america,,1,2,0.24,0
referral,education,student,north_america,,1,4,0.36,1
paid_ads,retail,student,europe,,2,4,0.32,1
organic_search,healthcare,employed,south_america,62418,3,3,0.45,1
social_media,finance,self_employed,europe,69224,3,4,0.53,0
paid_ads,technology,employed,north_america,80195,3,3,0.47,0
organic_search,retail,student,,,1,3,0.36,0
paid_ads,healthcare,employed,europe,64561,1,2,0.24,1
organic_search,education,self_employed,africa,22280,3,6,0.66,0
social_media,healthcare,employed,north_america,67614,3,5,0.53,0
,manufacturing,self_employed,north_america,60251,4,8,0.75,1
organic_search,technology,student,north_america,,2,5,0.47,1
social_media,manufacturing,employed,europe,70761,3,4,0.55,1
organic_search,technology,employed,north_america,76885,2,4,0.52,0
organic_search,manufacturing,student,north_america,28679,2,3,0.38,0
events,finance,unemployed,south_america,46323,0,4,,0
organic_search,healthcare,employed,africa,56837,3,7,0.78,1
social_media,technology,employed,north_america,92695,1,2,0.3,1
organic_search,manufacturing,self_employed,asia,45817,2,3,0.41,0
social_media,finance,employed,north_america,76398,3,7,0.66,1
events,,student,africa,,2,4,0.41,1
paid_ads,technology,employed,asia,83503,2,1,0.44,1
referral,manufacturing,student,europe,14120,4,7,0.73,1
social_media,healthcare,,africa,53711,3,5,0.56,1
organic_search,technology,student,africa,45040,1,3,0.35,0
social_media,,employed,africa,66415,1,2,0.38,0
events,manufacturing,employed,asia,50649,1,1,0.24,0
paid_ads,manufacturing,employed,europe,70329,3,4,0.45,0
paid_ads,technology,employed,africa,72083,2,6,0.5,0
organic_search,manufacturing,unemployed,europe,,2,3,0.43,0
organic_search,finance,employed,south_america,77662,4,6,0.73,1
organic_search,healthcare,employed,europe,56379,1,2,0.35,1
events,healthcare,employed,north_america,66995,2,6,0.52,1
referral,technology,employed,europe,79131,4,6,0.79,1
social_media,technology,employed,north_america,86722,2,4,0.57,0
events,technology,student,south_america,56815,1,2,0.31,0
social_media,manufacturing,employed,south_america,51683,2,1,0.27,0
events,technology,employed,asia,75786,4,7,0.73,1
paid_ads,finance,employed,north_america,73184,2,5,0.55,1
organic_search,healthcare,student,south_america,34378,4,6,0.69,0
organic_search,education,employed,north_america,44794,1,1,0.17,0
organic_search,retail,employed,asia,49459,2,6,0.58,1
social_media,,employed,asia,73389,4,6,0.62,1
paid_ads,finance,employed,asia,73042,1,0,0.16,0
paid_ads,technology,unemployed,south_america,55785,2,1,0.15,0
paid_ads,manufacturing,unemployed,north_america,,3,7,0.56,1
paid_ads,healthcare,self_employed,asia,56756,3,5,0.46,1
social_media,education,student,north_america,,2,5,0.52,1
organic_search,technology,student,south_america,46033,3,4,0.49,0
,manufacturing,employed,south_america,45658,1,2,0.33,0
paid_ads,technology,unemployed,north_america,,1,3,0.38,0
social_media,manufacturing,employed,north_america,67265,0,5,0.41,0
organic_search,finance,employed,south_america,72157,3,4,0.46,0
organic_search,technology,unemployed,europe,66084,1,4,0.47,1
social_media,education,unemployed,north_america,12000,2,3,0.4,0
paid_ads,education,self_employed,africa,43096,2,6,0.58,1
organic_search,manufacturing,employed,south_america,38579,0,1,0.16,0
referral,technology,employed,north_america,88926,1,4,0.69,0
referral,finance,employed,europe,70235,3,6,0.73,1
referral,healthcare,student,europe,37568,2,5,0.55,1
paid_ads,retail,self_employed,south_america,42433,1,7,0.49,1
organic_search,,student,africa,53444,0,0,0.17,0
referral,technology,employed,europe,81566,2,8,0.76,1
paid_ads,technology,employed,south_america,73302,2,5,0.44,0
events,manufacturing,employed,asia,62351,3,5,0.57,1
organic_search,finance,student,asia,35804,0,3,0.41,0
referral,education,unemployed,south_america,12000,2,5,0.52,1
organic_search,technology,employed,europe,80656,1,4,0.46,1
organic_search,manufacturing,employed,europe,34504,2,2,0.32,1
paid_ads,,,asia,39299,0,1,0.16,1
,healthcare,unemployed,north_america,,2,3,0.48,1
paid_ads,retail,employed,,43971,1,3,0.22,0
paid_ads,retail,employed,north_america,54025,1,5,0.45,0
organic_search,healthcare,unemployed,asia,42011,2,3,0.45,1
organic_search,healthcare,employed,north_america,69011,4,6,0.66,1
events,technology,,north_america,38814,1,2,0.2,0
paid_ads,retail,employed,south_america,31552,2,5,0.41,1
paid_ads,retail,employed,africa,31722,0,0,0.01,0
events,technology,employed,south_america,76401,2,5,0.55,1
paid_ads,education,employed,asia,33071,2,4,0.47,0
organic_search,education,employed,north_america,55232,1,5,0.41,0
events,retail,employed,europe,42346,1,1,0.25,0
paid_ads,finance,student,europe,54013,1,3,0.44,0
referral,retail,unemployed,asia,12000,1,4,0.42,1
organic_search,finance,unemployed,north_america,45093,1,4,0.5,1
organic_search,healthcare,employed,europe,67389,3,4,0.58,1
events,technology,self_employed,africa,67519,4,7,0.67,0
events,retail,employed,europe,48440,2,4,0.43,0
paid_ads,finance,unemployed,europe,50973,1,0,0.16,0
social_media,technology,unemployed,africa,,0,0,0.1,0
social_media,technology,employed,north_america,90308,0,1,0.25,1
events,healthcare,employed,europe,53334,2,0,0.23,0
referral,education,student,south_america,12000,2,6,0.65,1
organic_search,retail,employed,north_america,33525,4,4,0.52,1
,healthcare,employed,asia,59955,0,1,0.22,0
paid_ads,retail,employed,europe,37706,2,4,0.39,1
organic_search,education,self_employed,europe,33918,2,7,0.69,1
organic_search,technology,employed,asia,72994,3,4,0.54,1
referral,retail,student,asia,12000,4,3,0.49,1
events,healthcare,employed,asia,47468,2,2,0.42,0
paid_ads,education,,asia,41124,0,0,0.2,0
organic_search,technology,employed,asia,62087,3,7,0.63,1
,manufacturing,employed,south_america,59745,2,4,0.42,1
referral,retail,unemployed,south_america,,1,5,0.51,1
social_media,finance,employed,europe,60354,3,9,0.75,1
organic_search,technology,employed,europe,76671,3,5,0.58,1
referral,healthcare,student,north_america,27846,3,8,0.7,0
social_media,finance,self_employed,south_america,82919,1,4,0.48,0
organic_search,retail,employed,europe,55336,2,7,0.59,1
organic_search,technology,student,north_america,47521,3,5,0.58,1
events,healthcare,unemployed,north_america,59683,0,3,0.25,0
events,retail,student,europe,22119,0,0,0.01,0
referral,finance,unemployed,europe,64024,2,5,0.62,1
social_media,technology,self_employed,,82349,2,4,0.46,0
paid_ads,technology,employed,south_america,67385,3,4,0.48,0
social_media,finance,employed,africa,69407,1,1,0.17,0
referral,retail,employed,asia,33607,4,11,0.99,1
organic_search,education,employed,north_america,46651,4,6,0.66,1
social_media,education,unemployed,europe,,2,6,0.56,1
organic_search,education,student,asia,12000,4,9,0.88,1
referral,technology,self_employed,europe,66575,3,5,0.59,1
events,retail,employed,europe,55061,2,4,0.52,0
organic_search,technology,employed,europe,79603,2,4,0.51,1
social_media,technology,employed,north_america,87235,1,1,0.25,1
organic_search,healthcare,employed,africa,53957,3,6,0.55,1
social_media,technology,employed,africa,62166,3,6,0.61,1
referral,education,unemployed,asia,,1,5,0.52,0
paid_ads,finance,employed,south_america,88145,4,5,0.57,1
paid_ads,retail,employed,africa,45120,3,5,0.52,1
referral,technology,employed,asia,83454,2,5,0.68,1
social_media,manufacturing,unemployed,north_america,39950,0,0,0.17,0
paid_ads,finance,self_employed,north_america,78502,2,4,0.47,0
paid_ads,technology,employed,north_america,82808,3,4,0.47,0
referral,education,student,north_america,12000,2,5,0.55,1
events,education,employed,north_america,42302,0,0,0.14,1
organic_search,education,employed,europe,59915,3,7,0.72,1
paid_ads,technology,employed,north_america,87854,2,4,0.52,1
referral,healthcare,employed,asia,59118,4,8,0.88,1
organic_search,finance,unemployed,asia,42690,2,2,0.27,1
events,education,employed,,57292,1,2,0.25,0
events,technology,employed,north_america,97443,3,4,0.57,1
events,finance,employed,europe,72673,3,3,,1
social_media,education,employed,north_america,56715,3,2,0.33,1
paid_ads,education,employed,north_america,52189,3,2,0.43,0
organic_search,technology,student,africa,34623,3,6,0.58,1
organic_search,education,employed,south_america,43879,3,5,0.49,1
organic_search,manufacturing,,south_america,12000,1,3,0.35,0
paid_ads,finance,employed,africa,72605,1,2,0.35,0
organic_search,finance,unemployed,,47745,2,5,0.55,0
referral,healthcare,employed,europe,59760,3,5,0.65,1
organic_search,education,employed,europe,42352,2,4,0.55,1
paid_ads,technology,employed,africa,86753,3,2,0.37,0
organic_search,healthcare,employed,north_america,77994,2,6,0.66,1
referral,education,employed,europe,62700,2,5,0.55,1
events,technology,employed,north_america,96209,2,4,0.47,1
paid_ads,manufacturing,employed,africa,41764,2,5,0.44,1
events,technology,employed,asia,70022,1,2,0.34,1
referral,education,unemployed,south_america,12000,2,2,0.38,0
referral,technology,employed,south_america,72881,2,4,0.54,1
paid_ads,retail,student,north_america,,1,1,0.23,1
organic_search,finance,employed,north_america,84157,2,2,0.36,1
paid_ads,finance,employed,north_america,80254,3,8,0.63,1
paid_ads,manufacturing,employed,africa,52015,2,4,0.45,0
paid_ads,technology,employed,asia,67276,3,5,0.57,1
paid_ads,healthcare,unemployed,europe,39799,1,3,0.34,0
social_media,retail,student,asia,12000,1,1,0.15,1
paid_ads,retail,self_employed,africa,30998,2,3,0.35,1
referral,,student,south_america,28648,2,4,0.48,1
social_media,technology,employed,africa,82595,2,3,0.31,0
referral,manufacturing,employed,north_america,65135,4,7,0.75,1
social_media,technology,employed,north_america,85455,3,7,0.71,1
events,education,employed,asia,52639,1,3,0.43,0
referral,retail,self_employed,north_america,38382,2,6,0.59,0
organic_search,technology,unemployed,europe,60357,2,4,0.47,0
social_media,technology,employed,africa,59362,1,5,0.56,1
referral,retail,self_employed,north_america,59298,1,3,0.46,1
paid_ads,healthcare,unemployed,north_america,,0,0,0.01,0
events,education,employed,asia,37816,1,1,0.23,0
paid_ads,education,self_employed,north_america,54513,3,4,0.36,0
organic_search,finance,self_employed,africa,51076,1,5,0.55,0
events,finance,self_employed,north_america,74461,0,0,0.08,0
social_media,finance,student,,29079,2,5,0.55,1
organic_search,manufacturing,self_employed,north_america,59210,2,8,0.76,1
referral,finance,employed,europe,81686,2,5,0.5,1
referral,education,employed,south_america,35359,3,7,0.69,1
events,technology,self_employed,asia,85505,0,1,0.16,0
paid_ads,manufacturing,employed,europe,58642,2,4,0.35,0
paid_ads,technology,employed,europe,95577,2,4,0.43,0
paid_ads,manufacturing,,south_america,46400,3,6,0.55,1
social_media,education,employed,europe,38874,1,4,0.37,1
paid_ads,technology,unemployed,asia,44493,1,6,0.54,0
paid_ads,education,employed,asia,46672,2,4,0.55,0
organic_search,finance,self_employed,south_america,78153,1,6,0.58,1
social_media,manufacturing,employed,asia,61819,3,5,0.53,0
social_media,healthcare,self_employed,europe,49217,3,6,0.7,1
paid_ads,technology,employed,,81838,1,1,0.23,0
paid_ads,technology,employed,europe,89519,2,3,0.46,0
,healthcare,employed,north_america,69400,4,6,0.64,1
referral,education,student,europe,12000,1,4,0.45,1
paid_ads,finance,employed,south_america,80887,2,5,0.45,1
organic_search,manufacturing,unemployed,north_america,42238,1,1,0.23,1
referral,healthcare,unemployed,south_america,45177,2,1,0.36,0
referral,technology,employed,europe,78483,3,8,0.93,1
referral,manufacturing,student,north_america,28336,2,4,0.44,1
referral,,employed,africa,30505,3,8,0.69,1
paid_ads,technology,unemployed,europe,54316,1,1,0.19,0
paid_ads,retail,self_employed,europe,58426,3,6,0.57,1
social_media,technology,student,europe,,2,0,0.29,0
organic_search,education,employed,europe,32622,2,6,0.48,1
paid_ads,finance,student,asia,38383,4,6,0.5,0
social_media,education,employed,europe,62753,4,8,0.66,0
organic_search,technology,employed,north_america,85101,1,3,0.39,1
events,retail,employed,south_america,41761,2,6,0.54,0
social_media,manufacturing,employed,europe,45853,5,12,0.99,1
paid_ads,finance,unemployed,europe,55915,3,2,0.3,0
events,education,student,north_america,27234,0,1,0.11,0
social_media,finance,employed,europe,79353,2,5,0.54,1
,healthcare,employed,south_america,60167,3,5,0.62,1
paid_ads,healthcare,self_employed,north_america,58027,1,3,0.37,0
paid_ads,finance,employed,north_america,86224,1,4,0.46,1
organic_search,technology,employed,europe,73634,3,6,0.66,0
organic_search,healthcare,student,north_america,,0,2,0.27,0
events,retail,employed,asia,42256,2,4,0.47,1
social_media,retail,employed,asia,52307,3,5,0.61,0
events,finance,employed,europe,84933,3,6,0.58,1
social_media,retail,employed,africa,53916,3,7,0.67,1
social_media,healthcare,employed,south_america,62481,1,0,0.18,0
social_media,finance,self_employed,south_america,60727,2,3,0.42,1
organic_search,finance,student,europe,54291,2,1,0.35,0
organic_search,finance,student,south_america,,4,7,0.74,1
events,retail,student,europe,24748,3,6,0.6,1
organic_search,healthcare,employed,north_america,85917,3,5,0.69,1
organic_search,finance,employed,europe,67710,3,5,0.64,1
paid_ads,retail,employed,north_america,45529,2,4,0.33,1
events,healthcare,self_employed,north_america,66834,2,2,0.4,0
referral,retail,student,europe,,2,4,0.54,0
social_media,retail,employed,south_america,49416,2,1,0.21,1
organic_search,manufacturing,student,north_america,,1,4,0.31,0
referral,technology,student,africa,43892,3,7,0.7,1
events,,employed,europe,85836,2,2,0.38,0
paid_ads,retail,self_employed,north_america,56655,3,6,0.6,1
organic_search,healthcare,unemployed,south_america,31691,3,5,0.49,1
organic_search,technology,self_employed,asia,70065,2,3,0.5,0
referral,finance,employed,north_america,75940,3,5,0.64,1
paid_ads,retail,unemployed,north_america,28810,1,1,0.1,1
organic_search,manufacturing,self_employed,asia,39984,3,8,0.75,1
organic_search,education,employed,asia,45834,2,2,0.37,1
,technology,employed,north_america,84831,2,5,0.51,0
organic_search,finance,employed,asia,53636,4,6,0.75,1
referral,technology,employed,africa,69430,4,8,0.79,1
referral,technology,employed,europe,81355,6,11,0.99,1
